==========================================
AMPcombi macrel backfill
Job started on Thu Sep  3 02:48:36 CEST 2026
Bacass OUTDIR:   /work3/josne/Projects/Vibrio_Galathea3/vibrio_seq/Bacass_results_merged
Funcscan OUTDIR: /work3/josne/Projects/Vibrio_Galathea3/vibrio_seq/funcscan_results_merged
Corrected output: /work3/josne/Projects/Vibrio_Galathea3/vibrio_seq/funcscan_results_merged/reports/ampcombi2_corrected
Samples found: 301
CPUs: 4
==========================================

=== Sample 1/301: S0204 ===

 $$$$$$\  $$\      $$\ $$$$$$$\                                    $$\       $$\|
$$  __$$\ $$$\    $$$ |$$  __$$\                                   $$ |      \__|
$ /   $$ |$$$$\  $$$$ |$$ |  $$ | $$$$$$$\  $$$$$$\  $$$$$$\$$$$\  $$$$$$$\  $$\ 
$$$$$$$$ |$$\$$\$$ $$ |$$$$$$$  |$$  _____|$$  __$$\ $$  _$$  _$$\ $$  __$$\ $$ |
$$  __$$ |$$ \$$$  $$ |$$  ____/ $$ /      $$ /  $$ |$$ / $$ / $$ |$$ |  $$ |$$ |
$$ |  $$ |$$ |\$  /$$ |$$ |      $$ |      $$ |  $$ |$$ | $$ | $$ |$$ |  $$ |$$ |
$$ |  $$ |$$ | \_/ $$ |$$ |      \$$$$$$$\ \$$$$$$  |$$ | $$ | $$ |$$$$$$$  |$$ |
\__|  \__|\__|     \__|\__|       \_______| \______/ \__| \__| \__|\_______/ \__|

<--AMP_database> = /work3/josne/github/bacass/assets/databases/amp_DRAMP_database is found and will be used
MMseqs2 directory already exists in /work3/josne/github/bacass/assets/databases/amp_DRAMP_database.

 ########################################################## 
Processing AMP-files from sample: S0204
found macrel file
found ampir file
found amplify file
No InterproScan files were provided. Workflow continuing ....
The fasta containing AMP sequences for S0204 was saved to S0204/ 

The mmseqs alignment for S0204 in progress ....
No AMP hits for S0204 were successfully aligned to the reference database. Consider changing the database.
The mmseqs alignment for S0204 was saved to S0204/.
Estimating functional and structural properties for S0204 ....
Parsing the corresponding gene bank file for S0204 ....
writing S0204_contig_1.gbk
writing S0204_contig_1.gbk
writing S0204_contig_1.gbk
writing S0204_contig_1.gbk
writing S0204_contig_1.gbk
writing S0204_contig_1.gbk
writing S0204_contig_1.gbk
writing S0204_contig_1.gbk
writing S0204_contig_2.gbk
writing S0204_contig_2.gbk
writing S0204_contig_3.gbk
writing S0204_contig_4.gbk
writing S0204_contig_4.gbk
writing S0204_contig_6.gbk
writing S0204_contig_6.gbk
writing S0204_contig_6.gbk
writing S0204_contig_6.gbk
writing S0204_contig_6.gbk
writing S0204_contig_7.gbk
writing S0204_contig_7.gbk
writing S0204_contig_7.gbk
writing S0204_contig_10.gbk
writing S0204_contig_11.gbk
writing S0204_contig_18.gbk
writing S0204_contig_18.gbk
writing S0204_contig_18.gbk
writing S0204_contig_21.gbk
writing S0204_contig_25.gbk
writing S0204_contig_29.gbk
The summary file for S0204 was saved to S0204/S0204.tsv.
Success: 'ampcombi parse_tables' completed successfully ! Now run ampcombi complete !

=== Sample 2/301: S0205 ===

 $$$$$$\  $$\      $$\ $$$$$$$\                                    $$\       $$\|
$$  __$$\ $$$\    $$$ |$$  __$$\                                   $$ |      \__|
$ /   $$ |$$$$\  $$$$ |$$ |  $$ | $$$$$$$\  $$$$$$\  $$$$$$\$$$$\  $$$$$$$\  $$\ 
$$$$$$$$ |$$\$$\$$ $$ |$$$$$$$  |$$  _____|$$  __$$\ $$  _$$  _$$\ $$  __$$\ $$ |
$$  __$$ |$$ \$$$  $$ |$$  ____/ $$ /      $$ /  $$ |$$ / $$ / $$ |$$ |  $$ |$$ |
$$ |  $$ |$$ |\$  /$$ |$$ |      $$ |      $$ |  $$ |$$ | $$ | $$ |$$ |  $$ |$$ |
$$ |  $$ |$$ | \_/ $$ |$$ |      \$$$$$$$\ \$$$$$$  |$$ | $$ | $$ |$$$$$$$  |$$ |
\__|  \__|\__|     \__|\__|       \_______| \______/ \__| \__| \__|\_______/ \__|

<--AMP_database> = /work3/josne/github/bacass/assets/databases/amp_DRAMP_database is found and will be used
MMseqs2 directory already exists in /work3/josne/github/bacass/assets/databases/amp_DRAMP_database.

 ########################################################## 
Processing AMP-files from sample: S0205
found macrel file
found ampir file
found amplify file
No InterproScan files were provided. Workflow continuing ....
The fasta containing AMP sequences for S0205 was saved to S0205/ 

The mmseqs alignment for S0205 in progress ....
No AMP hits for S0205 were successfully aligned to the reference database. Consider changing the database.
The mmseqs alignment for S0205 was saved to S0205/.
Estimating functional and structural properties for S0205 ....
Parsing the corresponding gene bank file for S0205 ....
writing S0205_contig_1.gbk
writing S0205_contig_1.gbk
writing S0205_contig_1.gbk
writing S0205_contig_2.gbk
writing S0205_contig_2.gbk
writing S0205_contig_3.gbk
writing S0205_contig_3.gbk
writing S0205_contig_3.gbk
writing S0205_contig_3.gbk
writing S0205_contig_3.gbk
writing S0205_contig_3.gbk
writing S0205_contig_3.gbk
writing S0205_contig_3.gbk
writing S0205_contig_4.gbk
writing S0205_contig_5.gbk
writing S0205_contig_5.gbk
writing S0205_contig_6.gbk
writing S0205_contig_6.gbk
writing S0205_contig_6.gbk
writing S0205_contig_8.gbk
writing S0205_contig_8.gbk
writing S0205_contig_10.gbk
writing S0205_contig_11.gbk
writing S0205_contig_13.gbk
writing S0205_contig_14.gbk
writing S0205_contig_18.gbk
writing S0205_contig_25.gbk
The summary file for S0205 was saved to S0205/S0205.tsv.
Success: 'ampcombi parse_tables' completed successfully ! Now run ampcombi complete !

=== Sample 3/301: S0209 ===

 $$$$$$\  $$\      $$\ $$$$$$$\                                    $$\       $$\|
$$  __$$\ $$$\    $$$ |$$  __$$\                                   $$ |      \__|
$ /   $$ |$$$$\  $$$$ |$$ |  $$ | $$$$$$$\  $$$$$$\  $$$$$$\$$$$\  $$$$$$$\  $$\ 
$$$$$$$$ |$$\$$\$$ $$ |$$$$$$$  |$$  _____|$$  __$$\ $$  _$$  _$$\ $$  __$$\ $$ |
$$  __$$ |$$ \$$$  $$ |$$  ____/ $$ /      $$ /  $$ |$$ / $$ / $$ |$$ |  $$ |$$ |
$$ |  $$ |$$ |\$  /$$ |$$ |      $$ |      $$ |  $$ |$$ | $$ | $$ |$$ |  $$ |$$ |
$$ |  $$ |$$ | \_/ $$ |$$ |      \$$$$$$$\ \$$$$$$  |$$ | $$ | $$ |$$$$$$$  |$$ |
\__|  \__|\__|     \__|\__|       \_______| \______/ \__| \__| \__|\_______/ \__|

<--AMP_database> = /work3/josne/github/bacass/assets/databases/amp_DRAMP_database is found and will be used
MMseqs2 directory already exists in /work3/josne/github/bacass/assets/databases/amp_DRAMP_database.

 ########################################################## 
Processing AMP-files from sample: S0209
found macrel file
found ampir file
found amplify file
No InterproScan files were provided. Workflow continuing ....
The fasta containing AMP sequences for S0209 was saved to S0209/ 

The mmseqs alignment for S0209 in progress ....
No AMP hits for S0209 were successfully aligned to the reference database. Consider changing the database.
The mmseqs alignment for S0209 was saved to S0209/.
Estimating functional and structural properties for S0209 ....
Parsing the corresponding gene bank file for S0209 ....
writing S0209_contig_3.gbk
writing S0209_contig_4.gbk
writing S0209_contig_4.gbk
writing S0209_contig_5.gbk
writing S0209_contig_6.gbk
writing S0209_contig_6.gbk
writing S0209_contig_6.gbk
writing S0209_contig_7.gbk
writing S0209_contig_9.gbk
writing S0209_contig_10.gbk
writing S0209_contig_11.gbk
writing S0209_contig_14.gbk
writing S0209_contig_15.gbk
writing S0209_contig_16.gbk
writing S0209_contig_16.gbk
writing S0209_contig_16.gbk
writing S0209_contig_17.gbk
writing S0209_contig_18.gbk
writing S0209_contig_19.gbk
writing S0209_contig_26.gbk
writing S0209_contig_26.gbk
writing S0209_contig_26.gbk
writing S0209_contig_26.gbk
writing S0209_contig_28.gbk
writing S0209_contig_29.gbk
writing S0209_contig_29.gbk
writing S0209_contig_38.gbk
writing S0209_contig_44.gbk
writing S0209_contig_46.gbk
writing S0209_contig_48.gbk
writing S0209_contig_50.gbk
writing S0209_contig_58.gbk
writing S0209_contig_103.gbk
The summary file for S0209 was saved to S0209/S0209.tsv.
Success: 'ampcombi parse_tables' completed successfully ! Now run ampcombi complete !

=== Sample 4/301: S0273 ===

 $$$$$$\  $$\      $$\ $$$$$$$\                                    $$\       $$\|
$$  __$$\ $$$\    $$$ |$$  __$$\                                   $$ |      \__|
$ /   $$ |$$$$\  $$$$ |$$ |  $$ | $$$$$$$\  $$$$$$\  $$$$$$\$$$$\  $$$$$$$\  $$\ 
$$$$$$$$ |$$\$$\$$ $$ |$$$$$$$  |$$  _____|$$  __$$\ $$  _$$  _$$\ $$  __$$\ $$ |
$$  __$$ |$$ \$$$  $$ |$$  ____/ $$ /      $$ /  $$ |$$ / $$ / $$ |$$ |  $$ |$$ |
$$ |  $$ |$$ |\$  /$$ |$$ |      $$ |      $$ |  $$ |$$ | $$ | $$ |$$ |  $$ |$$ |
$$ |  $$ |$$ | \_/ $$ |$$ |      \$$$$$$$\ \$$$$$$  |$$ | $$ | $$ |$$$$$$$  |$$ |
\__|  \__|\__|     \__|\__|       \_______| \______/ \__| \__| \__|\_______/ \__|

<--AMP_database> = /work3/josne/github/bacass/assets/databases/amp_DRAMP_database is found and will be used
MMseqs2 directory already exists in /work3/josne/github/bacass/assets/databases/amp_DRAMP_database.

 ########################################################## 
Processing AMP-files from sample: S0273
found macrel file
found ampir file
found amplify file
No InterproScan files were provided. Workflow continuing ....
The fasta containing AMP sequences for S0273 was saved to S0273/ 

The mmseqs alignment for S0273 in progress ....
No AMP hits for S0273 were successfully aligned to the reference database. Consider changing the database.
The mmseqs alignment for S0273 was saved to S0273/.
Estimating functional and structural properties for S0273 ....
Parsing the corresponding gene bank file for S0273 ....
writing S0273_contig_3.gbk
writing S0273_contig_4.gbk
writing S0273_contig_5.gbk
writing S0273_contig_5.gbk
writing S0273_contig_6.gbk
writing S0273_contig_8.gbk
writing S0273_contig_9.gbk
writing S0273_contig_9.gbk
writing S0273_contig_10.gbk
writing S0273_contig_12.gbk
writing S0273_contig_14.gbk
writing S0273_contig_16.gbk
writing S0273_contig_16.gbk
writing S0273_contig_17.gbk
writing S0273_contig_18.gbk
writing S0273_contig_18.gbk
writing S0273_contig_18.gbk
writing S0273_contig_19.gbk
writing S0273_contig_20.gbk
writing S0273_contig_28.gbk
writing S0273_contig_28.gbk
writing S0273_contig_37.gbk
writing S0273_contig_39.gbk
writing S0273_contig_43.gbk
writing S0273_contig_45.gbk
writing S0273_contig_47.gbk
writing S0273_contig_49.gbk
writing S0273_contig_49.gbk
writing S0273_contig_49.gbk
writing S0273_contig_49.gbk
writing S0273_contig_54.gbk
writing S0273_contig_88.gbk
The summary file for S0273 was saved to S0273/S0273.tsv.
Success: 'ampcombi parse_tables' completed successfully ! Now run ampcombi complete !

=== Sample 5/301: S0276 ===

 $$$$$$\  $$\      $$\ $$$$$$$\                                    $$\       $$\|
$$  __$$\ $$$\    $$$ |$$  __$$\                                   $$ |      \__|
$ /   $$ |$$$$\  $$$$ |$$ |  $$ | $$$$$$$\  $$$$$$\  $$$$$$\$$$$\  $$$$$$$\  $$\ 
$$$$$$$$ |$$\$$\$$ $$ |$$$$$$$  |$$  _____|$$  __$$\ $$  _$$  _$$\ $$  __$$\ $$ |
$$  __$$ |$$ \$$$  $$ |$$  ____/ $$ /      $$ /  $$ |$$ / $$ / $$ |$$ |  $$ |$$ |
$$ |  $$ |$$ |\$  /$$ |$$ |      $$ |      $$ |  $$ |$$ | $$ | $$ |$$ |  $$ |$$ |
$$ |  $$ |$$ | \_/ $$ |$$ |      \$$$$$$$\ \$$$$$$  |$$ | $$ | $$ |$$$$$$$  |$$ |
\__|  \__|\__|     \__|\__|       \_______| \______/ \__| \__| \__|\_______/ \__|

<--AMP_database> = /work3/josne/github/bacass/assets/databases/amp_DRAMP_database is found and will be used
MMseqs2 directory already exists in /work3/josne/github/bacass/assets/databases/amp_DRAMP_database.

 ########################################################## 
Processing AMP-files from sample: S0276
found macrel file
found ampir file
found amplify file
No InterproScan files were provided. Workflow continuing ....
The fasta containing AMP sequences for S0276 was saved to S0276/ 

The mmseqs alignment for S0276 in progress ....
No AMP hits for S0276 were successfully aligned to the reference database. Consider changing the database.
The mmseqs alignment for S0276 was saved to S0276/.
Estimating functional and structural properties for S0276 ....
Parsing the corresponding gene bank file for S0276 ....
writing S0276_contig_1.gbk
writing S0276_contig_1.gbk
writing S0276_contig_1.gbk
writing S0276_contig_1.gbk
writing S0276_contig_1.gbk
writing S0276_contig_1.gbk
writing S0276_contig_1.gbk
writing S0276_contig_1.gbk
writing S0276_contig_1.gbk
writing S0276_contig_3.gbk
writing S0276_contig_3.gbk
writing S0276_contig_3.gbk
writing S0276_contig_4.gbk
writing S0276_contig_4.gbk
writing S0276_contig_4.gbk
writing S0276_contig_4.gbk
writing S0276_contig_4.gbk
writing S0276_contig_5.gbk
writing S0276_contig_5.gbk
writing S0276_contig_6.gbk
writing S0276_contig_9.gbk
writing S0276_contig_9.gbk
writing S0276_contig_9.gbk
writing S0276_contig_11.gbk
writing S0276_contig_11.gbk
writing S0276_contig_12.gbk
writing S0276_contig_12.gbk
writing S0276_contig_12.gbk
writing S0276_contig_12.gbk
writing S0276_contig_12.gbk
writing S0276_contig_13.gbk
writing S0276_contig_14.gbk
writing S0276_contig_15.gbk
writing S0276_contig_16.gbk
The summary file for S0276 was saved to S0276/S0276.tsv.
Success: 'ampcombi parse_tables' completed successfully ! Now run ampcombi complete !

=== Sample 6/301: S0278 ===

 $$$$$$\  $$\      $$\ $$$$$$$\                                    $$\       $$\|
$$  __$$\ $$$\    $$$ |$$  __$$\                                   $$ |      \__|
$ /   $$ |$$$$\  $$$$ |$$ |  $$ | $$$$$$$\  $$$$$$\  $$$$$$\$$$$\  $$$$$$$\  $$\ 
$$$$$$$$ |$$\$$\$$ $$ |$$$$$$$  |$$  _____|$$  __$$\ $$  _$$  _$$\ $$  __$$\ $$ |
$$  __$$ |$$ \$$$  $$ |$$  ____/ $$ /      $$ /  $$ |$$ / $$ / $$ |$$ |  $$ |$$ |
$$ |  $$ |$$ |\$  /$$ |$$ |      $$ |      $$ |  $$ |$$ | $$ | $$ |$$ |  $$ |$$ |
$$ |  $$ |$$ | \_/ $$ |$$ |      \$$$$$$$\ \$$$$$$  |$$ | $$ | $$ |$$$$$$$  |$$ |
\__|  \__|\__|     \__|\__|       \_______| \______/ \__| \__| \__|\_______/ \__|

<--AMP_database> = /work3/josne/github/bacass/assets/databases/amp_DRAMP_database is found and will be used
MMseqs2 directory already exists in /work3/josne/github/bacass/assets/databases/amp_DRAMP_database.

 ########################################################## 
Processing AMP-files from sample: S0278
found macrel file
found ampir file
found amplify file
No InterproScan files were provided. Workflow continuing ....
The fasta containing AMP sequences for S0278 was saved to S0278/ 

The mmseqs alignment for S0278 in progress ....
No AMP hits for S0278 were successfully aligned to the reference database. Consider changing the database.
The mmseqs alignment for S0278 was saved to S0278/.
Estimating functional and structural properties for S0278 ....
Parsing the corresponding gene bank file for S0278 ....
writing S0278_contig_1.gbk
writing S0278_contig_3.gbk
writing S0278_contig_3.gbk
writing S0278_contig_3.gbk
writing S0278_contig_3.gbk
writing S0278_contig_5.gbk
writing S0278_contig_6.gbk
writing S0278_contig_7.gbk
writing S0278_contig_7.gbk
writing S0278_contig_9.gbk
writing S0278_contig_9.gbk
writing S0278_contig_10.gbk
writing S0278_contig_11.gbk
writing S0278_contig_12.gbk
writing S0278_contig_12.gbk
writing S0278_contig_14.gbk
writing S0278_contig_14.gbk
writing S0278_contig_16.gbk
writing S0278_contig_17.gbk
writing S0278_contig_17.gbk
writing S0278_contig_17.gbk
writing S0278_contig_18.gbk
writing S0278_contig_23.gbk
writing S0278_contig_26.gbk
writing S0278_contig_28.gbk
writing S0278_contig_38.gbk
writing S0278_contig_40.gbk
writing S0278_contig_50.gbk
writing S0278_contig_90.gbk
The summary file for S0278 was saved to S0278/S0278.tsv.
Success: 'ampcombi parse_tables' completed successfully ! Now run ampcombi complete !

=== Sample 7/301: S0344 ===

 $$$$$$\  $$\      $$\ $$$$$$$\                                    $$\       $$\|
$$  __$$\ $$$\    $$$ |$$  __$$\                                   $$ |      \__|
$ /   $$ |$$$$\  $$$$ |$$ |  $$ | $$$$$$$\  $$$$$$\  $$$$$$\$$$$\  $$$$$$$\  $$\ 
$$$$$$$$ |$$\$$\$$ $$ |$$$$$$$  |$$  _____|$$  __$$\ $$  _$$  _$$\ $$  __$$\ $$ |
$$  __$$ |$$ \$$$  $$ |$$  ____/ $$ /      $$ /  $$ |$$ / $$ / $$ |$$ |  $$ |$$ |
$$ |  $$ |$$ |\$  /$$ |$$ |      $$ |      $$ |  $$ |$$ | $$ | $$ |$$ |  $$ |$$ |
$$ |  $$ |$$ | \_/ $$ |$$ |      \$$$$$$$\ \$$$$$$  |$$ | $$ | $$ |$$$$$$$  |$$ |
\__|  \__|\__|     \__|\__|       \_______| \______/ \__| \__| \__|\_______/ \__|

<--AMP_database> = /work3/josne/github/bacass/assets/databases/amp_DRAMP_database is found and will be used
MMseqs2 directory already exists in /work3/josne/github/bacass/assets/databases/amp_DRAMP_database.

 ########################################################## 
Processing AMP-files from sample: S0344
found macrel file
found ampir file
found amplify file
No InterproScan files were provided. Workflow continuing ....
The fasta containing AMP sequences for S0344 was saved to S0344/ 

The mmseqs alignment for S0344 in progress ....
No AMP hits for S0344 were successfully aligned to the reference database. Consider changing the database.
The mmseqs alignment for S0344 was saved to S0344/.
Estimating functional and structural properties for S0344 ....
Parsing the corresponding gene bank file for S0344 ....
writing S0344_contig_1.gbk
writing S0344_contig_1.gbk
writing S0344_contig_1.gbk
writing S0344_contig_1.gbk
writing S0344_contig_2.gbk
writing S0344_contig_2.gbk
writing S0344_contig_2.gbk
writing S0344_contig_2.gbk
writing S0344_contig_3.gbk
writing S0344_contig_3.gbk
writing S0344_contig_4.gbk
writing S0344_contig_4.gbk
writing S0344_contig_5.gbk
writing S0344_contig_5.gbk
writing S0344_contig_5.gbk
writing S0344_contig_6.gbk
writing S0344_contig_8.gbk
writing S0344_contig_9.gbk
writing S0344_contig_12.gbk
writing S0344_contig_12.gbk
writing S0344_contig_12.gbk
writing S0344_contig_15.gbk
writing S0344_contig_24.gbk
writing S0344_contig_28.gbk
writing S0344_contig_28.gbk
writing S0344_contig_38.gbk
writing S0344_contig_39.gbk
writing S0344_contig_40.gbk
writing S0344_contig_41.gbk
writing S0344_contig_48.gbk
writing S0344_contig_70.gbk
writing S0344_contig_71.gbk
writing S0344_contig_71.gbk
writing S0344_contig_82.gbk
The summary file for S0344 was saved to S0344/S0344.tsv.
Success: 'ampcombi parse_tables' completed successfully ! Now run ampcombi complete !

=== Sample 8/301: S0387 ===

 $$$$$$\  $$\      $$\ $$$$$$$\                                    $$\       $$\|
$$  __$$\ $$$\    $$$ |$$  __$$\                                   $$ |      \__|
$ /   $$ |$$$$\  $$$$ |$$ |  $$ | $$$$$$$\  $$$$$$\  $$$$$$\$$$$\  $$$$$$$\  $$\ 
$$$$$$$$ |$$\$$\$$ $$ |$$$$$$$  |$$  _____|$$  __$$\ $$  _$$  _$$\ $$  __$$\ $$ |
$$  __$$ |$$ \$$$  $$ |$$  ____/ $$ /      $$ /  $$ |$$ / $$ / $$ |$$ |  $$ |$$ |
$$ |  $$ |$$ |\$  /$$ |$$ |      $$ |      $$ |  $$ |$$ | $$ | $$ |$$ |  $$ |$$ |
$$ |  $$ |$$ | \_/ $$ |$$ |      \$$$$$$$\ \$$$$$$  |$$ | $$ | $$ |$$$$$$$  |$$ |
\__|  \__|\__|     \__|\__|       \_______| \______/ \__| \__| \__|\_______/ \__|

<--AMP_database> = /work3/josne/github/bacass/assets/databases/amp_DRAMP_database is found and will be used
MMseqs2 directory already exists in /work3/josne/github/bacass/assets/databases/amp_DRAMP_database.

 ########################################################## 
Processing AMP-files from sample: S0387
found macrel file
found ampir file
found amplify file
No InterproScan files were provided. Workflow continuing ....
The fasta containing AMP sequences for S0387 was saved to S0387/ 

The mmseqs alignment for S0387 in progress ....
No AMP hits for S0387 were successfully aligned to the reference database. Consider changing the database.
The mmseqs alignment for S0387 was saved to S0387/.
Estimating functional and structural properties for S0387 ....
Parsing the corresponding gene bank file for S0387 ....
writing S0387_contig_1.gbk
writing S0387_contig_1.gbk
writing S0387_contig_1.gbk
writing S0387_contig_1.gbk
writing S0387_contig_1.gbk
writing S0387_contig_1.gbk
writing S0387_contig_1.gbk
writing S0387_contig_1.gbk
writing S0387_contig_1.gbk
writing S0387_contig_2.gbk
writing S0387_contig_2.gbk
writing S0387_contig_2.gbk
writing S0387_contig_2.gbk
writing S0387_contig_2.gbk
writing S0387_contig_2.gbk
writing S0387_contig_2.gbk
writing S0387_contig_3.gbk
writing S0387_contig_3.gbk
writing S0387_contig_5.gbk
writing S0387_contig_5.gbk
writing S0387_contig_6.gbk
writing S0387_contig_6.gbk
writing S0387_contig_6.gbk
writing S0387_contig_6.gbk
writing S0387_contig_8.gbk
writing S0387_contig_10.gbk
writing S0387_contig_11.gbk
writing S0387_contig_11.gbk
writing S0387_contig_15.gbk
The summary file for S0387 was saved to S0387/S0387.tsv.
Success: 'ampcombi parse_tables' completed successfully ! Now run ampcombi complete !

=== Sample 9/301: S0537 ===

 $$$$$$\  $$\      $$\ $$$$$$$\                                    $$\       $$\|
$$  __$$\ $$$\    $$$ |$$  __$$\                                   $$ |      \__|
$ /   $$ |$$$$\  $$$$ |$$ |  $$ | $$$$$$$\  $$$$$$\  $$$$$$\$$$$\  $$$$$$$\  $$\ 
$$$$$$$$ |$$\$$\$$ $$ |$$$$$$$  |$$  _____|$$  __$$\ $$  _$$  _$$\ $$  __$$\ $$ |
$$  __$$ |$$ \$$$  $$ |$$  ____/ $$ /      $$ /  $$ |$$ / $$ / $$ |$$ |  $$ |$$ |
$$ |  $$ |$$ |\$  /$$ |$$ |      $$ |      $$ |  $$ |$$ | $$ | $$ |$$ |  $$ |$$ |
$$ |  $$ |$$ | \_/ $$ |$$ |      \$$$$$$$\ \$$$$$$  |$$ | $$ | $$ |$$$$$$$  |$$ |
\__|  \__|\__|     \__|\__|       \_______| \______/ \__| \__| \__|\_______/ \__|

<--AMP_database> = /work3/josne/github/bacass/assets/databases/amp_DRAMP_database is found and will be used
MMseqs2 directory already exists in /work3/josne/github/bacass/assets/databases/amp_DRAMP_database.

 ########################################################## 
Processing AMP-files from sample: S0537
found macrel file
found ampir file
found amplify file
No InterproScan files were provided. Workflow continuing ....
The fasta containing AMP sequences for S0537 was saved to S0537/ 

The mmseqs alignment for S0537 in progress ....
No AMP hits for S0537 were successfully aligned to the reference database. Consider changing the database.
The mmseqs alignment for S0537 was saved to S0537/.
Estimating functional and structural properties for S0537 ....
Parsing the corresponding gene bank file for S0537 ....
writing S0537_contig_1.gbk
writing S0537_contig_1.gbk
writing S0537_contig_1.gbk
writing S0537_contig_1.gbk
writing S0537_contig_2.gbk
writing S0537_contig_2.gbk
writing S0537_contig_2.gbk
writing S0537_contig_2.gbk
writing S0537_contig_2.gbk
writing S0537_contig_2.gbk
writing S0537_contig_2.gbk
writing S0537_contig_3.gbk
writing S0537_contig_3.gbk
writing S0537_contig_3.gbk
writing S0537_contig_3.gbk
writing S0537_contig_3.gbk
writing S0537_contig_3.gbk
writing S0537_contig_3.gbk
writing S0537_contig_3.gbk
writing S0537_contig_3.gbk
writing S0537_contig_4.gbk
writing S0537_contig_4.gbk
writing S0537_contig_4.gbk
writing S0537_contig_4.gbk
writing S0537_contig_5.gbk
writing S0537_contig_6.gbk
writing S0537_contig_7.gbk
writing S0537_contig_7.gbk
writing S0537_contig_7.gbk
writing S0537_contig_9.gbk
writing S0537_contig_10.gbk
writing S0537_contig_10.gbk
writing S0537_contig_11.gbk
writing S0537_contig_12.gbk
writing S0537_contig_13.gbk
The summary file for S0537 was saved to S0537/S0537.tsv.
Success: 'ampcombi parse_tables' completed successfully ! Now run ampcombi complete !

=== Sample 10/301: S0538 ===

 $$$$$$\  $$\      $$\ $$$$$$$\                                    $$\       $$\|
$$  __$$\ $$$\    $$$ |$$  __$$\                                   $$ |      \__|
$ /   $$ |$$$$\  $$$$ |$$ |  $$ | $$$$$$$\  $$$$$$\  $$$$$$\$$$$\  $$$$$$$\  $$\ 
$$$$$$$$ |$$\$$\$$ $$ |$$$$$$$  |$$  _____|$$  __$$\ $$  _$$  _$$\ $$  __$$\ $$ |
$$  __$$ |$$ \$$$  $$ |$$  ____/ $$ /      $$ /  $$ |$$ / $$ / $$ |$$ |  $$ |$$ |
$$ |  $$ |$$ |\$  /$$ |$$ |      $$ |      $$ |  $$ |$$ | $$ | $$ |$$ |  $$ |$$ |
$$ |  $$ |$$ | \_/ $$ |$$ |      \$$$$$$$\ \$$$$$$  |$$ | $$ | $$ |$$$$$$$  |$$ |
\__|  \__|\__|     \__|\__|       \_______| \______/ \__| \__| \__|\_______/ \__|

<--AMP_database> = /work3/josne/github/bacass/assets/databases/amp_DRAMP_database is found and will be used
MMseqs2 directory already exists in /work3/josne/github/bacass/assets/databases/amp_DRAMP_database.

 ########################################################## 
Processing AMP-files from sample: S0538
found macrel file
found ampir file
found amplify file
No InterproScan files were provided. Workflow continuing ....
The fasta containing AMP sequences for S0538 was saved to S0538/ 

The mmseqs alignment for S0538 in progress ....
No AMP hits for S0538 were successfully aligned to the reference database. Consider changing the database.
The mmseqs alignment for S0538 was saved to S0538/.
Estimating functional and structural properties for S0538 ....
Parsing the corresponding gene bank file for S0538 ....
writing S0538_contig_1.gbk
writing S0538_contig_1.gbk
writing S0538_contig_1.gbk
writing S0538_contig_1.gbk
writing S0538_contig_2.gbk
writing S0538_contig_2.gbk
writing S0538_contig_2.gbk
writing S0538_contig_2.gbk
writing S0538_contig_2.gbk
writing S0538_contig_2.gbk
writing S0538_contig_3.gbk
writing S0538_contig_3.gbk
writing S0538_contig_3.gbk
writing S0538_contig_3.gbk
writing S0538_contig_3.gbk
writing S0538_contig_3.gbk
writing S0538_contig_3.gbk
writing S0538_contig_3.gbk
writing S0538_contig_3.gbk
writing S0538_contig_4.gbk
writing S0538_contig_4.gbk
writing S0538_contig_4.gbk
writing S0538_contig_4.gbk
writing S0538_contig_5.gbk
writing S0538_contig_6.gbk
writing S0538_contig_7.gbk
writing S0538_contig_7.gbk
writing S0538_contig_7.gbk
writing S0538_contig_9.gbk
writing S0538_contig_10.gbk
writing S0538_contig_10.gbk
writing S0538_contig_11.gbk
writing S0538_contig_12.gbk
writing S0538_contig_13.gbk
writing S0538_contig_13.gbk
The summary file for S0538 was saved to S0538/S0538.tsv.
Success: 'ampcombi parse_tables' completed successfully ! Now run ampcombi complete !

=== Sample 11/301: S0539 ===

 $$$$$$\  $$\      $$\ $$$$$$$\                                    $$\       $$\|
$$  __$$\ $$$\    $$$ |$$  __$$\                                   $$ |      \__|
$ /   $$ |$$$$\  $$$$ |$$ |  $$ | $$$$$$$\  $$$$$$\  $$$$$$\$$$$\  $$$$$$$\  $$\ 
$$$$$$$$ |$$\$$\$$ $$ |$$$$$$$  |$$  _____|$$  __$$\ $$  _$$  _$$\ $$  __$$\ $$ |
$$  __$$ |$$ \$$$  $$ |$$  ____/ $$ /      $$ /  $$ |$$ / $$ / $$ |$$ |  $$ |$$ |
$$ |  $$ |$$ |\$  /$$ |$$ |      $$ |      $$ |  $$ |$$ | $$ | $$ |$$ |  $$ |$$ |
$$ |  $$ |$$ | \_/ $$ |$$ |      \$$$$$$$\ \$$$$$$  |$$ | $$ | $$ |$$$$$$$  |$$ |
\__|  \__|\__|     \__|\__|       \_______| \______/ \__| \__| \__|\_______/ \__|

<--AMP_database> = /work3/josne/github/bacass/assets/databases/amp_DRAMP_database is found and will be used
MMseqs2 directory already exists in /work3/josne/github/bacass/assets/databases/amp_DRAMP_database.

 ########################################################## 
Processing AMP-files from sample: S0539
found macrel file
found ampir file
found amplify file
No InterproScan files were provided. Workflow continuing ....
The fasta containing AMP sequences for S0539 was saved to S0539/ 

The mmseqs alignment for S0539 in progress ....
No AMP hits for S0539 were successfully aligned to the reference database. Consider changing the database.
The mmseqs alignment for S0539 was saved to S0539/.
Estimating functional and structural properties for S0539 ....
Parsing the corresponding gene bank file for S0539 ....
writing S0539_contig_1.gbk
writing S0539_contig_1.gbk
writing S0539_contig_1.gbk
writing S0539_contig_2.gbk
writing S0539_contig_2.gbk
writing S0539_contig_2.gbk
writing S0539_contig_2.gbk
writing S0539_contig_2.gbk
writing S0539_contig_2.gbk
writing S0539_contig_3.gbk
writing S0539_contig_3.gbk
writing S0539_contig_3.gbk
writing S0539_contig_3.gbk
writing S0539_contig_3.gbk
writing S0539_contig_3.gbk
writing S0539_contig_3.gbk
writing S0539_contig_3.gbk
writing S0539_contig_4.gbk
writing S0539_contig_4.gbk
writing S0539_contig_4.gbk
writing S0539_contig_4.gbk
writing S0539_contig_4.gbk
writing S0539_contig_5.gbk
writing S0539_contig_6.gbk
writing S0539_contig_6.gbk
writing S0539_contig_8.gbk
writing S0539_contig_9.gbk
writing S0539_contig_9.gbk
writing S0539_contig_10.gbk
writing S0539_contig_11.gbk
The summary file for S0539 was saved to S0539/S0539.tsv.
Success: 'ampcombi parse_tables' completed successfully ! Now run ampcombi complete !

=== Sample 12/301: S0553 ===

 $$$$$$\  $$\      $$\ $$$$$$$\                                    $$\       $$\|
$$  __$$\ $$$\    $$$ |$$  __$$\                                   $$ |      \__|
$ /   $$ |$$$$\  $$$$ |$$ |  $$ | $$$$$$$\  $$$$$$\  $$$$$$\$$$$\  $$$$$$$\  $$\ 
$$$$$$$$ |$$\$$\$$ $$ |$$$$$$$  |$$  _____|$$  __$$\ $$  _$$  _$$\ $$  __$$\ $$ |
$$  __$$ |$$ \$$$  $$ |$$  ____/ $$ /      $$ /  $$ |$$ / $$ / $$ |$$ |  $$ |$$ |
$$ |  $$ |$$ |\$  /$$ |$$ |      $$ |      $$ |  $$ |$$ | $$ | $$ |$$ |  $$ |$$ |
$$ |  $$ |$$ | \_/ $$ |$$ |      \$$$$$$$\ \$$$$$$  |$$ | $$ | $$ |$$$$$$$  |$$ |
\__|  \__|\__|     \__|\__|       \_______| \______/ \__| \__| \__|\_______/ \__|

<--AMP_database> = /work3/josne/github/bacass/assets/databases/amp_DRAMP_database is found and will be used
MMseqs2 directory already exists in /work3/josne/github/bacass/assets/databases/amp_DRAMP_database.

 ########################################################## 
Processing AMP-files from sample: S0553
found macrel file
found ampir file
found amplify file
No InterproScan files were provided. Workflow continuing ....
The fasta containing AMP sequences for S0553 was saved to S0553/ 

The mmseqs alignment for S0553 in progress ....
No AMP hits for S0553 were successfully aligned to the reference database. Consider changing the database.
The mmseqs alignment for S0553 was saved to S0553/.
Estimating functional and structural properties for S0553 ....
Parsing the corresponding gene bank file for S0553 ....
writing S0553_contig_1.gbk
writing S0553_contig_1.gbk
writing S0553_contig_1.gbk
writing S0553_contig_1.gbk
writing S0553_contig_1.gbk
writing S0553_contig_2.gbk
writing S0553_contig_2.gbk
writing S0553_contig_2.gbk
writing S0553_contig_2.gbk
writing S0553_contig_2.gbk
writing S0553_contig_2.gbk
writing S0553_contig_2.gbk
writing S0553_contig_3.gbk
writing S0553_contig_3.gbk
writing S0553_contig_3.gbk
writing S0553_contig_4.gbk
writing S0553_contig_4.gbk
writing S0553_contig_4.gbk
writing S0553_contig_4.gbk
writing S0553_contig_4.gbk
writing S0553_contig_6.gbk
writing S0553_contig_8.gbk
writing S0553_contig_8.gbk
writing S0553_contig_8.gbk
writing S0553_contig_9.gbk
writing S0553_contig_10.gbk
writing S0553_contig_14.gbk
The summary file for S0553 was saved to S0553/S0553.tsv.
Success: 'ampcombi parse_tables' completed successfully ! Now run ampcombi complete !

=== Sample 13/301: S0562 ===

 $$$$$$\  $$\      $$\ $$$$$$$\                                    $$\       $$\|
$$  __$$\ $$$\    $$$ |$$  __$$\                                   $$ |      \__|
$ /   $$ |$$$$\  $$$$ |$$ |  $$ | $$$$$$$\  $$$$$$\  $$$$$$\$$$$\  $$$$$$$\  $$\ 
$$$$$$$$ |$$\$$\$$ $$ |$$$$$$$  |$$  _____|$$  __$$\ $$  _$$  _$$\ $$  __$$\ $$ |
$$  __$$ |$$ \$$$  $$ |$$  ____/ $$ /      $$ /  $$ |$$ / $$ / $$ |$$ |  $$ |$$ |
$$ |  $$ |$$ |\$  /$$ |$$ |      $$ |      $$ |  $$ |$$ | $$ | $$ |$$ |  $$ |$$ |
$$ |  $$ |$$ | \_/ $$ |$$ |      \$$$$$$$\ \$$$$$$  |$$ | $$ | $$ |$$$$$$$  |$$ |
\__|  \__|\__|     \__|\__|       \_______| \______/ \__| \__| \__|\_______/ \__|

<--AMP_database> = /work3/josne/github/bacass/assets/databases/amp_DRAMP_database is found and will be used
MMseqs2 directory already exists in /work3/josne/github/bacass/assets/databases/amp_DRAMP_database.

 ########################################################## 
Processing AMP-files from sample: S0562
found macrel file
found ampir file
found amplify file
No InterproScan files were provided. Workflow continuing ....
The fasta containing AMP sequences for S0562 was saved to S0562/ 

The mmseqs alignment for S0562 in progress ....
No AMP hits for S0562 were successfully aligned to the reference database. Consider changing the database.
The mmseqs alignment for S0562 was saved to S0562/.
Estimating functional and structural properties for S0562 ....
Parsing the corresponding gene bank file for S0562 ....
writing S0562_contig_1.gbk
writing S0562_contig_1.gbk
writing S0562_contig_1.gbk
writing S0562_contig_2.gbk
writing S0562_contig_3.gbk
writing S0562_contig_3.gbk
writing S0562_contig_3.gbk
writing S0562_contig_3.gbk
writing S0562_contig_4.gbk
writing S0562_contig_4.gbk
writing S0562_contig_5.gbk
writing S0562_contig_5.gbk
writing S0562_contig_7.gbk
writing S0562_contig_8.gbk
writing S0562_contig_8.gbk
writing S0562_contig_8.gbk
writing S0562_contig_9.gbk
writing S0562_contig_10.gbk
writing S0562_contig_10.gbk
writing S0562_contig_10.gbk
writing S0562_contig_12.gbk
writing S0562_contig_12.gbk
writing S0562_contig_13.gbk
writing S0562_contig_15.gbk
writing S0562_contig_17.gbk
writing S0562_contig_18.gbk
writing S0562_contig_21.gbk
writing S0562_contig_22.gbk
The summary file for S0562 was saved to S0562/S0562.tsv.
Success: 'ampcombi parse_tables' completed successfully ! Now run ampcombi complete !

=== Sample 14/301: S0567 ===

 $$$$$$\  $$\      $$\ $$$$$$$\                                    $$\       $$\|
$$  __$$\ $$$\    $$$ |$$  __$$\                                   $$ |      \__|
$ /   $$ |$$$$\  $$$$ |$$ |  $$ | $$$$$$$\  $$$$$$\  $$$$$$\$$$$\  $$$$$$$\  $$\ 
$$$$$$$$ |$$\$$\$$ $$ |$$$$$$$  |$$  _____|$$  __$$\ $$  _$$  _$$\ $$  __$$\ $$ |
$$  __$$ |$$ \$$$  $$ |$$  ____/ $$ /      $$ /  $$ |$$ / $$ / $$ |$$ |  $$ |$$ |
$$ |  $$ |$$ |\$  /$$ |$$ |      $$ |      $$ |  $$ |$$ | $$ | $$ |$$ |  $$ |$$ |
$$ |  $$ |$$ | \_/ $$ |$$ |      \$$$$$$$\ \$$$$$$  |$$ | $$ | $$ |$$$$$$$  |$$ |
\__|  \__|\__|     \__|\__|       \_______| \______/ \__| \__| \__|\_______/ \__|

<--AMP_database> = /work3/josne/github/bacass/assets/databases/amp_DRAMP_database is found and will be used
MMseqs2 directory already exists in /work3/josne/github/bacass/assets/databases/amp_DRAMP_database.

 ########################################################## 
Processing AMP-files from sample: S0567
found macrel file
found ampir file
found amplify file
No InterproScan files were provided. Workflow continuing ....
The fasta containing AMP sequences for S0567 was saved to S0567/ 

The mmseqs alignment for S0567 in progress ....
No AMP hits for S0567 were successfully aligned to the reference database. Consider changing the database.
The mmseqs alignment for S0567 was saved to S0567/.
Estimating functional and structural properties for S0567 ....
Parsing the corresponding gene bank file for S0567 ....
writing S0567_contig_1.gbk
writing S0567_contig_1.gbk
writing S0567_contig_1.gbk
writing S0567_contig_1.gbk
writing S0567_contig_1.gbk
writing S0567_contig_2.gbk
writing S0567_contig_2.gbk
writing S0567_contig_2.gbk
writing S0567_contig_3.gbk
writing S0567_contig_3.gbk
writing S0567_contig_3.gbk
writing S0567_contig_4.gbk
writing S0567_contig_4.gbk
writing S0567_contig_6.gbk
writing S0567_contig_6.gbk
writing S0567_contig_7.gbk
writing S0567_contig_7.gbk
writing S0567_contig_7.gbk
writing S0567_contig_8.gbk
writing S0567_contig_8.gbk
writing S0567_contig_9.gbk
writing S0567_contig_9.gbk
writing S0567_contig_10.gbk
writing S0567_contig_10.gbk
writing S0567_contig_11.gbk
writing S0567_contig_11.gbk
writing S0567_contig_13.gbk
writing S0567_contig_14.gbk
writing S0567_contig_14.gbk
writing S0567_contig_15.gbk
writing S0567_contig_16.gbk
writing S0567_contig_25.gbk
writing S0567_contig_26.gbk
writing S0567_contig_29.gbk
The summary file for S0567 was saved to S0567/S0567.tsv.
Success: 'ampcombi parse_tables' completed successfully ! Now run ampcombi complete !

=== Sample 15/301: S0568 ===

 $$$$$$\  $$\      $$\ $$$$$$$\                                    $$\       $$\|
$$  __$$\ $$$\    $$$ |$$  __$$\                                   $$ |      \__|
$ /   $$ |$$$$\  $$$$ |$$ |  $$ | $$$$$$$\  $$$$$$\  $$$$$$\$$$$\  $$$$$$$\  $$\ 
$$$$$$$$ |$$\$$\$$ $$ |$$$$$$$  |$$  _____|$$  __$$\ $$  _$$  _$$\ $$  __$$\ $$ |
$$  __$$ |$$ \$$$  $$ |$$  ____/ $$ /      $$ /  $$ |$$ / $$ / $$ |$$ |  $$ |$$ |
$$ |  $$ |$$ |\$  /$$ |$$ |      $$ |      $$ |  $$ |$$ | $$ | $$ |$$ |  $$ |$$ |
$$ |  $$ |$$ | \_/ $$ |$$ |      \$$$$$$$\ \$$$$$$  |$$ | $$ | $$ |$$$$$$$  |$$ |
\__|  \__|\__|     \__|\__|       \_______| \______/ \__| \__| \__|\_______/ \__|

<--AMP_database> = /work3/josne/github/bacass/assets/databases/amp_DRAMP_database is found and will be used
MMseqs2 directory already exists in /work3/josne/github/bacass/assets/databases/amp_DRAMP_database.

 ########################################################## 
Processing AMP-files from sample: S0568
found macrel file
found ampir file
found amplify file
No InterproScan files were provided. Workflow continuing ....
The fasta containing AMP sequences for S0568 was saved to S0568/ 

The mmseqs alignment for S0568 in progress ....
No AMP hits for S0568 were successfully aligned to the reference database. Consider changing the database.
The mmseqs alignment for S0568 was saved to S0568/.
Estimating functional and structural properties for S0568 ....
Parsing the corresponding gene bank file for S0568 ....
writing S0568_contig_1.gbk
writing S0568_contig_1.gbk
writing S0568_contig_1.gbk
writing S0568_contig_2.gbk
writing S0568_contig_3.gbk
writing S0568_contig_3.gbk
writing S0568_contig_3.gbk
writing S0568_contig_3.gbk
writing S0568_contig_4.gbk
writing S0568_contig_4.gbk
writing S0568_contig_5.gbk
writing S0568_contig_5.gbk
writing S0568_contig_7.gbk
writing S0568_contig_8.gbk
writing S0568_contig_8.gbk
writing S0568_contig_8.gbk
writing S0568_contig_9.gbk
writing S0568_contig_10.gbk
writing S0568_contig_10.gbk
writing S0568_contig_10.gbk
writing S0568_contig_12.gbk
writing S0568_contig_12.gbk
writing S0568_contig_13.gbk
writing S0568_contig_15.gbk
writing S0568_contig_17.gbk
writing S0568_contig_18.gbk
writing S0568_contig_22.gbk
writing S0568_contig_23.gbk
writing S0568_contig_24.gbk
writing S0568_contig_24.gbk
writing S0568_contig_24.gbk
The summary file for S0568 was saved to S0568/S0568.tsv.
Success: 'ampcombi parse_tables' completed successfully ! Now run ampcombi complete !

=== Sample 16/301: S0571 ===

 $$$$$$\  $$\      $$\ $$$$$$$\                                    $$\       $$\|
$$  __$$\ $$$\    $$$ |$$  __$$\                                   $$ |      \__|
$ /   $$ |$$$$\  $$$$ |$$ |  $$ | $$$$$$$\  $$$$$$\  $$$$$$\$$$$\  $$$$$$$\  $$\ 
$$$$$$$$ |$$\$$\$$ $$ |$$$$$$$  |$$  _____|$$  __$$\ $$  _$$  _$$\ $$  __$$\ $$ |
$$  __$$ |$$ \$$$  $$ |$$  ____/ $$ /      $$ /  $$ |$$ / $$ / $$ |$$ |  $$ |$$ |
$$ |  $$ |$$ |\$  /$$ |$$ |      $$ |      $$ |  $$ |$$ | $$ | $$ |$$ |  $$ |$$ |
$$ |  $$ |$$ | \_/ $$ |$$ |      \$$$$$$$\ \$$$$$$  |$$ | $$ | $$ |$$$$$$$  |$$ |
\__|  \__|\__|     \__|\__|       \_______| \______/ \__| \__| \__|\_______/ \__|

<--AMP_database> = /work3/josne/github/bacass/assets/databases/amp_DRAMP_database is found and will be used
MMseqs2 directory already exists in /work3/josne/github/bacass/assets/databases/amp_DRAMP_database.

 ########################################################## 
Processing AMP-files from sample: S0571
found macrel file
found ampir file
found amplify file
No InterproScan files were provided. Workflow continuing ....
The fasta containing AMP sequences for S0571 was saved to S0571/ 

The mmseqs alignment for S0571 in progress ....
No AMP hits for S0571 were successfully aligned to the reference database. Consider changing the database.
The mmseqs alignment for S0571 was saved to S0571/.
Estimating functional and structural properties for S0571 ....
Parsing the corresponding gene bank file for S0571 ....
writing S0571_contig_1.gbk
writing S0571_contig_1.gbk
writing S0571_contig_2.gbk
writing S0571_contig_2.gbk
writing S0571_contig_2.gbk
writing S0571_contig_2.gbk
writing S0571_contig_3.gbk
writing S0571_contig_3.gbk
writing S0571_contig_4.gbk
writing S0571_contig_5.gbk
writing S0571_contig_6.gbk
writing S0571_contig_6.gbk
writing S0571_contig_8.gbk
writing S0571_contig_11.gbk
writing S0571_contig_17.gbk
writing S0571_contig_26.gbk
The summary file for S0571 was saved to S0571/S0571.tsv.
Success: 'ampcombi parse_tables' completed successfully ! Now run ampcombi complete !

=== Sample 17/301: S0573 ===

 $$$$$$\  $$\      $$\ $$$$$$$\                                    $$\       $$\|
$$  __$$\ $$$\    $$$ |$$  __$$\                                   $$ |      \__|
$ /   $$ |$$$$\  $$$$ |$$ |  $$ | $$$$$$$\  $$$$$$\  $$$$$$\$$$$\  $$$$$$$\  $$\ 
$$$$$$$$ |$$\$$\$$ $$ |$$$$$$$  |$$  _____|$$  __$$\ $$  _$$  _$$\ $$  __$$\ $$ |
$$  __$$ |$$ \$$$  $$ |$$  ____/ $$ /      $$ /  $$ |$$ / $$ / $$ |$$ |  $$ |$$ |
$$ |  $$ |$$ |\$  /$$ |$$ |      $$ |      $$ |  $$ |$$ | $$ | $$ |$$ |  $$ |$$ |
$$ |  $$ |$$ | \_/ $$ |$$ |      \$$$$$$$\ \$$$$$$  |$$ | $$ | $$ |$$$$$$$  |$$ |
\__|  \__|\__|     \__|\__|       \_______| \______/ \__| \__| \__|\_______/ \__|

<--AMP_database> = /work3/josne/github/bacass/assets/databases/amp_DRAMP_database is found and will be used
MMseqs2 directory already exists in /work3/josne/github/bacass/assets/databases/amp_DRAMP_database.

 ########################################################## 
Processing AMP-files from sample: S0573
found macrel file
found ampir file
found amplify file
No InterproScan files were provided. Workflow continuing ....
The fasta containing AMP sequences for S0573 was saved to S0573/ 

The mmseqs alignment for S0573 in progress ....
No AMP hits for S0573 were successfully aligned to the reference database. Consider changing the database.
The mmseqs alignment for S0573 was saved to S0573/.
Estimating functional and structural properties for S0573 ....
Parsing the corresponding gene bank file for S0573 ....
writing S0573_contig_1.gbk
writing S0573_contig_1.gbk
writing S0573_contig_2.gbk
writing S0573_contig_2.gbk
writing S0573_contig_2.gbk
writing S0573_contig_2.gbk
writing S0573_contig_3.gbk
writing S0573_contig_3.gbk
writing S0573_contig_4.gbk
writing S0573_contig_4.gbk
writing S0573_contig_5.gbk
writing S0573_contig_6.gbk
writing S0573_contig_8.gbk
writing S0573_contig_12.gbk
writing S0573_contig_16.gbk
writing S0573_contig_26.gbk
The summary file for S0573 was saved to S0573/S0573.tsv.
Success: 'ampcombi parse_tables' completed successfully ! Now run ampcombi complete !

=== Sample 18/301: S0575 ===

 $$$$$$\  $$\      $$\ $$$$$$$\                                    $$\       $$\|
$$  __$$\ $$$\    $$$ |$$  __$$\                                   $$ |      \__|
$ /   $$ |$$$$\  $$$$ |$$ |  $$ | $$$$$$$\  $$$$$$\  $$$$$$\$$$$\  $$$$$$$\  $$\ 
$$$$$$$$ |$$\$$\$$ $$ |$$$$$$$  |$$  _____|$$  __$$\ $$  _$$  _$$\ $$  __$$\ $$ |
$$  __$$ |$$ \$$$  $$ |$$  ____/ $$ /      $$ /  $$ |$$ / $$ / $$ |$$ |  $$ |$$ |
$$ |  $$ |$$ |\$  /$$ |$$ |      $$ |      $$ |  $$ |$$ | $$ | $$ |$$ |  $$ |$$ |
$$ |  $$ |$$ | \_/ $$ |$$ |      \$$$$$$$\ \$$$$$$  |$$ | $$ | $$ |$$$$$$$  |$$ |
\__|  \__|\__|     \__|\__|       \_______| \______/ \__| \__| \__|\_______/ \__|

<--AMP_database> = /work3/josne/github/bacass/assets/databases/amp_DRAMP_database is found and will be used
MMseqs2 directory already exists in /work3/josne/github/bacass/assets/databases/amp_DRAMP_database.

 ########################################################## 
Processing AMP-files from sample: S0575
found macrel file
found ampir file
found amplify file
No InterproScan files were provided. Workflow continuing ....
The fasta containing AMP sequences for S0575 was saved to S0575/ 

The mmseqs alignment for S0575 in progress ....
No AMP hits for S0575 were successfully aligned to the reference database. Consider changing the database.
The mmseqs alignment for S0575 was saved to S0575/.
Estimating functional and structural properties for S0575 ....
Parsing the corresponding gene bank file for S0575 ....
writing S0575_contig_1.gbk
writing S0575_contig_1.gbk
writing S0575_contig_1.gbk
writing S0575_contig_1.gbk
writing S0575_contig_1.gbk
writing S0575_contig_1.gbk
writing S0575_contig_1.gbk
writing S0575_contig_2.gbk
writing S0575_contig_2.gbk
writing S0575_contig_2.gbk
writing S0575_contig_2.gbk
writing S0575_contig_2.gbk
writing S0575_contig_2.gbk
writing S0575_contig_3.gbk
writing S0575_contig_3.gbk
writing S0575_contig_3.gbk
writing S0575_contig_3.gbk
writing S0575_contig_4.gbk
writing S0575_contig_4.gbk
writing S0575_contig_6.gbk
writing S0575_contig_6.gbk
writing S0575_contig_8.gbk
writing S0575_contig_8.gbk
writing S0575_contig_8.gbk
writing S0575_contig_9.gbk
writing S0575_contig_9.gbk
writing S0575_contig_10.gbk
writing S0575_contig_11.gbk
writing S0575_contig_12.gbk
writing S0575_contig_13.gbk
writing S0575_contig_14.gbk
writing S0575_contig_14.gbk
writing S0575_contig_15.gbk
writing S0575_contig_17.gbk
writing S0575_contig_21.gbk
writing S0575_contig_21.gbk
writing S0575_contig_25.gbk
writing S0575_contig_26.gbk
writing S0575_contig_29.gbk
writing S0575_contig_32.gbk
The summary file for S0575 was saved to S0575/S0575.tsv.
Success: 'ampcombi parse_tables' completed successfully ! Now run ampcombi complete !

=== Sample 19/301: S0576 ===

 $$$$$$\  $$\      $$\ $$$$$$$\                                    $$\       $$\|
$$  __$$\ $$$\    $$$ |$$  __$$\                                   $$ |      \__|
$ /   $$ |$$$$\  $$$$ |$$ |  $$ | $$$$$$$\  $$$$$$\  $$$$$$\$$$$\  $$$$$$$\  $$\ 
$$$$$$$$ |$$\$$\$$ $$ |$$$$$$$  |$$  _____|$$  __$$\ $$  _$$  _$$\ $$  __$$\ $$ |
$$  __$$ |$$ \$$$  $$ |$$  ____/ $$ /      $$ /  $$ |$$ / $$ / $$ |$$ |  $$ |$$ |
$$ |  $$ |$$ |\$  /$$ |$$ |      $$ |      $$ |  $$ |$$ | $$ | $$ |$$ |  $$ |$$ |
$$ |  $$ |$$ | \_/ $$ |$$ |      \$$$$$$$\ \$$$$$$  |$$ | $$ | $$ |$$$$$$$  |$$ |
\__|  \__|\__|     \__|\__|       \_______| \______/ \__| \__| \__|\_______/ \__|

<--AMP_database> = /work3/josne/github/bacass/assets/databases/amp_DRAMP_database is found and will be used
MMseqs2 directory already exists in /work3/josne/github/bacass/assets/databases/amp_DRAMP_database.

 ########################################################## 
Processing AMP-files from sample: S0576
found macrel file
found ampir file
found amplify file
No InterproScan files were provided. Workflow continuing ....
The fasta containing AMP sequences for S0576 was saved to S0576/ 

The mmseqs alignment for S0576 in progress ....
No AMP hits for S0576 were successfully aligned to the reference database. Consider changing the database.
The mmseqs alignment for S0576 was saved to S0576/.
Estimating functional and structural properties for S0576 ....
Parsing the corresponding gene bank file for S0576 ....
writing S0576_contig_1.gbk
writing S0576_contig_1.gbk
writing S0576_contig_1.gbk
writing S0576_contig_1.gbk
writing S0576_contig_1.gbk
writing S0576_contig_2.gbk
writing S0576_contig_2.gbk
writing S0576_contig_3.gbk
writing S0576_contig_5.gbk
writing S0576_contig_5.gbk
writing S0576_contig_5.gbk
writing S0576_contig_6.gbk
writing S0576_contig_6.gbk
writing S0576_contig_7.gbk
writing S0576_contig_9.gbk
writing S0576_contig_10.gbk
writing S0576_contig_11.gbk
writing S0576_contig_11.gbk
writing S0576_contig_11.gbk
writing S0576_contig_11.gbk
writing S0576_contig_11.gbk
writing S0576_contig_12.gbk
writing S0576_contig_13.gbk
writing S0576_contig_14.gbk
writing S0576_contig_14.gbk
writing S0576_contig_14.gbk
writing S0576_contig_16.gbk
writing S0576_contig_20.gbk
The summary file for S0576 was saved to S0576/S0576.tsv.
Success: 'ampcombi parse_tables' completed successfully ! Now run ampcombi complete !

=== Sample 20/301: S0648 ===

 $$$$$$\  $$\      $$\ $$$$$$$\                                    $$\       $$\|
$$  __$$\ $$$\    $$$ |$$  __$$\                                   $$ |      \__|
$ /   $$ |$$$$\  $$$$ |$$ |  $$ | $$$$$$$\  $$$$$$\  $$$$$$\$$$$\  $$$$$$$\  $$\ 
$$$$$$$$ |$$\$$\$$ $$ |$$$$$$$  |$$  _____|$$  __$$\ $$  _$$  _$$\ $$  __$$\ $$ |
$$  __$$ |$$ \$$$  $$ |$$  ____/ $$ /      $$ /  $$ |$$ / $$ / $$ |$$ |  $$ |$$ |
$$ |  $$ |$$ |\$  /$$ |$$ |      $$ |      $$ |  $$ |$$ | $$ | $$ |$$ |  $$ |$$ |
$$ |  $$ |$$ | \_/ $$ |$$ |      \$$$$$$$\ \$$$$$$  |$$ | $$ | $$ |$$$$$$$  |$$ |
\__|  \__|\__|     \__|\__|       \_______| \______/ \__| \__| \__|\_______/ \__|

<--AMP_database> = /work3/josne/github/bacass/assets/databases/amp_DRAMP_database is found and will be used
MMseqs2 directory already exists in /work3/josne/github/bacass/assets/databases/amp_DRAMP_database.

 ########################################################## 
Processing AMP-files from sample: S0648
found macrel file
found ampir file
found amplify file
No InterproScan files were provided. Workflow continuing ....
The fasta containing AMP sequences for S0648 was saved to S0648/ 

The mmseqs alignment for S0648 in progress ....
No AMP hits for S0648 were successfully aligned to the reference database. Consider changing the database.
The mmseqs alignment for S0648 was saved to S0648/.
Estimating functional and structural properties for S0648 ....
Parsing the corresponding gene bank file for S0648 ....
writing S0648_contig_1.gbk
writing S0648_contig_1.gbk
writing S0648_contig_1.gbk
writing S0648_contig_1.gbk
writing S0648_contig_2.gbk
writing S0648_contig_2.gbk
writing S0648_contig_2.gbk
writing S0648_contig_2.gbk
writing S0648_contig_3.gbk
writing S0648_contig_4.gbk
writing S0648_contig_4.gbk
writing S0648_contig_4.gbk
writing S0648_contig_4.gbk
writing S0648_contig_5.gbk
writing S0648_contig_5.gbk
writing S0648_contig_5.gbk
writing S0648_contig_5.gbk
writing S0648_contig_7.gbk
writing S0648_contig_9.gbk
writing S0648_contig_10.gbk
writing S0648_contig_10.gbk
writing S0648_contig_11.gbk
writing S0648_contig_12.gbk
writing S0648_contig_13.gbk
writing S0648_contig_15.gbk
writing S0648_contig_15.gbk
writing S0648_contig_18.gbk
writing S0648_contig_20.gbk
writing S0648_contig_22.gbk
writing S0648_contig_23.gbk
writing S0648_contig_25.gbk
writing S0648_contig_25.gbk
writing S0648_contig_30.gbk
writing S0648_contig_32.gbk
The summary file for S0648 was saved to S0648/S0648.tsv.
Success: 'ampcombi parse_tables' completed successfully ! Now run ampcombi complete !

=== Sample 21/301: S0649 ===

 $$$$$$\  $$\      $$\ $$$$$$$\                                    $$\       $$\|
$$  __$$\ $$$\    $$$ |$$  __$$\                                   $$ |      \__|
$ /   $$ |$$$$\  $$$$ |$$ |  $$ | $$$$$$$\  $$$$$$\  $$$$$$\$$$$\  $$$$$$$\  $$\ 
$$$$$$$$ |$$\$$\$$ $$ |$$$$$$$  |$$  _____|$$  __$$\ $$  _$$  _$$\ $$  __$$\ $$ |
$$  __$$ |$$ \$$$  $$ |$$  ____/ $$ /      $$ /  $$ |$$ / $$ / $$ |$$ |  $$ |$$ |
$$ |  $$ |$$ |\$  /$$ |$$ |      $$ |      $$ |  $$ |$$ | $$ | $$ |$$ |  $$ |$$ |
$$ |  $$ |$$ | \_/ $$ |$$ |      \$$$$$$$\ \$$$$$$  |$$ | $$ | $$ |$$$$$$$  |$$ |
\__|  \__|\__|     \__|\__|       \_______| \______/ \__| \__| \__|\_______/ \__|

<--AMP_database> = /work3/josne/github/bacass/assets/databases/amp_DRAMP_database is found and will be used
MMseqs2 directory already exists in /work3/josne/github/bacass/assets/databases/amp_DRAMP_database.

 ########################################################## 
Processing AMP-files from sample: S0649
found macrel file
found ampir file
found amplify file
No InterproScan files were provided. Workflow continuing ....
The fasta containing AMP sequences for S0649 was saved to S0649/ 

The mmseqs alignment for S0649 in progress ....
No AMP hits for S0649 were successfully aligned to the reference database. Consider changing the database.
The mmseqs alignment for S0649 was saved to S0649/.
Estimating functional and structural properties for S0649 ....
Parsing the corresponding gene bank file for S0649 ....
writing S0649_contig_1.gbk
writing S0649_contig_1.gbk
writing S0649_contig_1.gbk
writing S0649_contig_1.gbk
writing S0649_contig_1.gbk
writing S0649_contig_1.gbk
writing S0649_contig_1.gbk
writing S0649_contig_1.gbk
writing S0649_contig_1.gbk
writing S0649_contig_2.gbk
writing S0649_contig_2.gbk
writing S0649_contig_2.gbk
writing S0649_contig_2.gbk
writing S0649_contig_3.gbk
writing S0649_contig_4.gbk
writing S0649_contig_4.gbk
writing S0649_contig_4.gbk
writing S0649_contig_4.gbk
writing S0649_contig_4.gbk
writing S0649_contig_5.gbk
writing S0649_contig_6.gbk
writing S0649_contig_7.gbk
writing S0649_contig_7.gbk
writing S0649_contig_8.gbk
writing S0649_contig_10.gbk
writing S0649_contig_12.gbk
writing S0649_contig_12.gbk
writing S0649_contig_14.gbk
writing S0649_contig_15.gbk
writing S0649_contig_16.gbk
writing S0649_contig_18.gbk
writing S0649_contig_19.gbk
writing S0649_contig_20.gbk
writing S0649_contig_30.gbk
The summary file for S0649 was saved to S0649/S0649.tsv.
Success: 'ampcombi parse_tables' completed successfully ! Now run ampcombi complete !

=== Sample 22/301: S0650 ===

 $$$$$$\  $$\      $$\ $$$$$$$\                                    $$\       $$\|
$$  __$$\ $$$\    $$$ |$$  __$$\                                   $$ |      \__|
$ /   $$ |$$$$\  $$$$ |$$ |  $$ | $$$$$$$\  $$$$$$\  $$$$$$\$$$$\  $$$$$$$\  $$\ 
$$$$$$$$ |$$\$$\$$ $$ |$$$$$$$  |$$  _____|$$  __$$\ $$  _$$  _$$\ $$  __$$\ $$ |
$$  __$$ |$$ \$$$  $$ |$$  ____/ $$ /      $$ /  $$ |$$ / $$ / $$ |$$ |  $$ |$$ |
$$ |  $$ |$$ |\$  /$$ |$$ |      $$ |      $$ |  $$ |$$ | $$ | $$ |$$ |  $$ |$$ |
$$ |  $$ |$$ | \_/ $$ |$$ |      \$$$$$$$\ \$$$$$$  |$$ | $$ | $$ |$$$$$$$  |$$ |
\__|  \__|\__|     \__|\__|       \_______| \______/ \__| \__| \__|\_______/ \__|

<--AMP_database> = /work3/josne/github/bacass/assets/databases/amp_DRAMP_database is found and will be used
MMseqs2 directory already exists in /work3/josne/github/bacass/assets/databases/amp_DRAMP_database.

 ########################################################## 
Processing AMP-files from sample: S0650
found macrel file
found ampir file
found amplify file
No InterproScan files were provided. Workflow continuing ....
The fasta containing AMP sequences for S0650 was saved to S0650/ 

The mmseqs alignment for S0650 in progress ....
No AMP hits for S0650 were successfully aligned to the reference database. Consider changing the database.
The mmseqs alignment for S0650 was saved to S0650/.
Estimating functional and structural properties for S0650 ....
Parsing the corresponding gene bank file for S0650 ....
writing S0650_contig_1.gbk
writing S0650_contig_1.gbk
writing S0650_contig_1.gbk
writing S0650_contig_1.gbk
writing S0650_contig_1.gbk
writing S0650_contig_1.gbk
writing S0650_contig_1.gbk
writing S0650_contig_2.gbk
writing S0650_contig_2.gbk
writing S0650_contig_2.gbk
writing S0650_contig_2.gbk
writing S0650_contig_2.gbk
writing S0650_contig_2.gbk
writing S0650_contig_2.gbk
writing S0650_contig_3.gbk
writing S0650_contig_3.gbk
writing S0650_contig_3.gbk
writing S0650_contig_3.gbk
writing S0650_contig_3.gbk
writing S0650_contig_4.gbk
writing S0650_contig_6.gbk
writing S0650_contig_7.gbk
writing S0650_contig_8.gbk
writing S0650_contig_9.gbk
writing S0650_contig_11.gbk
writing S0650_contig_12.gbk
writing S0650_contig_14.gbk
writing S0650_contig_14.gbk
writing S0650_contig_14.gbk
writing S0650_contig_17.gbk
The summary file for S0650 was saved to S0650/S0650.tsv.
Success: 'ampcombi parse_tables' completed successfully ! Now run ampcombi complete !

=== Sample 23/301: S0679 ===

 $$$$$$\  $$\      $$\ $$$$$$$\                                    $$\       $$\|
$$  __$$\ $$$\    $$$ |$$  __$$\                                   $$ |      \__|
$ /   $$ |$$$$\  $$$$ |$$ |  $$ | $$$$$$$\  $$$$$$\  $$$$$$\$$$$\  $$$$$$$\  $$\ 
$$$$$$$$ |$$\$$\$$ $$ |$$$$$$$  |$$  _____|$$  __$$\ $$  _$$  _$$\ $$  __$$\ $$ |
$$  __$$ |$$ \$$$  $$ |$$  ____/ $$ /      $$ /  $$ |$$ / $$ / $$ |$$ |  $$ |$$ |
$$ |  $$ |$$ |\$  /$$ |$$ |      $$ |      $$ |  $$ |$$ | $$ | $$ |$$ |  $$ |$$ |
$$ |  $$ |$$ | \_/ $$ |$$ |      \$$$$$$$\ \$$$$$$  |$$ | $$ | $$ |$$$$$$$  |$$ |
\__|  \__|\__|     \__|\__|       \_______| \______/ \__| \__| \__|\_______/ \__|

<--AMP_database> = /work3/josne/github/bacass/assets/databases/amp_DRAMP_database is found and will be used
MMseqs2 directory already exists in /work3/josne/github/bacass/assets/databases/amp_DRAMP_database.

 ########################################################## 
Processing AMP-files from sample: S0679
found macrel file
found ampir file
found amplify file
No InterproScan files were provided. Workflow continuing ....
The fasta containing AMP sequences for S0679 was saved to S0679/ 

The mmseqs alignment for S0679 in progress ....
No AMP hits for S0679 were successfully aligned to the reference database. Consider changing the database.
The mmseqs alignment for S0679 was saved to S0679/.
Estimating functional and structural properties for S0679 ....
Parsing the corresponding gene bank file for S0679 ....
writing S0679_contig_1.gbk
writing S0679_contig_1.gbk
writing S0679_contig_1.gbk
writing S0679_contig_1.gbk
writing S0679_contig_1.gbk
writing S0679_contig_2.gbk
writing S0679_contig_2.gbk
writing S0679_contig_3.gbk
writing S0679_contig_3.gbk
writing S0679_contig_3.gbk
writing S0679_contig_4.gbk
writing S0679_contig_4.gbk
writing S0679_contig_4.gbk
writing S0679_contig_4.gbk
writing S0679_contig_5.gbk
writing S0679_contig_5.gbk
writing S0679_contig_6.gbk
writing S0679_contig_7.gbk
writing S0679_contig_7.gbk
writing S0679_contig_7.gbk
writing S0679_contig_7.gbk
writing S0679_contig_8.gbk
writing S0679_contig_9.gbk
writing S0679_contig_9.gbk
writing S0679_contig_9.gbk
writing S0679_contig_10.gbk
writing S0679_contig_10.gbk
writing S0679_contig_11.gbk
writing S0679_contig_12.gbk
writing S0679_contig_13.gbk
writing S0679_contig_15.gbk
writing S0679_contig_15.gbk
writing S0679_contig_15.gbk
writing S0679_contig_18.gbk
writing S0679_contig_19.gbk
writing S0679_contig_27.gbk
The summary file for S0679 was saved to S0679/S0679.tsv.
Success: 'ampcombi parse_tables' completed successfully ! Now run ampcombi complete !

=== Sample 24/301: S0681 ===

 $$$$$$\  $$\      $$\ $$$$$$$\                                    $$\       $$\|
$$  __$$\ $$$\    $$$ |$$  __$$\                                   $$ |      \__|
$ /   $$ |$$$$\  $$$$ |$$ |  $$ | $$$$$$$\  $$$$$$\  $$$$$$\$$$$\  $$$$$$$\  $$\ 
$$$$$$$$ |$$\$$\$$ $$ |$$$$$$$  |$$  _____|$$  __$$\ $$  _$$  _$$\ $$  __$$\ $$ |
$$  __$$ |$$ \$$$  $$ |$$  ____/ $$ /      $$ /  $$ |$$ / $$ / $$ |$$ |  $$ |$$ |
$$ |  $$ |$$ |\$  /$$ |$$ |      $$ |      $$ |  $$ |$$ | $$ | $$ |$$ |  $$ |$$ |
$$ |  $$ |$$ | \_/ $$ |$$ |      \$$$$$$$\ \$$$$$$  |$$ | $$ | $$ |$$$$$$$  |$$ |
\__|  \__|\__|     \__|\__|       \_______| \______/ \__| \__| \__|\_______/ \__|

<--AMP_database> = /work3/josne/github/bacass/assets/databases/amp_DRAMP_database is found and will be used
MMseqs2 directory already exists in /work3/josne/github/bacass/assets/databases/amp_DRAMP_database.

 ########################################################## 
Processing AMP-files from sample: S0681
found macrel file
found ampir file
found amplify file
No InterproScan files were provided. Workflow continuing ....
The fasta containing AMP sequences for S0681 was saved to S0681/ 

The mmseqs alignment for S0681 in progress ....
No AMP hits for S0681 were successfully aligned to the reference database. Consider changing the database.
The mmseqs alignment for S0681 was saved to S0681/.
Estimating functional and structural properties for S0681 ....
Parsing the corresponding gene bank file for S0681 ....
writing S0681_contig_1.gbk
writing S0681_contig_1.gbk
writing S0681_contig_1.gbk
writing S0681_contig_1.gbk
writing S0681_contig_1.gbk
writing S0681_contig_1.gbk
writing S0681_contig_1.gbk
writing S0681_contig_1.gbk
writing S0681_contig_1.gbk
writing S0681_contig_2.gbk
writing S0681_contig_2.gbk
writing S0681_contig_2.gbk
writing S0681_contig_2.gbk
writing S0681_contig_3.gbk
writing S0681_contig_4.gbk
writing S0681_contig_4.gbk
writing S0681_contig_4.gbk
writing S0681_contig_4.gbk
writing S0681_contig_4.gbk
writing S0681_contig_5.gbk
writing S0681_contig_6.gbk
writing S0681_contig_7.gbk
writing S0681_contig_7.gbk
writing S0681_contig_8.gbk
writing S0681_contig_10.gbk
writing S0681_contig_12.gbk
writing S0681_contig_12.gbk
writing S0681_contig_13.gbk
writing S0681_contig_15.gbk
writing S0681_contig_18.gbk
writing S0681_contig_19.gbk
writing S0681_contig_20.gbk
writing S0681_contig_28.gbk
The summary file for S0681 was saved to S0681/S0681.tsv.
Success: 'ampcombi parse_tables' completed successfully ! Now run ampcombi complete !

=== Sample 25/301: S0682 ===

 $$$$$$\  $$\      $$\ $$$$$$$\                                    $$\       $$\|
$$  __$$\ $$$\    $$$ |$$  __$$\                                   $$ |      \__|
$ /   $$ |$$$$\  $$$$ |$$ |  $$ | $$$$$$$\  $$$$$$\  $$$$$$\$$$$\  $$$$$$$\  $$\ 
$$$$$$$$ |$$\$$\$$ $$ |$$$$$$$  |$$  _____|$$  __$$\ $$  _$$  _$$\ $$  __$$\ $$ |
$$  __$$ |$$ \$$$  $$ |$$  ____/ $$ /      $$ /  $$ |$$ / $$ / $$ |$$ |  $$ |$$ |
$$ |  $$ |$$ |\$  /$$ |$$ |      $$ |      $$ |  $$ |$$ | $$ | $$ |$$ |  $$ |$$ |
$$ |  $$ |$$ | \_/ $$ |$$ |      \$$$$$$$\ \$$$$$$  |$$ | $$ | $$ |$$$$$$$  |$$ |
\__|  \__|\__|     \__|\__|       \_______| \______/ \__| \__| \__|\_______/ \__|

<--AMP_database> = /work3/josne/github/bacass/assets/databases/amp_DRAMP_database is found and will be used
MMseqs2 directory already exists in /work3/josne/github/bacass/assets/databases/amp_DRAMP_database.

 ########################################################## 
Processing AMP-files from sample: S0682
found macrel file
found ampir file
found amplify file
No InterproScan files were provided. Workflow continuing ....
The fasta containing AMP sequences for S0682 was saved to S0682/ 

The mmseqs alignment for S0682 in progress ....
No AMP hits for S0682 were successfully aligned to the reference database. Consider changing the database.
The mmseqs alignment for S0682 was saved to S0682/.
Estimating functional and structural properties for S0682 ....
Parsing the corresponding gene bank file for S0682 ....
writing S0682_contig_1.gbk
writing S0682_contig_1.gbk
writing S0682_contig_1.gbk
writing S0682_contig_1.gbk
writing S0682_contig_1.gbk
writing S0682_contig_1.gbk
writing S0682_contig_2.gbk
writing S0682_contig_2.gbk
writing S0682_contig_2.gbk
writing S0682_contig_3.gbk
writing S0682_contig_3.gbk
writing S0682_contig_3.gbk
writing S0682_contig_3.gbk
writing S0682_contig_3.gbk
writing S0682_contig_3.gbk
writing S0682_contig_4.gbk
writing S0682_contig_4.gbk
writing S0682_contig_4.gbk
writing S0682_contig_4.gbk
writing S0682_contig_4.gbk
writing S0682_contig_4.gbk
writing S0682_contig_5.gbk
writing S0682_contig_5.gbk
writing S0682_contig_5.gbk
writing S0682_contig_6.gbk
writing S0682_contig_7.gbk
writing S0682_contig_9.gbk
writing S0682_contig_9.gbk
writing S0682_contig_10.gbk
writing S0682_contig_10.gbk
writing S0682_contig_11.gbk
writing S0682_contig_12.gbk
writing S0682_contig_17.gbk
writing S0682_contig_18.gbk
writing S0682_contig_19.gbk
The summary file for S0682 was saved to S0682/S0682.tsv.
Success: 'ampcombi parse_tables' completed successfully ! Now run ampcombi complete !

=== Sample 26/301: S0693 ===

 $$$$$$\  $$\      $$\ $$$$$$$\                                    $$\       $$\|
$$  __$$\ $$$\    $$$ |$$  __$$\                                   $$ |      \__|
$ /   $$ |$$$$\  $$$$ |$$ |  $$ | $$$$$$$\  $$$$$$\  $$$$$$\$$$$\  $$$$$$$\  $$\ 
$$$$$$$$ |$$\$$\$$ $$ |$$$$$$$  |$$  _____|$$  __$$\ $$  _$$  _$$\ $$  __$$\ $$ |
$$  __$$ |$$ \$$$  $$ |$$  ____/ $$ /      $$ /  $$ |$$ / $$ / $$ |$$ |  $$ |$$ |
$$ |  $$ |$$ |\$  /$$ |$$ |      $$ |      $$ |  $$ |$$ | $$ | $$ |$$ |  $$ |$$ |
$$ |  $$ |$$ | \_/ $$ |$$ |      \$$$$$$$\ \$$$$$$  |$$ | $$ | $$ |$$$$$$$  |$$ |
\__|  \__|\__|     \__|\__|       \_______| \______/ \__| \__| \__|\_______/ \__|

<--AMP_database> = /work3/josne/github/bacass/assets/databases/amp_DRAMP_database is found and will be used
MMseqs2 directory already exists in /work3/josne/github/bacass/assets/databases/amp_DRAMP_database.

 ########################################################## 
Processing AMP-files from sample: S0693
found macrel file
found ampir file
found amplify file
No InterproScan files were provided. Workflow continuing ....
The fasta containing AMP sequences for S0693 was saved to S0693/ 

The mmseqs alignment for S0693 in progress ....
No AMP hits for S0693 were successfully aligned to the reference database. Consider changing the database.
The mmseqs alignment for S0693 was saved to S0693/.
Estimating functional and structural properties for S0693 ....
Parsing the corresponding gene bank file for S0693 ....
writing S0693_contig_1.gbk
writing S0693_contig_1.gbk
writing S0693_contig_1.gbk
writing S0693_contig_1.gbk
writing S0693_contig_2.gbk
writing S0693_contig_2.gbk
writing S0693_contig_3.gbk
writing S0693_contig_3.gbk
writing S0693_contig_4.gbk
writing S0693_contig_5.gbk
writing S0693_contig_5.gbk
writing S0693_contig_7.gbk
writing S0693_contig_7.gbk
writing S0693_contig_7.gbk
writing S0693_contig_7.gbk
writing S0693_contig_8.gbk
writing S0693_contig_8.gbk
writing S0693_contig_9.gbk
writing S0693_contig_11.gbk
writing S0693_contig_13.gbk
writing S0693_contig_14.gbk
The summary file for S0693 was saved to S0693/S0693.tsv.
Success: 'ampcombi parse_tables' completed successfully ! Now run ampcombi complete !

=== Sample 27/301: S0703 ===

 $$$$$$\  $$\      $$\ $$$$$$$\                                    $$\       $$\|
$$  __$$\ $$$\    $$$ |$$  __$$\                                   $$ |      \__|
$ /   $$ |$$$$\  $$$$ |$$ |  $$ | $$$$$$$\  $$$$$$\  $$$$$$\$$$$\  $$$$$$$\  $$\ 
$$$$$$$$ |$$\$$\$$ $$ |$$$$$$$  |$$  _____|$$  __$$\ $$  _$$  _$$\ $$  __$$\ $$ |
$$  __$$ |$$ \$$$  $$ |$$  ____/ $$ /      $$ /  $$ |$$ / $$ / $$ |$$ |  $$ |$$ |
$$ |  $$ |$$ |\$  /$$ |$$ |      $$ |      $$ |  $$ |$$ | $$ | $$ |$$ |  $$ |$$ |
$$ |  $$ |$$ | \_/ $$ |$$ |      \$$$$$$$\ \$$$$$$  |$$ | $$ | $$ |$$$$$$$  |$$ |
\__|  \__|\__|     \__|\__|       \_______| \______/ \__| \__| \__|\_______/ \__|

<--AMP_database> = /work3/josne/github/bacass/assets/databases/amp_DRAMP_database is found and will be used
MMseqs2 directory already exists in /work3/josne/github/bacass/assets/databases/amp_DRAMP_database.

 ########################################################## 
Processing AMP-files from sample: S0703
found macrel file
found ampir file
found amplify file
No InterproScan files were provided. Workflow continuing ....
The fasta containing AMP sequences for S0703 was saved to S0703/ 

The mmseqs alignment for S0703 in progress ....
No AMP hits for S0703 were successfully aligned to the reference database. Consider changing the database.
The mmseqs alignment for S0703 was saved to S0703/.
Estimating functional and structural properties for S0703 ....
Parsing the corresponding gene bank file for S0703 ....
writing S0703_contig_1.gbk
writing S0703_contig_1.gbk
writing S0703_contig_1.gbk
writing S0703_contig_1.gbk
writing S0703_contig_1.gbk
writing S0703_contig_1.gbk
writing S0703_contig_1.gbk
writing S0703_contig_1.gbk
writing S0703_contig_1.gbk
writing S0703_contig_2.gbk
writing S0703_contig_2.gbk
writing S0703_contig_2.gbk
writing S0703_contig_2.gbk
writing S0703_contig_3.gbk
writing S0703_contig_4.gbk
writing S0703_contig_4.gbk
writing S0703_contig_4.gbk
writing S0703_contig_4.gbk
writing S0703_contig_4.gbk
writing S0703_contig_5.gbk
writing S0703_contig_6.gbk
writing S0703_contig_6.gbk
writing S0703_contig_6.gbk
writing S0703_contig_7.gbk
writing S0703_contig_8.gbk
writing S0703_contig_10.gbk
writing S0703_contig_12.gbk
writing S0703_contig_12.gbk
writing S0703_contig_13.gbk
writing S0703_contig_15.gbk
writing S0703_contig_18.gbk
writing S0703_contig_19.gbk
writing S0703_contig_27.gbk
The summary file for S0703 was saved to S0703/S0703.tsv.
Success: 'ampcombi parse_tables' completed successfully ! Now run ampcombi complete !

=== Sample 28/301: S0787 ===

 $$$$$$\  $$\      $$\ $$$$$$$\                                    $$\       $$\|
$$  __$$\ $$$\    $$$ |$$  __$$\                                   $$ |      \__|
$ /   $$ |$$$$\  $$$$ |$$ |  $$ | $$$$$$$\  $$$$$$\  $$$$$$\$$$$\  $$$$$$$\  $$\ 
$$$$$$$$ |$$\$$\$$ $$ |$$$$$$$  |$$  _____|$$  __$$\ $$  _$$  _$$\ $$  __$$\ $$ |
$$  __$$ |$$ \$$$  $$ |$$  ____/ $$ /      $$ /  $$ |$$ / $$ / $$ |$$ |  $$ |$$ |
$$ |  $$ |$$ |\$  /$$ |$$ |      $$ |      $$ |  $$ |$$ | $$ | $$ |$$ |  $$ |$$ |
$$ |  $$ |$$ | \_/ $$ |$$ |      \$$$$$$$\ \$$$$$$  |$$ | $$ | $$ |$$$$$$$  |$$ |
\__|  \__|\__|     \__|\__|       \_______| \______/ \__| \__| \__|\_______/ \__|

<--AMP_database> = /work3/josne/github/bacass/assets/databases/amp_DRAMP_database is found and will be used
MMseqs2 directory already exists in /work3/josne/github/bacass/assets/databases/amp_DRAMP_database.

 ########################################################## 
Processing AMP-files from sample: S0787
found macrel file
found ampir file
found amplify file
No InterproScan files were provided. Workflow continuing ....
The fasta containing AMP sequences for S0787 was saved to S0787/ 

The mmseqs alignment for S0787 in progress ....
No AMP hits for S0787 were successfully aligned to the reference database. Consider changing the database.
The mmseqs alignment for S0787 was saved to S0787/.
Estimating functional and structural properties for S0787 ....
Parsing the corresponding gene bank file for S0787 ....
writing S0787_contig_1.gbk
writing S0787_contig_1.gbk
writing S0787_contig_1.gbk
writing S0787_contig_1.gbk
writing S0787_contig_1.gbk
writing S0787_contig_1.gbk
writing S0787_contig_1.gbk
writing S0787_contig_1.gbk
writing S0787_contig_1.gbk
writing S0787_contig_2.gbk
writing S0787_contig_2.gbk
writing S0787_contig_2.gbk
writing S0787_contig_2.gbk
writing S0787_contig_2.gbk
writing S0787_contig_3.gbk
writing S0787_contig_3.gbk
writing S0787_contig_3.gbk
writing S0787_contig_4.gbk
writing S0787_contig_4.gbk
writing S0787_contig_6.gbk
writing S0787_contig_7.gbk
writing S0787_contig_7.gbk
writing S0787_contig_7.gbk
writing S0787_contig_8.gbk
writing S0787_contig_9.gbk
writing S0787_contig_9.gbk
writing S0787_contig_14.gbk
writing S0787_contig_14.gbk
writing S0787_contig_15.gbk
writing S0787_contig_19.gbk
writing S0787_contig_19.gbk
writing S0787_contig_19.gbk
The summary file for S0787 was saved to S0787/S0787.tsv.
Success: 'ampcombi parse_tables' completed successfully ! Now run ampcombi complete !

=== Sample 29/301: S0788 ===

 $$$$$$\  $$\      $$\ $$$$$$$\                                    $$\       $$\|
$$  __$$\ $$$\    $$$ |$$  __$$\                                   $$ |      \__|
$ /   $$ |$$$$\  $$$$ |$$ |  $$ | $$$$$$$\  $$$$$$\  $$$$$$\$$$$\  $$$$$$$\  $$\ 
$$$$$$$$ |$$\$$\$$ $$ |$$$$$$$  |$$  _____|$$  __$$\ $$  _$$  _$$\ $$  __$$\ $$ |
$$  __$$ |$$ \$$$  $$ |$$  ____/ $$ /      $$ /  $$ |$$ / $$ / $$ |$$ |  $$ |$$ |
$$ |  $$ |$$ |\$  /$$ |$$ |      $$ |      $$ |  $$ |$$ | $$ | $$ |$$ |  $$ |$$ |
$$ |  $$ |$$ | \_/ $$ |$$ |      \$$$$$$$\ \$$$$$$  |$$ | $$ | $$ |$$$$$$$  |$$ |
\__|  \__|\__|     \__|\__|       \_______| \______/ \__| \__| \__|\_______/ \__|

<--AMP_database> = /work3/josne/github/bacass/assets/databases/amp_DRAMP_database is found and will be used
MMseqs2 directory already exists in /work3/josne/github/bacass/assets/databases/amp_DRAMP_database.

 ########################################################## 
Processing AMP-files from sample: S0788
found macrel file
found ampir file
found amplify file
No InterproScan files were provided. Workflow continuing ....
The fasta containing AMP sequences for S0788 was saved to S0788/ 

The mmseqs alignment for S0788 in progress ....
No AMP hits for S0788 were successfully aligned to the reference database. Consider changing the database.
The mmseqs alignment for S0788 was saved to S0788/.
Estimating functional and structural properties for S0788 ....
Parsing the corresponding gene bank file for S0788 ....
writing S0788_contig_1.gbk
writing S0788_contig_2.gbk
writing S0788_contig_2.gbk
writing S0788_contig_2.gbk
writing S0788_contig_3.gbk
writing S0788_contig_3.gbk
writing S0788_contig_3.gbk
writing S0788_contig_3.gbk
writing S0788_contig_3.gbk
writing S0788_contig_5.gbk
writing S0788_contig_7.gbk
writing S0788_contig_8.gbk
writing S0788_contig_15.gbk
writing S0788_contig_15.gbk
writing S0788_contig_15.gbk
writing S0788_contig_19.gbk
writing S0788_contig_19.gbk
writing S0788_contig_21.gbk
writing S0788_contig_24.gbk
writing S0788_contig_24.gbk
writing S0788_contig_32.gbk
writing S0788_contig_34.gbk
writing S0788_contig_41.gbk
writing S0788_contig_56.gbk
writing S0788_contig_59.gbk
writing S0788_contig_60.gbk
writing S0788_contig_62.gbk
writing S0788_contig_85.gbk
writing S0788_contig_86.gbk
writing S0788_contig_96.gbk
writing S0788_contig_100.gbk
writing S0788_contig_108.gbk
The summary file for S0788 was saved to S0788/S0788.tsv.
Success: 'ampcombi parse_tables' completed successfully ! Now run ampcombi complete !

=== Sample 30/301: S0790 ===

 $$$$$$\  $$\      $$\ $$$$$$$\                                    $$\       $$\|
$$  __$$\ $$$\    $$$ |$$  __$$\                                   $$ |      \__|
$ /   $$ |$$$$\  $$$$ |$$ |  $$ | $$$$$$$\  $$$$$$\  $$$$$$\$$$$\  $$$$$$$\  $$\ 
$$$$$$$$ |$$\$$\$$ $$ |$$$$$$$  |$$  _____|$$  __$$\ $$  _$$  _$$\ $$  __$$\ $$ |
$$  __$$ |$$ \$$$  $$ |$$  ____/ $$ /      $$ /  $$ |$$ / $$ / $$ |$$ |  $$ |$$ |
$$ |  $$ |$$ |\$  /$$ |$$ |      $$ |      $$ |  $$ |$$ | $$ | $$ |$$ |  $$ |$$ |
$$ |  $$ |$$ | \_/ $$ |$$ |      \$$$$$$$\ \$$$$$$  |$$ | $$ | $$ |$$$$$$$  |$$ |
\__|  \__|\__|     \__|\__|       \_______| \______/ \__| \__| \__|\_______/ \__|

<--AMP_database> = /work3/josne/github/bacass/assets/databases/amp_DRAMP_database is found and will be used
MMseqs2 directory already exists in /work3/josne/github/bacass/assets/databases/amp_DRAMP_database.

 ########################################################## 
Processing AMP-files from sample: S0790
found macrel file
found ampir file
found amplify file
No InterproScan files were provided. Workflow continuing ....
The fasta containing AMP sequences for S0790 was saved to S0790/ 

The mmseqs alignment for S0790 in progress ....
No AMP hits for S0790 were successfully aligned to the reference database. Consider changing the database.
The mmseqs alignment for S0790 was saved to S0790/.
Estimating functional and structural properties for S0790 ....
Parsing the corresponding gene bank file for S0790 ....
writing S0790_contig_1.gbk
writing S0790_contig_2.gbk
writing S0790_contig_2.gbk
writing S0790_contig_2.gbk
writing S0790_contig_2.gbk
writing S0790_contig_2.gbk
writing S0790_contig_3.gbk
writing S0790_contig_4.gbk
writing S0790_contig_4.gbk
writing S0790_contig_5.gbk
writing S0790_contig_5.gbk
writing S0790_contig_5.gbk
writing S0790_contig_5.gbk
writing S0790_contig_5.gbk
writing S0790_contig_6.gbk
writing S0790_contig_6.gbk
writing S0790_contig_8.gbk
writing S0790_contig_9.gbk
writing S0790_contig_9.gbk
writing S0790_contig_9.gbk
writing S0790_contig_9.gbk
writing S0790_contig_10.gbk
writing S0790_contig_12.gbk
writing S0790_contig_14.gbk
writing S0790_contig_15.gbk
writing S0790_contig_16.gbk
writing S0790_contig_21.gbk
writing S0790_contig_25.gbk
writing S0790_contig_27.gbk
writing S0790_contig_33.gbk
writing S0790_contig_37.gbk
The summary file for S0790 was saved to S0790/S0790.tsv.
Success: 'ampcombi parse_tables' completed successfully ! Now run ampcombi complete !

=== Sample 31/301: S0791 ===

 $$$$$$\  $$\      $$\ $$$$$$$\                                    $$\       $$\|
$$  __$$\ $$$\    $$$ |$$  __$$\                                   $$ |      \__|
$ /   $$ |$$$$\  $$$$ |$$ |  $$ | $$$$$$$\  $$$$$$\  $$$$$$\$$$$\  $$$$$$$\  $$\ 
$$$$$$$$ |$$\$$\$$ $$ |$$$$$$$  |$$  _____|$$  __$$\ $$  _$$  _$$\ $$  __$$\ $$ |
$$  __$$ |$$ \$$$  $$ |$$  ____/ $$ /      $$ /  $$ |$$ / $$ / $$ |$$ |  $$ |$$ |
$$ |  $$ |$$ |\$  /$$ |$$ |      $$ |      $$ |  $$ |$$ | $$ | $$ |$$ |  $$ |$$ |
$$ |  $$ |$$ | \_/ $$ |$$ |      \$$$$$$$\ \$$$$$$  |$$ | $$ | $$ |$$$$$$$  |$$ |
\__|  \__|\__|     \__|\__|       \_______| \______/ \__| \__| \__|\_______/ \__|

<--AMP_database> = /work3/josne/github/bacass/assets/databases/amp_DRAMP_database is found and will be used
MMseqs2 directory already exists in /work3/josne/github/bacass/assets/databases/amp_DRAMP_database.

 ########################################################## 
Processing AMP-files from sample: S0791
found macrel file
found ampir file
found amplify file
No InterproScan files were provided. Workflow continuing ....
The fasta containing AMP sequences for S0791 was saved to S0791/ 

The mmseqs alignment for S0791 in progress ....
No AMP hits for S0791 were successfully aligned to the reference database. Consider changing the database.
The mmseqs alignment for S0791 was saved to S0791/.
Estimating functional and structural properties for S0791 ....
Parsing the corresponding gene bank file for S0791 ....
writing S0791_contig_1.gbk
writing S0791_contig_1.gbk
writing S0791_contig_1.gbk
writing S0791_contig_1.gbk
writing S0791_contig_1.gbk
writing S0791_contig_1.gbk
writing S0791_contig_1.gbk
writing S0791_contig_2.gbk
writing S0791_contig_2.gbk
writing S0791_contig_3.gbk
writing S0791_contig_4.gbk
writing S0791_contig_4.gbk
writing S0791_contig_4.gbk
writing S0791_contig_4.gbk
writing S0791_contig_4.gbk
writing S0791_contig_5.gbk
writing S0791_contig_5.gbk
writing S0791_contig_7.gbk
writing S0791_contig_8.gbk
writing S0791_contig_10.gbk
writing S0791_contig_10.gbk
writing S0791_contig_11.gbk
writing S0791_contig_13.gbk
writing S0791_contig_14.gbk
writing S0791_contig_15.gbk
writing S0791_contig_21.gbk
writing S0791_contig_23.gbk
writing S0791_contig_24.gbk
writing S0791_contig_24.gbk
writing S0791_contig_26.gbk
writing S0791_contig_29.gbk
writing S0791_contig_37.gbk
writing S0791_contig_42.gbk
The summary file for S0791 was saved to S0791/S0791.tsv.
Success: 'ampcombi parse_tables' completed successfully ! Now run ampcombi complete !

=== Sample 32/301: S0792 ===

 $$$$$$\  $$\      $$\ $$$$$$$\                                    $$\       $$\|
$$  __$$\ $$$\    $$$ |$$  __$$\                                   $$ |      \__|
$ /   $$ |$$$$\  $$$$ |$$ |  $$ | $$$$$$$\  $$$$$$\  $$$$$$\$$$$\  $$$$$$$\  $$\ 
$$$$$$$$ |$$\$$\$$ $$ |$$$$$$$  |$$  _____|$$  __$$\ $$  _$$  _$$\ $$  __$$\ $$ |
$$  __$$ |$$ \$$$  $$ |$$  ____/ $$ /      $$ /  $$ |$$ / $$ / $$ |$$ |  $$ |$$ |
$$ |  $$ |$$ |\$  /$$ |$$ |      $$ |      $$ |  $$ |$$ | $$ | $$ |$$ |  $$ |$$ |
$$ |  $$ |$$ | \_/ $$ |$$ |      \$$$$$$$\ \$$$$$$  |$$ | $$ | $$ |$$$$$$$  |$$ |
\__|  \__|\__|     \__|\__|       \_______| \______/ \__| \__| \__|\_______/ \__|

<--AMP_database> = /work3/josne/github/bacass/assets/databases/amp_DRAMP_database is found and will be used
MMseqs2 directory already exists in /work3/josne/github/bacass/assets/databases/amp_DRAMP_database.

 ########################################################## 
Processing AMP-files from sample: S0792
found macrel file
found ampir file
found amplify file
No InterproScan files were provided. Workflow continuing ....
The fasta containing AMP sequences for S0792 was saved to S0792/ 

The mmseqs alignment for S0792 in progress ....
No AMP hits for S0792 were successfully aligned to the reference database. Consider changing the database.
The mmseqs alignment for S0792 was saved to S0792/.
Estimating functional and structural properties for S0792 ....
Parsing the corresponding gene bank file for S0792 ....
writing S0792_contig_1.gbk
writing S0792_contig_2.gbk
writing S0792_contig_2.gbk
writing S0792_contig_2.gbk
writing S0792_contig_2.gbk
writing S0792_contig_2.gbk
writing S0792_contig_3.gbk
writing S0792_contig_4.gbk
writing S0792_contig_4.gbk
writing S0792_contig_5.gbk
writing S0792_contig_5.gbk
writing S0792_contig_6.gbk
writing S0792_contig_6.gbk
writing S0792_contig_6.gbk
writing S0792_contig_6.gbk
writing S0792_contig_6.gbk
writing S0792_contig_8.gbk
writing S0792_contig_9.gbk
writing S0792_contig_9.gbk
writing S0792_contig_9.gbk
writing S0792_contig_9.gbk
writing S0792_contig_10.gbk
writing S0792_contig_12.gbk
writing S0792_contig_13.gbk
writing S0792_contig_14.gbk
writing S0792_contig_15.gbk
writing S0792_contig_22.gbk
writing S0792_contig_27.gbk
writing S0792_contig_30.gbk
writing S0792_contig_35.gbk
writing S0792_contig_39.gbk
The summary file for S0792 was saved to S0792/S0792.tsv.
Success: 'ampcombi parse_tables' completed successfully ! Now run ampcombi complete !

=== Sample 33/301: S0821 ===

 $$$$$$\  $$\      $$\ $$$$$$$\                                    $$\       $$\|
$$  __$$\ $$$\    $$$ |$$  __$$\                                   $$ |      \__|
$ /   $$ |$$$$\  $$$$ |$$ |  $$ | $$$$$$$\  $$$$$$\  $$$$$$\$$$$\  $$$$$$$\  $$\ 
$$$$$$$$ |$$\$$\$$ $$ |$$$$$$$  |$$  _____|$$  __$$\ $$  _$$  _$$\ $$  __$$\ $$ |
$$  __$$ |$$ \$$$  $$ |$$  ____/ $$ /      $$ /  $$ |$$ / $$ / $$ |$$ |  $$ |$$ |
$$ |  $$ |$$ |\$  /$$ |$$ |      $$ |      $$ |  $$ |$$ | $$ | $$ |$$ |  $$ |$$ |
$$ |  $$ |$$ | \_/ $$ |$$ |      \$$$$$$$\ \$$$$$$  |$$ | $$ | $$ |$$$$$$$  |$$ |
\__|  \__|\__|     \__|\__|       \_______| \______/ \__| \__| \__|\_______/ \__|

<--AMP_database> = /work3/josne/github/bacass/assets/databases/amp_DRAMP_database is found and will be used
MMseqs2 directory already exists in /work3/josne/github/bacass/assets/databases/amp_DRAMP_database.

 ########################################################## 
Processing AMP-files from sample: S0821
found macrel file
found ampir file
found amplify file
No InterproScan files were provided. Workflow continuing ....
The fasta containing AMP sequences for S0821 was saved to S0821/ 

The mmseqs alignment for S0821 in progress ....
No AMP hits for S0821 were successfully aligned to the reference database. Consider changing the database.
The mmseqs alignment for S0821 was saved to S0821/.
Estimating functional and structural properties for S0821 ....
Parsing the corresponding gene bank file for S0821 ....
writing S0821_contig_1.gbk
writing S0821_contig_1.gbk
writing S0821_contig_1.gbk
writing S0821_contig_1.gbk
writing S0821_contig_2.gbk
writing S0821_contig_2.gbk
writing S0821_contig_3.gbk
writing S0821_contig_3.gbk
writing S0821_contig_4.gbk
writing S0821_contig_4.gbk
writing S0821_contig_4.gbk
writing S0821_contig_5.gbk
writing S0821_contig_5.gbk
writing S0821_contig_5.gbk
writing S0821_contig_6.gbk
writing S0821_contig_7.gbk
writing S0821_contig_8.gbk
writing S0821_contig_9.gbk
writing S0821_contig_9.gbk
writing S0821_contig_10.gbk
writing S0821_contig_10.gbk
writing S0821_contig_11.gbk
writing S0821_contig_12.gbk
writing S0821_contig_15.gbk
writing S0821_contig_15.gbk
writing S0821_contig_15.gbk
writing S0821_contig_15.gbk
writing S0821_contig_18.gbk
The summary file for S0821 was saved to S0821/S0821.tsv.
Success: 'ampcombi parse_tables' completed successfully ! Now run ampcombi complete !

=== Sample 34/301: S0838 ===

 $$$$$$\  $$\      $$\ $$$$$$$\                                    $$\       $$\|
$$  __$$\ $$$\    $$$ |$$  __$$\                                   $$ |      \__|
$ /   $$ |$$$$\  $$$$ |$$ |  $$ | $$$$$$$\  $$$$$$\  $$$$$$\$$$$\  $$$$$$$\  $$\ 
$$$$$$$$ |$$\$$\$$ $$ |$$$$$$$  |$$  _____|$$  __$$\ $$  _$$  _$$\ $$  __$$\ $$ |
$$  __$$ |$$ \$$$  $$ |$$  ____/ $$ /      $$ /  $$ |$$ / $$ / $$ |$$ |  $$ |$$ |
$$ |  $$ |$$ |\$  /$$ |$$ |      $$ |      $$ |  $$ |$$ | $$ | $$ |$$ |  $$ |$$ |
$$ |  $$ |$$ | \_/ $$ |$$ |      \$$$$$$$\ \$$$$$$  |$$ | $$ | $$ |$$$$$$$  |$$ |
\__|  \__|\__|     \__|\__|       \_______| \______/ \__| \__| \__|\_______/ \__|

<--AMP_database> = /work3/josne/github/bacass/assets/databases/amp_DRAMP_database is found and will be used
MMseqs2 directory already exists in /work3/josne/github/bacass/assets/databases/amp_DRAMP_database.

 ########################################################## 
Processing AMP-files from sample: S0838
found macrel file
found ampir file
found amplify file
No InterproScan files were provided. Workflow continuing ....
The fasta containing AMP sequences for S0838 was saved to S0838/ 

The mmseqs alignment for S0838 in progress ....
No AMP hits for S0838 were successfully aligned to the reference database. Consider changing the database.
The mmseqs alignment for S0838 was saved to S0838/.
Estimating functional and structural properties for S0838 ....
Parsing the corresponding gene bank file for S0838 ....
writing S0838_contig_1.gbk
writing S0838_contig_3.gbk
writing S0838_contig_7.gbk
writing S0838_contig_9.gbk
writing S0838_contig_13.gbk
writing S0838_contig_13.gbk
writing S0838_contig_18.gbk
writing S0838_contig_20.gbk
writing S0838_contig_22.gbk
writing S0838_contig_30.gbk
writing S0838_contig_30.gbk
writing S0838_contig_33.gbk
writing S0838_contig_33.gbk
writing S0838_contig_34.gbk
writing S0838_contig_36.gbk
writing S0838_contig_46.gbk
writing S0838_contig_48.gbk
writing S0838_contig_51.gbk
writing S0838_contig_54.gbk
writing S0838_contig_61.gbk
writing S0838_contig_67.gbk
writing S0838_contig_70.gbk
writing S0838_contig_106.gbk
writing S0838_contig_117.gbk
writing S0838_contig_124.gbk
writing S0838_contig_128.gbk
writing S0838_contig_135.gbk
writing S0838_contig_157.gbk
writing S0838_contig_176.gbk
writing S0838_contig_188.gbk
writing S0838_contig_252.gbk
writing S0838_contig_261.gbk
writing S0838_contig_394.gbk
The summary file for S0838 was saved to S0838/S0838.tsv.
Success: 'ampcombi parse_tables' completed successfully ! Now run ampcombi complete !

=== Sample 35/301: S0839 ===

 $$$$$$\  $$\      $$\ $$$$$$$\                                    $$\       $$\|
$$  __$$\ $$$\    $$$ |$$  __$$\                                   $$ |      \__|
$ /   $$ |$$$$\  $$$$ |$$ |  $$ | $$$$$$$\  $$$$$$\  $$$$$$\$$$$\  $$$$$$$\  $$\ 
$$$$$$$$ |$$\$$\$$ $$ |$$$$$$$  |$$  _____|$$  __$$\ $$  _$$  _$$\ $$  __$$\ $$ |
$$  __$$ |$$ \$$$  $$ |$$  ____/ $$ /      $$ /  $$ |$$ / $$ / $$ |$$ |  $$ |$$ |
$$ |  $$ |$$ |\$  /$$ |$$ |      $$ |      $$ |  $$ |$$ | $$ | $$ |$$ |  $$ |$$ |
$$ |  $$ |$$ | \_/ $$ |$$ |      \$$$$$$$\ \$$$$$$  |$$ | $$ | $$ |$$$$$$$  |$$ |
\__|  \__|\__|     \__|\__|       \_______| \______/ \__| \__| \__|\_______/ \__|

<--AMP_database> = /work3/josne/github/bacass/assets/databases/amp_DRAMP_database is found and will be used
MMseqs2 directory already exists in /work3/josne/github/bacass/assets/databases/amp_DRAMP_database.

 ########################################################## 
Processing AMP-files from sample: S0839
found macrel file
found ampir file
found amplify file
No InterproScan files were provided. Workflow continuing ....
The fasta containing AMP sequences for S0839 was saved to S0839/ 

The mmseqs alignment for S0839 in progress ....
No AMP hits for S0839 were successfully aligned to the reference database. Consider changing the database.
The mmseqs alignment for S0839 was saved to S0839/.
Estimating functional and structural properties for S0839 ....
Parsing the corresponding gene bank file for S0839 ....
writing S0839_contig_1.gbk
writing S0839_contig_1.gbk
writing S0839_contig_1.gbk
writing S0839_contig_1.gbk
writing S0839_contig_2.gbk
writing S0839_contig_2.gbk
writing S0839_contig_2.gbk
writing S0839_contig_3.gbk
writing S0839_contig_3.gbk
writing S0839_contig_4.gbk
writing S0839_contig_4.gbk
writing S0839_contig_7.gbk
writing S0839_contig_8.gbk
writing S0839_contig_9.gbk
writing S0839_contig_10.gbk
writing S0839_contig_12.gbk
writing S0839_contig_12.gbk
writing S0839_contig_14.gbk
writing S0839_contig_14.gbk
writing S0839_contig_17.gbk
writing S0839_contig_18.gbk
writing S0839_contig_24.gbk
The summary file for S0839 was saved to S0839/S0839.tsv.
Success: 'ampcombi parse_tables' completed successfully ! Now run ampcombi complete !

=== Sample 36/301: S0842 ===

 $$$$$$\  $$\      $$\ $$$$$$$\                                    $$\       $$\|
$$  __$$\ $$$\    $$$ |$$  __$$\                                   $$ |      \__|
$ /   $$ |$$$$\  $$$$ |$$ |  $$ | $$$$$$$\  $$$$$$\  $$$$$$\$$$$\  $$$$$$$\  $$\ 
$$$$$$$$ |$$\$$\$$ $$ |$$$$$$$  |$$  _____|$$  __$$\ $$  _$$  _$$\ $$  __$$\ $$ |
$$  __$$ |$$ \$$$  $$ |$$  ____/ $$ /      $$ /  $$ |$$ / $$ / $$ |$$ |  $$ |$$ |
$$ |  $$ |$$ |\$  /$$ |$$ |      $$ |      $$ |  $$ |$$ | $$ | $$ |$$ |  $$ |$$ |
$$ |  $$ |$$ | \_/ $$ |$$ |      \$$$$$$$\ \$$$$$$  |$$ | $$ | $$ |$$$$$$$  |$$ |
\__|  \__|\__|     \__|\__|       \_______| \______/ \__| \__| \__|\_______/ \__|

<--AMP_database> = /work3/josne/github/bacass/assets/databases/amp_DRAMP_database is found and will be used
MMseqs2 directory already exists in /work3/josne/github/bacass/assets/databases/amp_DRAMP_database.

 ########################################################## 
Processing AMP-files from sample: S0842
found macrel file
found ampir file
found amplify file
No InterproScan files were provided. Workflow continuing ....
The fasta containing AMP sequences for S0842 was saved to S0842/ 

The mmseqs alignment for S0842 in progress ....
No AMP hits for S0842 were successfully aligned to the reference database. Consider changing the database.
The mmseqs alignment for S0842 was saved to S0842/.
Estimating functional and structural properties for S0842 ....
Parsing the corresponding gene bank file for S0842 ....
writing S0842_contig_1.gbk
writing S0842_contig_1.gbk
writing S0842_contig_1.gbk
writing S0842_contig_1.gbk
writing S0842_contig_1.gbk
writing S0842_contig_1.gbk
writing S0842_contig_2.gbk
writing S0842_contig_2.gbk
writing S0842_contig_3.gbk
writing S0842_contig_3.gbk
writing S0842_contig_3.gbk
writing S0842_contig_3.gbk
writing S0842_contig_4.gbk
writing S0842_contig_4.gbk
writing S0842_contig_6.gbk
writing S0842_contig_6.gbk
writing S0842_contig_6.gbk
writing S0842_contig_8.gbk
writing S0842_contig_8.gbk
writing S0842_contig_9.gbk
writing S0842_contig_10.gbk
writing S0842_contig_11.gbk
writing S0842_contig_11.gbk
writing S0842_contig_12.gbk
writing S0842_contig_18.gbk
The summary file for S0842 was saved to S0842/S0842.tsv.
Success: 'ampcombi parse_tables' completed successfully ! Now run ampcombi complete !

=== Sample 37/301: S0843 ===

 $$$$$$\  $$\      $$\ $$$$$$$\                                    $$\       $$\|
$$  __$$\ $$$\    $$$ |$$  __$$\                                   $$ |      \__|
$ /   $$ |$$$$\  $$$$ |$$ |  $$ | $$$$$$$\  $$$$$$\  $$$$$$\$$$$\  $$$$$$$\  $$\ 
$$$$$$$$ |$$\$$\$$ $$ |$$$$$$$  |$$  _____|$$  __$$\ $$  _$$  _$$\ $$  __$$\ $$ |
$$  __$$ |$$ \$$$  $$ |$$  ____/ $$ /      $$ /  $$ |$$ / $$ / $$ |$$ |  $$ |$$ |
$$ |  $$ |$$ |\$  /$$ |$$ |      $$ |      $$ |  $$ |$$ | $$ | $$ |$$ |  $$ |$$ |
$$ |  $$ |$$ | \_/ $$ |$$ |      \$$$$$$$\ \$$$$$$  |$$ | $$ | $$ |$$$$$$$  |$$ |
\__|  \__|\__|     \__|\__|       \_______| \______/ \__| \__| \__|\_______/ \__|

<--AMP_database> = /work3/josne/github/bacass/assets/databases/amp_DRAMP_database is found and will be used
MMseqs2 directory already exists in /work3/josne/github/bacass/assets/databases/amp_DRAMP_database.

 ########################################################## 
Processing AMP-files from sample: S0843
found macrel file
found ampir file
found amplify file
No InterproScan files were provided. Workflow continuing ....
The fasta containing AMP sequences for S0843 was saved to S0843/ 

The mmseqs alignment for S0843 in progress ....
No AMP hits for S0843 were successfully aligned to the reference database. Consider changing the database.
The mmseqs alignment for S0843 was saved to S0843/.
Estimating functional and structural properties for S0843 ....
Parsing the corresponding gene bank file for S0843 ....
writing S0843_contig_1.gbk
writing S0843_contig_1.gbk
writing S0843_contig_2.gbk
writing S0843_contig_2.gbk
writing S0843_contig_3.gbk
writing S0843_contig_4.gbk
writing S0843_contig_4.gbk
writing S0843_contig_5.gbk
writing S0843_contig_11.gbk
writing S0843_contig_11.gbk
writing S0843_contig_13.gbk
writing S0843_contig_14.gbk
writing S0843_contig_15.gbk
writing S0843_contig_17.gbk
writing S0843_contig_17.gbk
writing S0843_contig_19.gbk
writing S0843_contig_20.gbk
writing S0843_contig_21.gbk
writing S0843_contig_24.gbk
writing S0843_contig_26.gbk
writing S0843_contig_30.gbk
writing S0843_contig_34.gbk
writing S0843_contig_37.gbk
writing S0843_contig_39.gbk
writing S0843_contig_42.gbk
writing S0843_contig_47.gbk
writing S0843_contig_50.gbk
The summary file for S0843 was saved to S0843/S0843.tsv.
Success: 'ampcombi parse_tables' completed successfully ! Now run ampcombi complete !

=== Sample 38/301: S0844 ===

 $$$$$$\  $$\      $$\ $$$$$$$\                                    $$\       $$\|
$$  __$$\ $$$\    $$$ |$$  __$$\                                   $$ |      \__|
$ /   $$ |$$$$\  $$$$ |$$ |  $$ | $$$$$$$\  $$$$$$\  $$$$$$\$$$$\  $$$$$$$\  $$\ 
$$$$$$$$ |$$\$$\$$ $$ |$$$$$$$  |$$  _____|$$  __$$\ $$  _$$  _$$\ $$  __$$\ $$ |
$$  __$$ |$$ \$$$  $$ |$$  ____/ $$ /      $$ /  $$ |$$ / $$ / $$ |$$ |  $$ |$$ |
$$ |  $$ |$$ |\$  /$$ |$$ |      $$ |      $$ |  $$ |$$ | $$ | $$ |$$ |  $$ |$$ |
$$ |  $$ |$$ | \_/ $$ |$$ |      \$$$$$$$\ \$$$$$$  |$$ | $$ | $$ |$$$$$$$  |$$ |
\__|  \__|\__|     \__|\__|       \_______| \______/ \__| \__| \__|\_______/ \__|

<--AMP_database> = /work3/josne/github/bacass/assets/databases/amp_DRAMP_database is found and will be used
MMseqs2 directory already exists in /work3/josne/github/bacass/assets/databases/amp_DRAMP_database.

 ########################################################## 
Processing AMP-files from sample: S0844
found macrel file
found ampir file
found amplify file
No InterproScan files were provided. Workflow continuing ....
The fasta containing AMP sequences for S0844 was saved to S0844/ 

The mmseqs alignment for S0844 in progress ....
No AMP hits for S0844 were successfully aligned to the reference database. Consider changing the database.
The mmseqs alignment for S0844 was saved to S0844/.
Estimating functional and structural properties for S0844 ....
Parsing the corresponding gene bank file for S0844 ....
writing S0844_contig_1.gbk
writing S0844_contig_1.gbk
writing S0844_contig_1.gbk
writing S0844_contig_1.gbk
writing S0844_contig_1.gbk
writing S0844_contig_1.gbk
writing S0844_contig_2.gbk
writing S0844_contig_2.gbk
writing S0844_contig_2.gbk
writing S0844_contig_2.gbk
writing S0844_contig_2.gbk
writing S0844_contig_2.gbk
writing S0844_contig_2.gbk
writing S0844_contig_3.gbk
writing S0844_contig_4.gbk
writing S0844_contig_4.gbk
writing S0844_contig_7.gbk
writing S0844_contig_7.gbk
writing S0844_contig_7.gbk
writing S0844_contig_10.gbk
writing S0844_contig_10.gbk
writing S0844_contig_13.gbk
writing S0844_contig_14.gbk
writing S0844_contig_19.gbk
The summary file for S0844 was saved to S0844/S0844.tsv.
Success: 'ampcombi parse_tables' completed successfully ! Now run ampcombi complete !

=== Sample 39/301: S0845 ===

 $$$$$$\  $$\      $$\ $$$$$$$\                                    $$\       $$\|
$$  __$$\ $$$\    $$$ |$$  __$$\                                   $$ |      \__|
$ /   $$ |$$$$\  $$$$ |$$ |  $$ | $$$$$$$\  $$$$$$\  $$$$$$\$$$$\  $$$$$$$\  $$\ 
$$$$$$$$ |$$\$$\$$ $$ |$$$$$$$  |$$  _____|$$  __$$\ $$  _$$  _$$\ $$  __$$\ $$ |
$$  __$$ |$$ \$$$  $$ |$$  ____/ $$ /      $$ /  $$ |$$ / $$ / $$ |$$ |  $$ |$$ |
$$ |  $$ |$$ |\$  /$$ |$$ |      $$ |      $$ |  $$ |$$ | $$ | $$ |$$ |  $$ |$$ |
$$ |  $$ |$$ | \_/ $$ |$$ |      \$$$$$$$\ \$$$$$$  |$$ | $$ | $$ |$$$$$$$  |$$ |
\__|  \__|\__|     \__|\__|       \_______| \______/ \__| \__| \__|\_______/ \__|

<--AMP_database> = /work3/josne/github/bacass/assets/databases/amp_DRAMP_database is found and will be used
MMseqs2 directory already exists in /work3/josne/github/bacass/assets/databases/amp_DRAMP_database.

 ########################################################## 
Processing AMP-files from sample: S0845
found macrel file
found ampir file
found amplify file
No InterproScan files were provided. Workflow continuing ....
The fasta containing AMP sequences for S0845 was saved to S0845/ 

The mmseqs alignment for S0845 in progress ....
No AMP hits for S0845 were successfully aligned to the reference database. Consider changing the database.
The mmseqs alignment for S0845 was saved to S0845/.
Estimating functional and structural properties for S0845 ....
Parsing the corresponding gene bank file for S0845 ....
writing S0845_contig_1.gbk
writing S0845_contig_1.gbk
writing S0845_contig_1.gbk
writing S0845_contig_2.gbk
writing S0845_contig_3.gbk
writing S0845_contig_3.gbk
writing S0845_contig_3.gbk
writing S0845_contig_3.gbk
writing S0845_contig_3.gbk
writing S0845_contig_4.gbk
writing S0845_contig_4.gbk
writing S0845_contig_5.gbk
writing S0845_contig_6.gbk
writing S0845_contig_10.gbk
writing S0845_contig_12.gbk
writing S0845_contig_13.gbk
writing S0845_contig_13.gbk
writing S0845_contig_14.gbk
writing S0845_contig_15.gbk
writing S0845_contig_22.gbk
writing S0845_contig_24.gbk
writing S0845_contig_26.gbk
writing S0845_contig_27.gbk
writing S0845_contig_29.gbk
writing S0845_contig_37.gbk
writing S0845_contig_60.gbk
writing S0845_contig_61.gbk
writing S0845_contig_65.gbk
writing S0845_contig_67.gbk
writing S0845_contig_70.gbk
writing S0845_contig_70.gbk
The summary file for S0845 was saved to S0845/S0845.tsv.
Success: 'ampcombi parse_tables' completed successfully ! Now run ampcombi complete !

=== Sample 40/301: S1072 ===

 $$$$$$\  $$\      $$\ $$$$$$$\                                    $$\       $$\|
$$  __$$\ $$$\    $$$ |$$  __$$\                                   $$ |      \__|
$ /   $$ |$$$$\  $$$$ |$$ |  $$ | $$$$$$$\  $$$$$$\  $$$$$$\$$$$\  $$$$$$$\  $$\ 
$$$$$$$$ |$$\$$\$$ $$ |$$$$$$$  |$$  _____|$$  __$$\ $$  _$$  _$$\ $$  __$$\ $$ |
$$  __$$ |$$ \$$$  $$ |$$  ____/ $$ /      $$ /  $$ |$$ / $$ / $$ |$$ |  $$ |$$ |
$$ |  $$ |$$ |\$  /$$ |$$ |      $$ |      $$ |  $$ |$$ | $$ | $$ |$$ |  $$ |$$ |
$$ |  $$ |$$ | \_/ $$ |$$ |      \$$$$$$$\ \$$$$$$  |$$ | $$ | $$ |$$$$$$$  |$$ |
\__|  \__|\__|     \__|\__|       \_______| \______/ \__| \__| \__|\_______/ \__|

<--AMP_database> = /work3/josne/github/bacass/assets/databases/amp_DRAMP_database is found and will be used
MMseqs2 directory already exists in /work3/josne/github/bacass/assets/databases/amp_DRAMP_database.

 ########################################################## 
Processing AMP-files from sample: S1072
found macrel file
found ampir file
found amplify file
No InterproScan files were provided. Workflow continuing ....
The fasta containing AMP sequences for S1072 was saved to S1072/ 

The mmseqs alignment for S1072 in progress ....
No AMP hits for S1072 were successfully aligned to the reference database. Consider changing the database.
The mmseqs alignment for S1072 was saved to S1072/.
Estimating functional and structural properties for S1072 ....
Parsing the corresponding gene bank file for S1072 ....
writing S1072_contig_1.gbk
writing S1072_contig_1.gbk
writing S1072_contig_1.gbk
writing S1072_contig_1.gbk
writing S1072_contig_1.gbk
writing S1072_contig_2.gbk
writing S1072_contig_2.gbk
writing S1072_contig_2.gbk
writing S1072_contig_2.gbk
writing S1072_contig_3.gbk
writing S1072_contig_3.gbk
writing S1072_contig_4.gbk
writing S1072_contig_4.gbk
writing S1072_contig_4.gbk
writing S1072_contig_4.gbk
writing S1072_contig_4.gbk
writing S1072_contig_4.gbk
writing S1072_contig_6.gbk
writing S1072_contig_6.gbk
writing S1072_contig_6.gbk
writing S1072_contig_6.gbk
writing S1072_contig_7.gbk
writing S1072_contig_7.gbk
writing S1072_contig_7.gbk
writing S1072_contig_9.gbk
writing S1072_contig_11.gbk
writing S1072_contig_13.gbk
writing S1072_contig_13.gbk
writing S1072_contig_13.gbk
writing S1072_contig_15.gbk
writing S1072_contig_16.gbk
writing S1072_contig_18.gbk
The summary file for S1072 was saved to S1072/S1072.tsv.
Success: 'ampcombi parse_tables' completed successfully ! Now run ampcombi complete !

=== Sample 41/301: S1073_1 ===

 $$$$$$\  $$\      $$\ $$$$$$$\                                    $$\       $$\|
$$  __$$\ $$$\    $$$ |$$  __$$\                                   $$ |      \__|
$ /   $$ |$$$$\  $$$$ |$$ |  $$ | $$$$$$$\  $$$$$$\  $$$$$$\$$$$\  $$$$$$$\  $$\ 
$$$$$$$$ |$$\$$\$$ $$ |$$$$$$$  |$$  _____|$$  __$$\ $$  _$$  _$$\ $$  __$$\ $$ |
$$  __$$ |$$ \$$$  $$ |$$  ____/ $$ /      $$ /  $$ |$$ / $$ / $$ |$$ |  $$ |$$ |
$$ |  $$ |$$ |\$  /$$ |$$ |      $$ |      $$ |  $$ |$$ | $$ | $$ |$$ |  $$ |$$ |
$$ |  $$ |$$ | \_/ $$ |$$ |      \$$$$$$$\ \$$$$$$  |$$ | $$ | $$ |$$$$$$$  |$$ |
\__|  \__|\__|     \__|\__|       \_______| \______/ \__| \__| \__|\_______/ \__|

<--AMP_database> = /work3/josne/github/bacass/assets/databases/amp_DRAMP_database is found and will be used
MMseqs2 directory already exists in /work3/josne/github/bacass/assets/databases/amp_DRAMP_database.

 ########################################################## 
Processing AMP-files from sample: S1073_1
found macrel file
found ampir file
found amplify file
No InterproScan files were provided. Workflow continuing ....
The fasta containing AMP sequences for S1073_1 was saved to S1073_1/ 

The mmseqs alignment for S1073_1 in progress ....
No AMP hits for S1073_1 were successfully aligned to the reference database. Consider changing the database.
The mmseqs alignment for S1073_1 was saved to S1073_1/.
Estimating functional and structural properties for S1073_1 ....
Parsing the corresponding gene bank file for S1073_1 ....
writing S1073_1_contig_1.gbk
writing S1073_1_contig_1.gbk
writing S1073_1_contig_1.gbk
writing S1073_1_contig_1.gbk
writing S1073_1_contig_1.gbk
writing S1073_1_contig_1.gbk
writing S1073_1_contig_2.gbk
writing S1073_1_contig_2.gbk
writing S1073_1_contig_2.gbk
writing S1073_1_contig_2.gbk
writing S1073_1_contig_2.gbk
writing S1073_1_contig_3.gbk
writing S1073_1_contig_3.gbk
writing S1073_1_contig_3.gbk
writing S1073_1_contig_3.gbk
writing S1073_1_contig_4.gbk
writing S1073_1_contig_4.gbk
writing S1073_1_contig_4.gbk
writing S1073_1_contig_4.gbk
writing S1073_1_contig_4.gbk
writing S1073_1_contig_4.gbk
writing S1073_1_contig_6.gbk
writing S1073_1_contig_6.gbk
writing S1073_1_contig_6.gbk
writing S1073_1_contig_8.gbk
writing S1073_1_contig_10.gbk
writing S1073_1_contig_12.gbk
writing S1073_1_contig_12.gbk
writing S1073_1_contig_12.gbk
writing S1073_1_contig_14.gbk
writing S1073_1_contig_16.gbk
writing S1073_1_contig_18.gbk
The summary file for S1073_1 was saved to S1073_1/S1073_1.tsv.
Success: 'ampcombi parse_tables' completed successfully ! Now run ampcombi complete !

=== Sample 42/301: S1078 ===

 $$$$$$\  $$\      $$\ $$$$$$$\                                    $$\       $$\|
$$  __$$\ $$$\    $$$ |$$  __$$\                                   $$ |      \__|
$ /   $$ |$$$$\  $$$$ |$$ |  $$ | $$$$$$$\  $$$$$$\  $$$$$$\$$$$\  $$$$$$$\  $$\ 
$$$$$$$$ |$$\$$\$$ $$ |$$$$$$$  |$$  _____|$$  __$$\ $$  _$$  _$$\ $$  __$$\ $$ |
$$  __$$ |$$ \$$$  $$ |$$  ____/ $$ /      $$ /  $$ |$$ / $$ / $$ |$$ |  $$ |$$ |
$$ |  $$ |$$ |\$  /$$ |$$ |      $$ |      $$ |  $$ |$$ | $$ | $$ |$$ |  $$ |$$ |
$$ |  $$ |$$ | \_/ $$ |$$ |      \$$$$$$$\ \$$$$$$  |$$ | $$ | $$ |$$$$$$$  |$$ |
\__|  \__|\__|     \__|\__|       \_______| \______/ \__| \__| \__|\_______/ \__|

<--AMP_database> = /work3/josne/github/bacass/assets/databases/amp_DRAMP_database is found and will be used
MMseqs2 directory already exists in /work3/josne/github/bacass/assets/databases/amp_DRAMP_database.

 ########################################################## 
Processing AMP-files from sample: S1078
found macrel file
found ampir file
found amplify file
No InterproScan files were provided. Workflow continuing ....
The fasta containing AMP sequences for S1078 was saved to S1078/ 

The mmseqs alignment for S1078 in progress ....
No AMP hits for S1078 were successfully aligned to the reference database. Consider changing the database.
The mmseqs alignment for S1078 was saved to S1078/.
Estimating functional and structural properties for S1078 ....
Parsing the corresponding gene bank file for S1078 ....
writing S1078_contig_1.gbk
writing S1078_contig_1.gbk
writing S1078_contig_1.gbk
writing S1078_contig_1.gbk
writing S1078_contig_1.gbk
writing S1078_contig_1.gbk
writing S1078_contig_1.gbk
writing S1078_contig_2.gbk
writing S1078_contig_2.gbk
writing S1078_contig_3.gbk
writing S1078_contig_3.gbk
writing S1078_contig_3.gbk
writing S1078_contig_3.gbk
writing S1078_contig_3.gbk
writing S1078_contig_3.gbk
writing S1078_contig_3.gbk
writing S1078_contig_4.gbk
writing S1078_contig_4.gbk
writing S1078_contig_4.gbk
writing S1078_contig_5.gbk
writing S1078_contig_5.gbk
writing S1078_contig_5.gbk
writing S1078_contig_5.gbk
writing S1078_contig_6.gbk
writing S1078_contig_6.gbk
writing S1078_contig_7.gbk
writing S1078_contig_7.gbk
writing S1078_contig_9.gbk
writing S1078_contig_9.gbk
writing S1078_contig_11.gbk
writing S1078_contig_14.gbk
The summary file for S1078 was saved to S1078/S1078.tsv.
Success: 'ampcombi parse_tables' completed successfully ! Now run ampcombi complete !

=== Sample 43/301: S1081 ===

 $$$$$$\  $$\      $$\ $$$$$$$\                                    $$\       $$\|
$$  __$$\ $$$\    $$$ |$$  __$$\                                   $$ |      \__|
$ /   $$ |$$$$\  $$$$ |$$ |  $$ | $$$$$$$\  $$$$$$\  $$$$$$\$$$$\  $$$$$$$\  $$\ 
$$$$$$$$ |$$\$$\$$ $$ |$$$$$$$  |$$  _____|$$  __$$\ $$  _$$  _$$\ $$  __$$\ $$ |
$$  __$$ |$$ \$$$  $$ |$$  ____/ $$ /      $$ /  $$ |$$ / $$ / $$ |$$ |  $$ |$$ |
$$ |  $$ |$$ |\$  /$$ |$$ |      $$ |      $$ |  $$ |$$ | $$ | $$ |$$ |  $$ |$$ |
$$ |  $$ |$$ | \_/ $$ |$$ |      \$$$$$$$\ \$$$$$$  |$$ | $$ | $$ |$$$$$$$  |$$ |
\__|  \__|\__|     \__|\__|       \_______| \______/ \__| \__| \__|\_______/ \__|

<--AMP_database> = /work3/josne/github/bacass/assets/databases/amp_DRAMP_database is found and will be used
MMseqs2 directory already exists in /work3/josne/github/bacass/assets/databases/amp_DRAMP_database.

 ########################################################## 
Processing AMP-files from sample: S1081
found macrel file
found ampir file
found amplify file
No InterproScan files were provided. Workflow continuing ....
The fasta containing AMP sequences for S1081 was saved to S1081/ 

The mmseqs alignment for S1081 in progress ....
No AMP hits for S1081 were successfully aligned to the reference database. Consider changing the database.
The mmseqs alignment for S1081 was saved to S1081/.
Estimating functional and structural properties for S1081 ....
Parsing the corresponding gene bank file for S1081 ....
writing S1081_contig_1.gbk
writing S1081_contig_2.gbk
writing S1081_contig_2.gbk
writing S1081_contig_2.gbk
writing S1081_contig_3.gbk
writing S1081_contig_3.gbk
writing S1081_contig_8.gbk
writing S1081_contig_12.gbk
writing S1081_contig_15.gbk
writing S1081_contig_18.gbk
writing S1081_contig_27.gbk
writing S1081_contig_46.gbk
writing S1081_contig_47.gbk
writing S1081_contig_59.gbk
writing S1081_contig_79.gbk
writing S1081_contig_100.gbk
The summary file for S1081 was saved to S1081/S1081.tsv.
Success: 'ampcombi parse_tables' completed successfully ! Now run ampcombi complete !

=== Sample 44/301: S1084 ===

 $$$$$$\  $$\      $$\ $$$$$$$\                                    $$\       $$\|
$$  __$$\ $$$\    $$$ |$$  __$$\                                   $$ |      \__|
$ /   $$ |$$$$\  $$$$ |$$ |  $$ | $$$$$$$\  $$$$$$\  $$$$$$\$$$$\  $$$$$$$\  $$\ 
$$$$$$$$ |$$\$$\$$ $$ |$$$$$$$  |$$  _____|$$  __$$\ $$  _$$  _$$\ $$  __$$\ $$ |
$$  __$$ |$$ \$$$  $$ |$$  ____/ $$ /      $$ /  $$ |$$ / $$ / $$ |$$ |  $$ |$$ |
$$ |  $$ |$$ |\$  /$$ |$$ |      $$ |      $$ |  $$ |$$ | $$ | $$ |$$ |  $$ |$$ |
$$ |  $$ |$$ | \_/ $$ |$$ |      \$$$$$$$\ \$$$$$$  |$$ | $$ | $$ |$$$$$$$  |$$ |
\__|  \__|\__|     \__|\__|       \_______| \______/ \__| \__| \__|\_______/ \__|

<--AMP_database> = /work3/josne/github/bacass/assets/databases/amp_DRAMP_database is found and will be used
MMseqs2 directory already exists in /work3/josne/github/bacass/assets/databases/amp_DRAMP_database.

 ########################################################## 
Processing AMP-files from sample: S1084
found macrel file
found ampir file
found amplify file
No InterproScan files were provided. Workflow continuing ....
The fasta containing AMP sequences for S1084 was saved to S1084/ 

The mmseqs alignment for S1084 in progress ....
No AMP hits for S1084 were successfully aligned to the reference database. Consider changing the database.
The mmseqs alignment for S1084 was saved to S1084/.
Estimating functional and structural properties for S1084 ....
Parsing the corresponding gene bank file for S1084 ....
writing S1084_contig_2.gbk
writing S1084_contig_2.gbk
writing S1084_contig_2.gbk
writing S1084_contig_3.gbk
writing S1084_contig_6.gbk
writing S1084_contig_7.gbk
writing S1084_contig_8.gbk
writing S1084_contig_8.gbk
writing S1084_contig_9.gbk
writing S1084_contig_9.gbk
writing S1084_contig_10.gbk
writing S1084_contig_13.gbk
writing S1084_contig_13.gbk
writing S1084_contig_16.gbk
writing S1084_contig_18.gbk
writing S1084_contig_18.gbk
writing S1084_contig_20.gbk
writing S1084_contig_21.gbk
writing S1084_contig_23.gbk
writing S1084_contig_24.gbk
writing S1084_contig_28.gbk
writing S1084_contig_30.gbk
writing S1084_contig_31.gbk
writing S1084_contig_32.gbk
writing S1084_contig_37.gbk
writing S1084_contig_47.gbk
writing S1084_contig_48.gbk
writing S1084_contig_51.gbk
writing S1084_contig_53.gbk
writing S1084_contig_53.gbk
writing S1084_contig_65.gbk
writing S1084_contig_66.gbk
writing S1084_contig_80.gbk
writing S1084_contig_84.gbk
writing S1084_contig_88.gbk
writing S1084_contig_99.gbk
writing S1084_contig_116.gbk
The summary file for S1084 was saved to S1084/S1084.tsv.
Success: 'ampcombi parse_tables' completed successfully ! Now run ampcombi complete !

=== Sample 45/301: S1085 ===

 $$$$$$\  $$\      $$\ $$$$$$$\                                    $$\       $$\|
$$  __$$\ $$$\    $$$ |$$  __$$\                                   $$ |      \__|
$ /   $$ |$$$$\  $$$$ |$$ |  $$ | $$$$$$$\  $$$$$$\  $$$$$$\$$$$\  $$$$$$$\  $$\ 
$$$$$$$$ |$$\$$\$$ $$ |$$$$$$$  |$$  _____|$$  __$$\ $$  _$$  _$$\ $$  __$$\ $$ |
$$  __$$ |$$ \$$$  $$ |$$  ____/ $$ /      $$ /  $$ |$$ / $$ / $$ |$$ |  $$ |$$ |
$$ |  $$ |$$ |\$  /$$ |$$ |      $$ |      $$ |  $$ |$$ | $$ | $$ |$$ |  $$ |$$ |
$$ |  $$ |$$ | \_/ $$ |$$ |      \$$$$$$$\ \$$$$$$  |$$ | $$ | $$ |$$$$$$$  |$$ |
\__|  \__|\__|     \__|\__|       \_______| \______/ \__| \__| \__|\_______/ \__|

<--AMP_database> = /work3/josne/github/bacass/assets/databases/amp_DRAMP_database is found and will be used
MMseqs2 directory already exists in /work3/josne/github/bacass/assets/databases/amp_DRAMP_database.

 ########################################################## 
Processing AMP-files from sample: S1085
found macrel file
found ampir file
found amplify file
No InterproScan files were provided. Workflow continuing ....
The fasta containing AMP sequences for S1085 was saved to S1085/ 

The mmseqs alignment for S1085 in progress ....
No AMP hits for S1085 were successfully aligned to the reference database. Consider changing the database.
The mmseqs alignment for S1085 was saved to S1085/.
Estimating functional and structural properties for S1085 ....
Parsing the corresponding gene bank file for S1085 ....
writing S1085_contig_1.gbk
writing S1085_contig_1.gbk
writing S1085_contig_1.gbk
writing S1085_contig_1.gbk
writing S1085_contig_2.gbk
writing S1085_contig_2.gbk
writing S1085_contig_3.gbk
writing S1085_contig_3.gbk
writing S1085_contig_5.gbk
writing S1085_contig_8.gbk
writing S1085_contig_8.gbk
writing S1085_contig_8.gbk
writing S1085_contig_8.gbk
writing S1085_contig_9.gbk
writing S1085_contig_9.gbk
writing S1085_contig_12.gbk
writing S1085_contig_16.gbk
writing S1085_contig_20.gbk
writing S1085_contig_23.gbk
writing S1085_contig_24.gbk
writing S1085_contig_24.gbk
writing S1085_contig_25.gbk
The summary file for S1085 was saved to S1085/S1085.tsv.
Success: 'ampcombi parse_tables' completed successfully ! Now run ampcombi complete !

=== Sample 46/301: S1089 ===

 $$$$$$\  $$\      $$\ $$$$$$$\                                    $$\       $$\|
$$  __$$\ $$$\    $$$ |$$  __$$\                                   $$ |      \__|
$ /   $$ |$$$$\  $$$$ |$$ |  $$ | $$$$$$$\  $$$$$$\  $$$$$$\$$$$\  $$$$$$$\  $$\ 
$$$$$$$$ |$$\$$\$$ $$ |$$$$$$$  |$$  _____|$$  __$$\ $$  _$$  _$$\ $$  __$$\ $$ |
$$  __$$ |$$ \$$$  $$ |$$  ____/ $$ /      $$ /  $$ |$$ / $$ / $$ |$$ |  $$ |$$ |
$$ |  $$ |$$ |\$  /$$ |$$ |      $$ |      $$ |  $$ |$$ | $$ | $$ |$$ |  $$ |$$ |
$$ |  $$ |$$ | \_/ $$ |$$ |      \$$$$$$$\ \$$$$$$  |$$ | $$ | $$ |$$$$$$$  |$$ |
\__|  \__|\__|     \__|\__|       \_______| \______/ \__| \__| \__|\_______/ \__|

<--AMP_database> = /work3/josne/github/bacass/assets/databases/amp_DRAMP_database is found and will be used
MMseqs2 directory already exists in /work3/josne/github/bacass/assets/databases/amp_DRAMP_database.

 ########################################################## 
Processing AMP-files from sample: S1089
found macrel file
found ampir file
found amplify file
No InterproScan files were provided. Workflow continuing ....
The fasta containing AMP sequences for S1089 was saved to S1089/ 

The mmseqs alignment for S1089 in progress ....
No AMP hits for S1089 were successfully aligned to the reference database. Consider changing the database.
The mmseqs alignment for S1089 was saved to S1089/.
Estimating functional and structural properties for S1089 ....
Parsing the corresponding gene bank file for S1089 ....
writing S1089_contig_2.gbk
writing S1089_contig_2.gbk
writing S1089_contig_3.gbk
writing S1089_contig_3.gbk
writing S1089_contig_4.gbk
writing S1089_contig_4.gbk
writing S1089_contig_7.gbk
writing S1089_contig_8.gbk
writing S1089_contig_8.gbk
writing S1089_contig_8.gbk
writing S1089_contig_9.gbk
writing S1089_contig_9.gbk
writing S1089_contig_10.gbk
writing S1089_contig_13.gbk
writing S1089_contig_14.gbk
writing S1089_contig_14.gbk
writing S1089_contig_16.gbk
writing S1089_contig_17.gbk
writing S1089_contig_17.gbk
writing S1089_contig_25.gbk
writing S1089_contig_26.gbk
writing S1089_contig_26.gbk
writing S1089_contig_27.gbk
writing S1089_contig_28.gbk
writing S1089_contig_29.gbk
writing S1089_contig_35.gbk
writing S1089_contig_36.gbk
writing S1089_contig_38.gbk
writing S1089_contig_44.gbk
writing S1089_contig_54.gbk
writing S1089_contig_54.gbk
writing S1089_contig_54.gbk
writing S1089_contig_73.gbk
writing S1089_contig_87.gbk
writing S1089_contig_88.gbk
writing S1089_contig_89.gbk
writing S1089_contig_98.gbk
writing S1089_contig_176.gbk
The summary file for S1089 was saved to S1089/S1089.tsv.
Success: 'ampcombi parse_tables' completed successfully ! Now run ampcombi complete !

=== Sample 47/301: S1094 ===

 $$$$$$\  $$\      $$\ $$$$$$$\                                    $$\       $$\|
$$  __$$\ $$$\    $$$ |$$  __$$\                                   $$ |      \__|
$ /   $$ |$$$$\  $$$$ |$$ |  $$ | $$$$$$$\  $$$$$$\  $$$$$$\$$$$\  $$$$$$$\  $$\ 
$$$$$$$$ |$$\$$\$$ $$ |$$$$$$$  |$$  _____|$$  __$$\ $$  _$$  _$$\ $$  __$$\ $$ |
$$  __$$ |$$ \$$$  $$ |$$  ____/ $$ /      $$ /  $$ |$$ / $$ / $$ |$$ |  $$ |$$ |
$$ |  $$ |$$ |\$  /$$ |$$ |      $$ |      $$ |  $$ |$$ | $$ | $$ |$$ |  $$ |$$ |
$$ |  $$ |$$ | \_/ $$ |$$ |      \$$$$$$$\ \$$$$$$  |$$ | $$ | $$ |$$$$$$$  |$$ |
\__|  \__|\__|     \__|\__|       \_______| \______/ \__| \__| \__|\_______/ \__|

<--AMP_database> = /work3/josne/github/bacass/assets/databases/amp_DRAMP_database is found and will be used
MMseqs2 directory already exists in /work3/josne/github/bacass/assets/databases/amp_DRAMP_database.

 ########################################################## 
Processing AMP-files from sample: S1094
found macrel file
found ampir file
found amplify file
No InterproScan files were provided. Workflow continuing ....
The fasta containing AMP sequences for S1094 was saved to S1094/ 

The mmseqs alignment for S1094 in progress ....
No AMP hits for S1094 were successfully aligned to the reference database. Consider changing the database.
The mmseqs alignment for S1094 was saved to S1094/.
Estimating functional and structural properties for S1094 ....
Parsing the corresponding gene bank file for S1094 ....
writing S1094_contig_1.gbk
writing S1094_contig_1.gbk
writing S1094_contig_1.gbk
writing S1094_contig_1.gbk
writing S1094_contig_1.gbk
writing S1094_contig_2.gbk
writing S1094_contig_2.gbk
writing S1094_contig_2.gbk
writing S1094_contig_2.gbk
writing S1094_contig_2.gbk
writing S1094_contig_2.gbk
writing S1094_contig_3.gbk
writing S1094_contig_3.gbk
writing S1094_contig_4.gbk
writing S1094_contig_4.gbk
writing S1094_contig_4.gbk
writing S1094_contig_5.gbk
writing S1094_contig_5.gbk
writing S1094_contig_5.gbk
writing S1094_contig_6.gbk
writing S1094_contig_7.gbk
writing S1094_contig_7.gbk
writing S1094_contig_8.gbk
writing S1094_contig_8.gbk
writing S1094_contig_10.gbk
writing S1094_contig_14.gbk
writing S1094_contig_14.gbk
writing S1094_contig_16.gbk
writing S1094_contig_19.gbk
writing S1094_contig_21.gbk
The summary file for S1094 was saved to S1094/S1094.tsv.
Success: 'ampcombi parse_tables' completed successfully ! Now run ampcombi complete !

=== Sample 48/301: S1095 ===

 $$$$$$\  $$\      $$\ $$$$$$$\                                    $$\       $$\|
$$  __$$\ $$$\    $$$ |$$  __$$\                                   $$ |      \__|
$ /   $$ |$$$$\  $$$$ |$$ |  $$ | $$$$$$$\  $$$$$$\  $$$$$$\$$$$\  $$$$$$$\  $$\ 
$$$$$$$$ |$$\$$\$$ $$ |$$$$$$$  |$$  _____|$$  __$$\ $$  _$$  _$$\ $$  __$$\ $$ |
$$  __$$ |$$ \$$$  $$ |$$  ____/ $$ /      $$ /  $$ |$$ / $$ / $$ |$$ |  $$ |$$ |
$$ |  $$ |$$ |\$  /$$ |$$ |      $$ |      $$ |  $$ |$$ | $$ | $$ |$$ |  $$ |$$ |
$$ |  $$ |$$ | \_/ $$ |$$ |      \$$$$$$$\ \$$$$$$  |$$ | $$ | $$ |$$$$$$$  |$$ |
\__|  \__|\__|     \__|\__|       \_______| \______/ \__| \__| \__|\_______/ \__|

<--AMP_database> = /work3/josne/github/bacass/assets/databases/amp_DRAMP_database is found and will be used
MMseqs2 directory already exists in /work3/josne/github/bacass/assets/databases/amp_DRAMP_database.

 ########################################################## 
Processing AMP-files from sample: S1095
found macrel file
found ampir file
found amplify file
No InterproScan files were provided. Workflow continuing ....
The fasta containing AMP sequences for S1095 was saved to S1095/ 

The mmseqs alignment for S1095 in progress ....
No AMP hits for S1095 were successfully aligned to the reference database. Consider changing the database.
The mmseqs alignment for S1095 was saved to S1095/.
Estimating functional and structural properties for S1095 ....
Parsing the corresponding gene bank file for S1095 ....
writing S1095_contig_1.gbk
writing S1095_contig_1.gbk
writing S1095_contig_1.gbk
writing S1095_contig_1.gbk
writing S1095_contig_1.gbk
writing S1095_contig_1.gbk
writing S1095_contig_1.gbk
writing S1095_contig_1.gbk
writing S1095_contig_2.gbk
writing S1095_contig_2.gbk
writing S1095_contig_2.gbk
writing S1095_contig_2.gbk
writing S1095_contig_2.gbk
writing S1095_contig_2.gbk
writing S1095_contig_3.gbk
writing S1095_contig_3.gbk
writing S1095_contig_4.gbk
writing S1095_contig_4.gbk
writing S1095_contig_4.gbk
writing S1095_contig_5.gbk
writing S1095_contig_5.gbk
writing S1095_contig_5.gbk
writing S1095_contig_6.gbk
writing S1095_contig_6.gbk
writing S1095_contig_6.gbk
writing S1095_contig_7.gbk
writing S1095_contig_7.gbk
writing S1095_contig_9.gbk
writing S1095_contig_13.gbk
writing S1095_contig_16.gbk
The summary file for S1095 was saved to S1095/S1095.tsv.
Success: 'ampcombi parse_tables' completed successfully ! Now run ampcombi complete !

=== Sample 49/301: S1099 ===

 $$$$$$\  $$\      $$\ $$$$$$$\                                    $$\       $$\|
$$  __$$\ $$$\    $$$ |$$  __$$\                                   $$ |      \__|
$ /   $$ |$$$$\  $$$$ |$$ |  $$ | $$$$$$$\  $$$$$$\  $$$$$$\$$$$\  $$$$$$$\  $$\ 
$$$$$$$$ |$$\$$\$$ $$ |$$$$$$$  |$$  _____|$$  __$$\ $$  _$$  _$$\ $$  __$$\ $$ |
$$  __$$ |$$ \$$$  $$ |$$  ____/ $$ /      $$ /  $$ |$$ / $$ / $$ |$$ |  $$ |$$ |
$$ |  $$ |$$ |\$  /$$ |$$ |      $$ |      $$ |  $$ |$$ | $$ | $$ |$$ |  $$ |$$ |
$$ |  $$ |$$ | \_/ $$ |$$ |      \$$$$$$$\ \$$$$$$  |$$ | $$ | $$ |$$$$$$$  |$$ |
\__|  \__|\__|     \__|\__|       \_______| \______/ \__| \__| \__|\_______/ \__|

<--AMP_database> = /work3/josne/github/bacass/assets/databases/amp_DRAMP_database is found and will be used
MMseqs2 directory already exists in /work3/josne/github/bacass/assets/databases/amp_DRAMP_database.

 ########################################################## 
Processing AMP-files from sample: S1099
found macrel file
found ampir file
found amplify file
No InterproScan files were provided. Workflow continuing ....
The fasta containing AMP sequences for S1099 was saved to S1099/ 

The mmseqs alignment for S1099 in progress ....
No AMP hits for S1099 were successfully aligned to the reference database. Consider changing the database.
The mmseqs alignment for S1099 was saved to S1099/.
Estimating functional and structural properties for S1099 ....
Parsing the corresponding gene bank file for S1099 ....
writing S1099_contig_1.gbk
writing S1099_contig_1.gbk
writing S1099_contig_1.gbk
writing S1099_contig_1.gbk
writing S1099_contig_1.gbk
writing S1099_contig_1.gbk
writing S1099_contig_1.gbk
writing S1099_contig_1.gbk
writing S1099_contig_1.gbk
writing S1099_contig_1.gbk
writing S1099_contig_2.gbk
writing S1099_contig_2.gbk
writing S1099_contig_2.gbk
writing S1099_contig_2.gbk
writing S1099_contig_2.gbk
writing S1099_contig_2.gbk
writing S1099_contig_2.gbk
writing S1099_contig_2.gbk
writing S1099_contig_3.gbk
writing S1099_contig_3.gbk
writing S1099_contig_3.gbk
writing S1099_contig_3.gbk
writing S1099_contig_3.gbk
writing S1099_contig_3.gbk
writing S1099_contig_6.gbk
writing S1099_contig_7.gbk
writing S1099_contig_10.gbk
writing S1099_contig_11.gbk
writing S1099_contig_12.gbk
writing S1099_contig_12.gbk
writing S1099_contig_13.gbk
writing S1099_contig_42.gbk
The summary file for S1099 was saved to S1099/S1099.tsv.
Success: 'ampcombi parse_tables' completed successfully ! Now run ampcombi complete !

=== Sample 50/301: S1100 ===

 $$$$$$\  $$\      $$\ $$$$$$$\                                    $$\       $$\|
$$  __$$\ $$$\    $$$ |$$  __$$\                                   $$ |      \__|
$ /   $$ |$$$$\  $$$$ |$$ |  $$ | $$$$$$$\  $$$$$$\  $$$$$$\$$$$\  $$$$$$$\  $$\ 
$$$$$$$$ |$$\$$\$$ $$ |$$$$$$$  |$$  _____|$$  __$$\ $$  _$$  _$$\ $$  __$$\ $$ |
$$  __$$ |$$ \$$$  $$ |$$  ____/ $$ /      $$ /  $$ |$$ / $$ / $$ |$$ |  $$ |$$ |
$$ |  $$ |$$ |\$  /$$ |$$ |      $$ |      $$ |  $$ |$$ | $$ | $$ |$$ |  $$ |$$ |
$$ |  $$ |$$ | \_/ $$ |$$ |      \$$$$$$$\ \$$$$$$  |$$ | $$ | $$ |$$$$$$$  |$$ |
\__|  \__|\__|     \__|\__|       \_______| \______/ \__| \__| \__|\_______/ \__|

<--AMP_database> = /work3/josne/github/bacass/assets/databases/amp_DRAMP_database is found and will be used
MMseqs2 directory already exists in /work3/josne/github/bacass/assets/databases/amp_DRAMP_database.

 ########################################################## 
Processing AMP-files from sample: S1100
found macrel file
found ampir file
found amplify file
No InterproScan files were provided. Workflow continuing ....
The fasta containing AMP sequences for S1100 was saved to S1100/ 

The mmseqs alignment for S1100 in progress ....
No AMP hits for S1100 were successfully aligned to the reference database. Consider changing the database.
The mmseqs alignment for S1100 was saved to S1100/.
Estimating functional and structural properties for S1100 ....
Parsing the corresponding gene bank file for S1100 ....
writing S1100_contig_1.gbk
writing S1100_contig_1.gbk
writing S1100_contig_1.gbk
writing S1100_contig_1.gbk
writing S1100_contig_1.gbk
writing S1100_contig_1.gbk
writing S1100_contig_1.gbk
writing S1100_contig_2.gbk
writing S1100_contig_2.gbk
writing S1100_contig_3.gbk
writing S1100_contig_3.gbk
writing S1100_contig_3.gbk
writing S1100_contig_4.gbk
writing S1100_contig_4.gbk
writing S1100_contig_4.gbk
writing S1100_contig_4.gbk
writing S1100_contig_5.gbk
writing S1100_contig_7.gbk
writing S1100_contig_7.gbk
writing S1100_contig_7.gbk
writing S1100_contig_7.gbk
writing S1100_contig_8.gbk
writing S1100_contig_9.gbk
writing S1100_contig_11.gbk
writing S1100_contig_11.gbk
writing S1100_contig_11.gbk
writing S1100_contig_12.gbk
writing S1100_contig_14.gbk
writing S1100_contig_15.gbk
The summary file for S1100 was saved to S1100/S1100.tsv.
Success: 'ampcombi parse_tables' completed successfully ! Now run ampcombi complete !

=== Sample 51/301: S1101 ===

 $$$$$$\  $$\      $$\ $$$$$$$\                                    $$\       $$\|
$$  __$$\ $$$\    $$$ |$$  __$$\                                   $$ |      \__|
$ /   $$ |$$$$\  $$$$ |$$ |  $$ | $$$$$$$\  $$$$$$\  $$$$$$\$$$$\  $$$$$$$\  $$\ 
$$$$$$$$ |$$\$$\$$ $$ |$$$$$$$  |$$  _____|$$  __$$\ $$  _$$  _$$\ $$  __$$\ $$ |
$$  __$$ |$$ \$$$  $$ |$$  ____/ $$ /      $$ /  $$ |$$ / $$ / $$ |$$ |  $$ |$$ |
$$ |  $$ |$$ |\$  /$$ |$$ |      $$ |      $$ |  $$ |$$ | $$ | $$ |$$ |  $$ |$$ |
$$ |  $$ |$$ | \_/ $$ |$$ |      \$$$$$$$\ \$$$$$$  |$$ | $$ | $$ |$$$$$$$  |$$ |
\__|  \__|\__|     \__|\__|       \_______| \______/ \__| \__| \__|\_______/ \__|

<--AMP_database> = /work3/josne/github/bacass/assets/databases/amp_DRAMP_database is found and will be used
MMseqs2 directory already exists in /work3/josne/github/bacass/assets/databases/amp_DRAMP_database.

 ########################################################## 
Processing AMP-files from sample: S1101
found macrel file
found ampir file
found amplify file
No InterproScan files were provided. Workflow continuing ....
The fasta containing AMP sequences for S1101 was saved to S1101/ 

The mmseqs alignment for S1101 in progress ....
No AMP hits for S1101 were successfully aligned to the reference database. Consider changing the database.
The mmseqs alignment for S1101 was saved to S1101/.
Estimating functional and structural properties for S1101 ....
Parsing the corresponding gene bank file for S1101 ....
writing S1101_contig_1.gbk
writing S1101_contig_1.gbk
writing S1101_contig_1.gbk
writing S1101_contig_1.gbk
writing S1101_contig_1.gbk
writing S1101_contig_1.gbk
writing S1101_contig_1.gbk
writing S1101_contig_2.gbk
writing S1101_contig_2.gbk
writing S1101_contig_3.gbk
writing S1101_contig_3.gbk
writing S1101_contig_3.gbk
writing S1101_contig_4.gbk
writing S1101_contig_4.gbk
writing S1101_contig_4.gbk
writing S1101_contig_4.gbk
writing S1101_contig_5.gbk
writing S1101_contig_7.gbk
writing S1101_contig_7.gbk
writing S1101_contig_7.gbk
writing S1101_contig_7.gbk
writing S1101_contig_8.gbk
writing S1101_contig_9.gbk
writing S1101_contig_10.gbk
writing S1101_contig_12.gbk
writing S1101_contig_12.gbk
writing S1101_contig_12.gbk
writing S1101_contig_13.gbk
writing S1101_contig_15.gbk
The summary file for S1101 was saved to S1101/S1101.tsv.
Success: 'ampcombi parse_tables' completed successfully ! Now run ampcombi complete !

=== Sample 52/301: S1104 ===

 $$$$$$\  $$\      $$\ $$$$$$$\                                    $$\       $$\|
$$  __$$\ $$$\    $$$ |$$  __$$\                                   $$ |      \__|
$ /   $$ |$$$$\  $$$$ |$$ |  $$ | $$$$$$$\  $$$$$$\  $$$$$$\$$$$\  $$$$$$$\  $$\ 
$$$$$$$$ |$$\$$\$$ $$ |$$$$$$$  |$$  _____|$$  __$$\ $$  _$$  _$$\ $$  __$$\ $$ |
$$  __$$ |$$ \$$$  $$ |$$  ____/ $$ /      $$ /  $$ |$$ / $$ / $$ |$$ |  $$ |$$ |
$$ |  $$ |$$ |\$  /$$ |$$ |      $$ |      $$ |  $$ |$$ | $$ | $$ |$$ |  $$ |$$ |
$$ |  $$ |$$ | \_/ $$ |$$ |      \$$$$$$$\ \$$$$$$  |$$ | $$ | $$ |$$$$$$$  |$$ |
\__|  \__|\__|     \__|\__|       \_______| \______/ \__| \__| \__|\_______/ \__|

<--AMP_database> = /work3/josne/github/bacass/assets/databases/amp_DRAMP_database is found and will be used
MMseqs2 directory already exists in /work3/josne/github/bacass/assets/databases/amp_DRAMP_database.

 ########################################################## 
Processing AMP-files from sample: S1104
found macrel file
found ampir file
found amplify file
No InterproScan files were provided. Workflow continuing ....
The fasta containing AMP sequences for S1104 was saved to S1104/ 

The mmseqs alignment for S1104 in progress ....
No AMP hits for S1104 were successfully aligned to the reference database. Consider changing the database.
The mmseqs alignment for S1104 was saved to S1104/.
Estimating functional and structural properties for S1104 ....
Parsing the corresponding gene bank file for S1104 ....
writing S1104_contig_1.gbk
writing S1104_contig_1.gbk
writing S1104_contig_1.gbk
writing S1104_contig_2.gbk
writing S1104_contig_3.gbk
writing S1104_contig_3.gbk
writing S1104_contig_3.gbk
writing S1104_contig_4.gbk
writing S1104_contig_7.gbk
writing S1104_contig_7.gbk
writing S1104_contig_7.gbk
writing S1104_contig_7.gbk
writing S1104_contig_7.gbk
writing S1104_contig_7.gbk
writing S1104_contig_10.gbk
writing S1104_contig_10.gbk
writing S1104_contig_11.gbk
writing S1104_contig_11.gbk
writing S1104_contig_12.gbk
writing S1104_contig_15.gbk
writing S1104_contig_16.gbk
writing S1104_contig_19.gbk
writing S1104_contig_20.gbk
writing S1104_contig_20.gbk
writing S1104_contig_21.gbk
writing S1104_contig_22.gbk
writing S1104_contig_26.gbk
The summary file for S1104 was saved to S1104/S1104.tsv.
Success: 'ampcombi parse_tables' completed successfully ! Now run ampcombi complete !

=== Sample 53/301: S1105 ===

 $$$$$$\  $$\      $$\ $$$$$$$\                                    $$\       $$\|
$$  __$$\ $$$\    $$$ |$$  __$$\                                   $$ |      \__|
$ /   $$ |$$$$\  $$$$ |$$ |  $$ | $$$$$$$\  $$$$$$\  $$$$$$\$$$$\  $$$$$$$\  $$\ 
$$$$$$$$ |$$\$$\$$ $$ |$$$$$$$  |$$  _____|$$  __$$\ $$  _$$  _$$\ $$  __$$\ $$ |
$$  __$$ |$$ \$$$  $$ |$$  ____/ $$ /      $$ /  $$ |$$ / $$ / $$ |$$ |  $$ |$$ |
$$ |  $$ |$$ |\$  /$$ |$$ |      $$ |      $$ |  $$ |$$ | $$ | $$ |$$ |  $$ |$$ |
$$ |  $$ |$$ | \_/ $$ |$$ |      \$$$$$$$\ \$$$$$$  |$$ | $$ | $$ |$$$$$$$  |$$ |
\__|  \__|\__|     \__|\__|       \_______| \______/ \__| \__| \__|\_______/ \__|

<--AMP_database> = /work3/josne/github/bacass/assets/databases/amp_DRAMP_database is found and will be used
MMseqs2 directory already exists in /work3/josne/github/bacass/assets/databases/amp_DRAMP_database.

 ########################################################## 
Processing AMP-files from sample: S1105
found macrel file
found ampir file
found amplify file
No InterproScan files were provided. Workflow continuing ....
The fasta containing AMP sequences for S1105 was saved to S1105/ 

The mmseqs alignment for S1105 in progress ....
No AMP hits for S1105 were successfully aligned to the reference database. Consider changing the database.
The mmseqs alignment for S1105 was saved to S1105/.
Estimating functional and structural properties for S1105 ....
Parsing the corresponding gene bank file for S1105 ....
writing S1105_contig_1.gbk
writing S1105_contig_1.gbk
writing S1105_contig_1.gbk
writing S1105_contig_1.gbk
writing S1105_contig_1.gbk
writing S1105_contig_1.gbk
writing S1105_contig_1.gbk
writing S1105_contig_1.gbk
writing S1105_contig_2.gbk
writing S1105_contig_2.gbk
writing S1105_contig_2.gbk
writing S1105_contig_2.gbk
writing S1105_contig_2.gbk
writing S1105_contig_2.gbk
writing S1105_contig_3.gbk
writing S1105_contig_3.gbk
writing S1105_contig_3.gbk
writing S1105_contig_4.gbk
writing S1105_contig_5.gbk
writing S1105_contig_6.gbk
writing S1105_contig_6.gbk
writing S1105_contig_8.gbk
writing S1105_contig_8.gbk
writing S1105_contig_10.gbk
writing S1105_contig_10.gbk
writing S1105_contig_11.gbk
writing S1105_contig_11.gbk
writing S1105_contig_14.gbk
writing S1105_contig_16.gbk
writing S1105_contig_18.gbk
writing S1105_contig_21.gbk
The summary file for S1105 was saved to S1105/S1105.tsv.
Success: 'ampcombi parse_tables' completed successfully ! Now run ampcombi complete !

=== Sample 54/301: S1106 ===

 $$$$$$\  $$\      $$\ $$$$$$$\                                    $$\       $$\|
$$  __$$\ $$$\    $$$ |$$  __$$\                                   $$ |      \__|
$ /   $$ |$$$$\  $$$$ |$$ |  $$ | $$$$$$$\  $$$$$$\  $$$$$$\$$$$\  $$$$$$$\  $$\ 
$$$$$$$$ |$$\$$\$$ $$ |$$$$$$$  |$$  _____|$$  __$$\ $$  _$$  _$$\ $$  __$$\ $$ |
$$  __$$ |$$ \$$$  $$ |$$  ____/ $$ /      $$ /  $$ |$$ / $$ / $$ |$$ |  $$ |$$ |
$$ |  $$ |$$ |\$  /$$ |$$ |      $$ |      $$ |  $$ |$$ | $$ | $$ |$$ |  $$ |$$ |
$$ |  $$ |$$ | \_/ $$ |$$ |      \$$$$$$$\ \$$$$$$  |$$ | $$ | $$ |$$$$$$$  |$$ |
\__|  \__|\__|     \__|\__|       \_______| \______/ \__| \__| \__|\_______/ \__|

<--AMP_database> = /work3/josne/github/bacass/assets/databases/amp_DRAMP_database is found and will be used
MMseqs2 directory already exists in /work3/josne/github/bacass/assets/databases/amp_DRAMP_database.

 ########################################################## 
Processing AMP-files from sample: S1106
found macrel file
found ampir file
found amplify file
No InterproScan files were provided. Workflow continuing ....
The fasta containing AMP sequences for S1106 was saved to S1106/ 

The mmseqs alignment for S1106 in progress ....
No AMP hits for S1106 were successfully aligned to the reference database. Consider changing the database.
The mmseqs alignment for S1106 was saved to S1106/.
Estimating functional and structural properties for S1106 ....
Parsing the corresponding gene bank file for S1106 ....
writing S1106_contig_1.gbk
writing S1106_contig_1.gbk
writing S1106_contig_1.gbk
writing S1106_contig_3.gbk
writing S1106_contig_5.gbk
writing S1106_contig_5.gbk
writing S1106_contig_5.gbk
writing S1106_contig_5.gbk
writing S1106_contig_7.gbk
writing S1106_contig_10.gbk
writing S1106_contig_13.gbk
writing S1106_contig_13.gbk
writing S1106_contig_15.gbk
writing S1106_contig_16.gbk
writing S1106_contig_20.gbk
writing S1106_contig_29.gbk
writing S1106_contig_30.gbk
writing S1106_contig_34.gbk
writing S1106_contig_43.gbk
writing S1106_contig_48.gbk
writing S1106_contig_53.gbk
writing S1106_contig_64.gbk
writing S1106_contig_73.gbk
writing S1106_contig_79.gbk
writing S1106_contig_87.gbk
writing S1106_contig_88.gbk
The summary file for S1106 was saved to S1106/S1106.tsv.
Success: 'ampcombi parse_tables' completed successfully ! Now run ampcombi complete !

=== Sample 55/301: S1107 ===

 $$$$$$\  $$\      $$\ $$$$$$$\                                    $$\       $$\|
$$  __$$\ $$$\    $$$ |$$  __$$\                                   $$ |      \__|
$ /   $$ |$$$$\  $$$$ |$$ |  $$ | $$$$$$$\  $$$$$$\  $$$$$$\$$$$\  $$$$$$$\  $$\ 
$$$$$$$$ |$$\$$\$$ $$ |$$$$$$$  |$$  _____|$$  __$$\ $$  _$$  _$$\ $$  __$$\ $$ |
$$  __$$ |$$ \$$$  $$ |$$  ____/ $$ /      $$ /  $$ |$$ / $$ / $$ |$$ |  $$ |$$ |
$$ |  $$ |$$ |\$  /$$ |$$ |      $$ |      $$ |  $$ |$$ | $$ | $$ |$$ |  $$ |$$ |
$$ |  $$ |$$ | \_/ $$ |$$ |      \$$$$$$$\ \$$$$$$  |$$ | $$ | $$ |$$$$$$$  |$$ |
\__|  \__|\__|     \__|\__|       \_______| \______/ \__| \__| \__|\_______/ \__|

<--AMP_database> = /work3/josne/github/bacass/assets/databases/amp_DRAMP_database is found and will be used
MMseqs2 directory already exists in /work3/josne/github/bacass/assets/databases/amp_DRAMP_database.

 ########################################################## 
Processing AMP-files from sample: S1107
found macrel file
found ampir file
found amplify file
No InterproScan files were provided. Workflow continuing ....
The fasta containing AMP sequences for S1107 was saved to S1107/ 

The mmseqs alignment for S1107 in progress ....
No AMP hits for S1107 were successfully aligned to the reference database. Consider changing the database.
The mmseqs alignment for S1107 was saved to S1107/.
Estimating functional and structural properties for S1107 ....
Parsing the corresponding gene bank file for S1107 ....
writing S1107_contig_1.gbk
writing S1107_contig_3.gbk
writing S1107_contig_3.gbk
writing S1107_contig_6.gbk
writing S1107_contig_7.gbk
writing S1107_contig_7.gbk
writing S1107_contig_12.gbk
writing S1107_contig_13.gbk
writing S1107_contig_17.gbk
writing S1107_contig_21.gbk
writing S1107_contig_21.gbk
writing S1107_contig_24.gbk
writing S1107_contig_24.gbk
writing S1107_contig_25.gbk
writing S1107_contig_26.gbk
writing S1107_contig_27.gbk
writing S1107_contig_28.gbk
writing S1107_contig_28.gbk
writing S1107_contig_28.gbk
writing S1107_contig_30.gbk
writing S1107_contig_34.gbk
writing S1107_contig_39.gbk
writing S1107_contig_44.gbk
writing S1107_contig_46.gbk
writing S1107_contig_50.gbk
writing S1107_contig_55.gbk
writing S1107_contig_67.gbk
writing S1107_contig_69.gbk
writing S1107_contig_72.gbk
writing S1107_contig_87.gbk
writing S1107_contig_89.gbk
writing S1107_contig_93.gbk
writing S1107_contig_129.gbk
writing S1107_contig_157.gbk
writing S1107_contig_168.gbk
The summary file for S1107 was saved to S1107/S1107.tsv.
Success: 'ampcombi parse_tables' completed successfully ! Now run ampcombi complete !

=== Sample 56/301: S1108 ===

 $$$$$$\  $$\      $$\ $$$$$$$\                                    $$\       $$\|
$$  __$$\ $$$\    $$$ |$$  __$$\                                   $$ |      \__|
$ /   $$ |$$$$\  $$$$ |$$ |  $$ | $$$$$$$\  $$$$$$\  $$$$$$\$$$$\  $$$$$$$\  $$\ 
$$$$$$$$ |$$\$$\$$ $$ |$$$$$$$  |$$  _____|$$  __$$\ $$  _$$  _$$\ $$  __$$\ $$ |
$$  __$$ |$$ \$$$  $$ |$$  ____/ $$ /      $$ /  $$ |$$ / $$ / $$ |$$ |  $$ |$$ |
$$ |  $$ |$$ |\$  /$$ |$$ |      $$ |      $$ |  $$ |$$ | $$ | $$ |$$ |  $$ |$$ |
$$ |  $$ |$$ | \_/ $$ |$$ |      \$$$$$$$\ \$$$$$$  |$$ | $$ | $$ |$$$$$$$  |$$ |
\__|  \__|\__|     \__|\__|       \_______| \______/ \__| \__| \__|\_______/ \__|

<--AMP_database> = /work3/josne/github/bacass/assets/databases/amp_DRAMP_database is found and will be used
MMseqs2 directory already exists in /work3/josne/github/bacass/assets/databases/amp_DRAMP_database.

 ########################################################## 
Processing AMP-files from sample: S1108
found macrel file
found ampir file
found amplify file
No InterproScan files were provided. Workflow continuing ....
The fasta containing AMP sequences for S1108 was saved to S1108/ 

The mmseqs alignment for S1108 in progress ....
No AMP hits for S1108 were successfully aligned to the reference database. Consider changing the database.
The mmseqs alignment for S1108 was saved to S1108/.
Estimating functional and structural properties for S1108 ....
Parsing the corresponding gene bank file for S1108 ....
writing S1108_contig_1.gbk
writing S1108_contig_3.gbk
writing S1108_contig_3.gbk
writing S1108_contig_6.gbk
writing S1108_contig_7.gbk
writing S1108_contig_7.gbk
writing S1108_contig_12.gbk
writing S1108_contig_16.gbk
writing S1108_contig_20.gbk
writing S1108_contig_20.gbk
writing S1108_contig_23.gbk
writing S1108_contig_23.gbk
writing S1108_contig_24.gbk
writing S1108_contig_25.gbk
writing S1108_contig_26.gbk
writing S1108_contig_28.gbk
writing S1108_contig_32.gbk
writing S1108_contig_37.gbk
writing S1108_contig_41.gbk
writing S1108_contig_43.gbk
writing S1108_contig_46.gbk
writing S1108_contig_50.gbk
writing S1108_contig_56.gbk
writing S1108_contig_68.gbk
writing S1108_contig_70.gbk
writing S1108_contig_74.gbk
writing S1108_contig_89.gbk
writing S1108_contig_91.gbk
writing S1108_contig_94.gbk
writing S1108_contig_103.gbk
writing S1108_contig_103.gbk
writing S1108_contig_103.gbk
writing S1108_contig_131.gbk
writing S1108_contig_160.gbk
writing S1108_contig_171.gbk
The summary file for S1108 was saved to S1108/S1108.tsv.
Success: 'ampcombi parse_tables' completed successfully ! Now run ampcombi complete !

=== Sample 57/301: S1110 ===

 $$$$$$\  $$\      $$\ $$$$$$$\                                    $$\       $$\|
$$  __$$\ $$$\    $$$ |$$  __$$\                                   $$ |      \__|
$ /   $$ |$$$$\  $$$$ |$$ |  $$ | $$$$$$$\  $$$$$$\  $$$$$$\$$$$\  $$$$$$$\  $$\ 
$$$$$$$$ |$$\$$\$$ $$ |$$$$$$$  |$$  _____|$$  __$$\ $$  _$$  _$$\ $$  __$$\ $$ |
$$  __$$ |$$ \$$$  $$ |$$  ____/ $$ /      $$ /  $$ |$$ / $$ / $$ |$$ |  $$ |$$ |
$$ |  $$ |$$ |\$  /$$ |$$ |      $$ |      $$ |  $$ |$$ | $$ | $$ |$$ |  $$ |$$ |
$$ |  $$ |$$ | \_/ $$ |$$ |      \$$$$$$$\ \$$$$$$  |$$ | $$ | $$ |$$$$$$$  |$$ |
\__|  \__|\__|     \__|\__|       \_______| \______/ \__| \__| \__|\_______/ \__|

<--AMP_database> = /work3/josne/github/bacass/assets/databases/amp_DRAMP_database is found and will be used
MMseqs2 directory already exists in /work3/josne/github/bacass/assets/databases/amp_DRAMP_database.

 ########################################################## 
Processing AMP-files from sample: S1110
found macrel file
found ampir file
found amplify file
No InterproScan files were provided. Workflow continuing ....
The fasta containing AMP sequences for S1110 was saved to S1110/ 

The mmseqs alignment for S1110 in progress ....
No AMP hits for S1110 were successfully aligned to the reference database. Consider changing the database.
The mmseqs alignment for S1110 was saved to S1110/.
Estimating functional and structural properties for S1110 ....
Parsing the corresponding gene bank file for S1110 ....
writing S1110_contig_2.gbk
writing S1110_contig_4.gbk
writing S1110_contig_4.gbk
writing S1110_contig_6.gbk
writing S1110_contig_8.gbk
writing S1110_contig_13.gbk
writing S1110_contig_14.gbk
writing S1110_contig_19.gbk
writing S1110_contig_21.gbk
writing S1110_contig_27.gbk
writing S1110_contig_34.gbk
writing S1110_contig_37.gbk
writing S1110_contig_38.gbk
writing S1110_contig_39.gbk
writing S1110_contig_43.gbk
writing S1110_contig_46.gbk
writing S1110_contig_48.gbk
writing S1110_contig_48.gbk
writing S1110_contig_58.gbk
writing S1110_contig_59.gbk
writing S1110_contig_62.gbk
writing S1110_contig_64.gbk
writing S1110_contig_66.gbk
writing S1110_contig_76.gbk
writing S1110_contig_82.gbk
writing S1110_contig_105.gbk
writing S1110_contig_123.gbk
writing S1110_contig_132.gbk
writing S1110_contig_141.gbk
writing S1110_contig_155.gbk
The summary file for S1110 was saved to S1110/S1110.tsv.
Success: 'ampcombi parse_tables' completed successfully ! Now run ampcombi complete !

=== Sample 58/301: S1124 ===

 $$$$$$\  $$\      $$\ $$$$$$$\                                    $$\       $$\|
$$  __$$\ $$$\    $$$ |$$  __$$\                                   $$ |      \__|
$ /   $$ |$$$$\  $$$$ |$$ |  $$ | $$$$$$$\  $$$$$$\  $$$$$$\$$$$\  $$$$$$$\  $$\ 
$$$$$$$$ |$$\$$\$$ $$ |$$$$$$$  |$$  _____|$$  __$$\ $$  _$$  _$$\ $$  __$$\ $$ |
$$  __$$ |$$ \$$$  $$ |$$  ____/ $$ /      $$ /  $$ |$$ / $$ / $$ |$$ |  $$ |$$ |
$$ |  $$ |$$ |\$  /$$ |$$ |      $$ |      $$ |  $$ |$$ | $$ | $$ |$$ |  $$ |$$ |
$$ |  $$ |$$ | \_/ $$ |$$ |      \$$$$$$$\ \$$$$$$  |$$ | $$ | $$ |$$$$$$$  |$$ |
\__|  \__|\__|     \__|\__|       \_______| \______/ \__| \__| \__|\_______/ \__|

<--AMP_database> = /work3/josne/github/bacass/assets/databases/amp_DRAMP_database is found and will be used
MMseqs2 directory already exists in /work3/josne/github/bacass/assets/databases/amp_DRAMP_database.

 ########################################################## 
Processing AMP-files from sample: S1124
found macrel file
found ampir file
found amplify file
No InterproScan files were provided. Workflow continuing ....
The fasta containing AMP sequences for S1124 was saved to S1124/ 

The mmseqs alignment for S1124 in progress ....
No AMP hits for S1124 were successfully aligned to the reference database. Consider changing the database.
The mmseqs alignment for S1124 was saved to S1124/.
Estimating functional and structural properties for S1124 ....
Parsing the corresponding gene bank file for S1124 ....
writing S1124_contig_1.gbk
writing S1124_contig_1.gbk
writing S1124_contig_1.gbk
writing S1124_contig_1.gbk
writing S1124_contig_1.gbk
writing S1124_contig_1.gbk
writing S1124_contig_1.gbk
writing S1124_contig_1.gbk
writing S1124_contig_1.gbk
writing S1124_contig_2.gbk
writing S1124_contig_2.gbk
writing S1124_contig_3.gbk
writing S1124_contig_3.gbk
writing S1124_contig_3.gbk
writing S1124_contig_3.gbk
writing S1124_contig_3.gbk
writing S1124_contig_3.gbk
writing S1124_contig_4.gbk
writing S1124_contig_4.gbk
writing S1124_contig_4.gbk
writing S1124_contig_5.gbk
writing S1124_contig_5.gbk
writing S1124_contig_5.gbk
writing S1124_contig_5.gbk
writing S1124_contig_6.gbk
writing S1124_contig_6.gbk
writing S1124_contig_7.gbk
writing S1124_contig_8.gbk
writing S1124_contig_8.gbk
writing S1124_contig_8.gbk
writing S1124_contig_11.gbk
writing S1124_contig_12.gbk
The summary file for S1124 was saved to S1124/S1124.tsv.
Success: 'ampcombi parse_tables' completed successfully ! Now run ampcombi complete !

=== Sample 59/301: S1126 ===

 $$$$$$\  $$\      $$\ $$$$$$$\                                    $$\       $$\|
$$  __$$\ $$$\    $$$ |$$  __$$\                                   $$ |      \__|
$ /   $$ |$$$$\  $$$$ |$$ |  $$ | $$$$$$$\  $$$$$$\  $$$$$$\$$$$\  $$$$$$$\  $$\ 
$$$$$$$$ |$$\$$\$$ $$ |$$$$$$$  |$$  _____|$$  __$$\ $$  _$$  _$$\ $$  __$$\ $$ |
$$  __$$ |$$ \$$$  $$ |$$  ____/ $$ /      $$ /  $$ |$$ / $$ / $$ |$$ |  $$ |$$ |
$$ |  $$ |$$ |\$  /$$ |$$ |      $$ |      $$ |  $$ |$$ | $$ | $$ |$$ |  $$ |$$ |
$$ |  $$ |$$ | \_/ $$ |$$ |      \$$$$$$$\ \$$$$$$  |$$ | $$ | $$ |$$$$$$$  |$$ |
\__|  \__|\__|     \__|\__|       \_______| \______/ \__| \__| \__|\_______/ \__|

<--AMP_database> = /work3/josne/github/bacass/assets/databases/amp_DRAMP_database is found and will be used
MMseqs2 directory already exists in /work3/josne/github/bacass/assets/databases/amp_DRAMP_database.

 ########################################################## 
Processing AMP-files from sample: S1126
found macrel file
found ampir file
found amplify file
No InterproScan files were provided. Workflow continuing ....
The fasta containing AMP sequences for S1126 was saved to S1126/ 

The mmseqs alignment for S1126 in progress ....
No AMP hits for S1126 were successfully aligned to the reference database. Consider changing the database.
The mmseqs alignment for S1126 was saved to S1126/.
Estimating functional and structural properties for S1126 ....
Parsing the corresponding gene bank file for S1126 ....
writing S1126_contig_1.gbk
writing S1126_contig_1.gbk
writing S1126_contig_1.gbk
writing S1126_contig_1.gbk
writing S1126_contig_2.gbk
writing S1126_contig_3.gbk
writing S1126_contig_4.gbk
writing S1126_contig_4.gbk
writing S1126_contig_4.gbk
writing S1126_contig_4.gbk
writing S1126_contig_5.gbk
writing S1126_contig_6.gbk
writing S1126_contig_6.gbk
writing S1126_contig_6.gbk
writing S1126_contig_8.gbk
writing S1126_contig_9.gbk
writing S1126_contig_9.gbk
writing S1126_contig_9.gbk
writing S1126_contig_14.gbk
writing S1126_contig_14.gbk
writing S1126_contig_15.gbk
writing S1126_contig_18.gbk
writing S1126_contig_20.gbk
writing S1126_contig_21.gbk
writing S1126_contig_24.gbk
writing S1126_contig_28.gbk
writing S1126_contig_28.gbk
writing S1126_contig_32.gbk
writing S1126_contig_35.gbk
writing S1126_contig_35.gbk
The summary file for S1126 was saved to S1126/S1126.tsv.
Success: 'ampcombi parse_tables' completed successfully ! Now run ampcombi complete !

=== Sample 60/301: S1131 ===

 $$$$$$\  $$\      $$\ $$$$$$$\                                    $$\       $$\|
$$  __$$\ $$$\    $$$ |$$  __$$\                                   $$ |      \__|
$ /   $$ |$$$$\  $$$$ |$$ |  $$ | $$$$$$$\  $$$$$$\  $$$$$$\$$$$\  $$$$$$$\  $$\ 
$$$$$$$$ |$$\$$\$$ $$ |$$$$$$$  |$$  _____|$$  __$$\ $$  _$$  _$$\ $$  __$$\ $$ |
$$  __$$ |$$ \$$$  $$ |$$  ____/ $$ /      $$ /  $$ |$$ / $$ / $$ |$$ |  $$ |$$ |
$$ |  $$ |$$ |\$  /$$ |$$ |      $$ |      $$ |  $$ |$$ | $$ | $$ |$$ |  $$ |$$ |
$$ |  $$ |$$ | \_/ $$ |$$ |      \$$$$$$$\ \$$$$$$  |$$ | $$ | $$ |$$$$$$$  |$$ |
\__|  \__|\__|     \__|\__|       \_______| \______/ \__| \__| \__|\_______/ \__|

<--AMP_database> = /work3/josne/github/bacass/assets/databases/amp_DRAMP_database is found and will be used
MMseqs2 directory already exists in /work3/josne/github/bacass/assets/databases/amp_DRAMP_database.

 ########################################################## 
Processing AMP-files from sample: S1131
found macrel file
found ampir file
found amplify file
No InterproScan files were provided. Workflow continuing ....
The fasta containing AMP sequences for S1131 was saved to S1131/ 

The mmseqs alignment for S1131 in progress ....
No AMP hits for S1131 were successfully aligned to the reference database. Consider changing the database.
The mmseqs alignment for S1131 was saved to S1131/.
Estimating functional and structural properties for S1131 ....
Parsing the corresponding gene bank file for S1131 ....
writing S1131_contig_1.gbk
writing S1131_contig_1.gbk
writing S1131_contig_1.gbk
writing S1131_contig_2.gbk
writing S1131_contig_3.gbk
writing S1131_contig_3.gbk
writing S1131_contig_3.gbk
writing S1131_contig_3.gbk
writing S1131_contig_3.gbk
writing S1131_contig_4.gbk
writing S1131_contig_4.gbk
writing S1131_contig_4.gbk
writing S1131_contig_4.gbk
writing S1131_contig_4.gbk
writing S1131_contig_4.gbk
writing S1131_contig_7.gbk
writing S1131_contig_9.gbk
writing S1131_contig_12.gbk
writing S1131_contig_12.gbk
writing S1131_contig_14.gbk
writing S1131_contig_14.gbk
writing S1131_contig_18.gbk
writing S1131_contig_20.gbk
writing S1131_contig_23.gbk
writing S1131_contig_25.gbk
writing S1131_contig_27.gbk
writing S1131_contig_29.gbk
writing S1131_contig_31.gbk
writing S1131_contig_44.gbk
The summary file for S1131 was saved to S1131/S1131.tsv.
Success: 'ampcombi parse_tables' completed successfully ! Now run ampcombi complete !

=== Sample 61/301: S1132 ===

 $$$$$$\  $$\      $$\ $$$$$$$\                                    $$\       $$\|
$$  __$$\ $$$\    $$$ |$$  __$$\                                   $$ |      \__|
$ /   $$ |$$$$\  $$$$ |$$ |  $$ | $$$$$$$\  $$$$$$\  $$$$$$\$$$$\  $$$$$$$\  $$\ 
$$$$$$$$ |$$\$$\$$ $$ |$$$$$$$  |$$  _____|$$  __$$\ $$  _$$  _$$\ $$  __$$\ $$ |
$$  __$$ |$$ \$$$  $$ |$$  ____/ $$ /      $$ /  $$ |$$ / $$ / $$ |$$ |  $$ |$$ |
$$ |  $$ |$$ |\$  /$$ |$$ |      $$ |      $$ |  $$ |$$ | $$ | $$ |$$ |  $$ |$$ |
$$ |  $$ |$$ | \_/ $$ |$$ |      \$$$$$$$\ \$$$$$$  |$$ | $$ | $$ |$$$$$$$  |$$ |
\__|  \__|\__|     \__|\__|       \_______| \______/ \__| \__| \__|\_______/ \__|

<--AMP_database> = /work3/josne/github/bacass/assets/databases/amp_DRAMP_database is found and will be used
MMseqs2 directory already exists in /work3/josne/github/bacass/assets/databases/amp_DRAMP_database.

 ########################################################## 
Processing AMP-files from sample: S1132
found macrel file
found ampir file
found amplify file
No InterproScan files were provided. Workflow continuing ....
The fasta containing AMP sequences for S1132 was saved to S1132/ 

The mmseqs alignment for S1132 in progress ....
No AMP hits for S1132 were successfully aligned to the reference database. Consider changing the database.
The mmseqs alignment for S1132 was saved to S1132/.
Estimating functional and structural properties for S1132 ....
Parsing the corresponding gene bank file for S1132 ....
writing S1132_contig_1.gbk
writing S1132_contig_1.gbk
writing S1132_contig_1.gbk
writing S1132_contig_2.gbk
writing S1132_contig_3.gbk
writing S1132_contig_3.gbk
writing S1132_contig_3.gbk
writing S1132_contig_3.gbk
writing S1132_contig_3.gbk
writing S1132_contig_4.gbk
writing S1132_contig_4.gbk
writing S1132_contig_4.gbk
writing S1132_contig_4.gbk
writing S1132_contig_4.gbk
writing S1132_contig_4.gbk
writing S1132_contig_8.gbk
writing S1132_contig_10.gbk
writing S1132_contig_12.gbk
writing S1132_contig_12.gbk
writing S1132_contig_14.gbk
writing S1132_contig_14.gbk
writing S1132_contig_18.gbk
writing S1132_contig_20.gbk
writing S1132_contig_23.gbk
writing S1132_contig_25.gbk
writing S1132_contig_27.gbk
writing S1132_contig_29.gbk
writing S1132_contig_43.gbk
The summary file for S1132 was saved to S1132/S1132.tsv.
Success: 'ampcombi parse_tables' completed successfully ! Now run ampcombi complete !

=== Sample 62/301: S1137 ===

 $$$$$$\  $$\      $$\ $$$$$$$\                                    $$\       $$\|
$$  __$$\ $$$\    $$$ |$$  __$$\                                   $$ |      \__|
$ /   $$ |$$$$\  $$$$ |$$ |  $$ | $$$$$$$\  $$$$$$\  $$$$$$\$$$$\  $$$$$$$\  $$\ 
$$$$$$$$ |$$\$$\$$ $$ |$$$$$$$  |$$  _____|$$  __$$\ $$  _$$  _$$\ $$  __$$\ $$ |
$$  __$$ |$$ \$$$  $$ |$$  ____/ $$ /      $$ /  $$ |$$ / $$ / $$ |$$ |  $$ |$$ |
$$ |  $$ |$$ |\$  /$$ |$$ |      $$ |      $$ |  $$ |$$ | $$ | $$ |$$ |  $$ |$$ |
$$ |  $$ |$$ | \_/ $$ |$$ |      \$$$$$$$\ \$$$$$$  |$$ | $$ | $$ |$$$$$$$  |$$ |
\__|  \__|\__|     \__|\__|       \_______| \______/ \__| \__| \__|\_______/ \__|

<--AMP_database> = /work3/josne/github/bacass/assets/databases/amp_DRAMP_database is found and will be used
MMseqs2 directory already exists in /work3/josne/github/bacass/assets/databases/amp_DRAMP_database.

 ########################################################## 
Processing AMP-files from sample: S1137
found macrel file
found ampir file
found amplify file
No InterproScan files were provided. Workflow continuing ....
The fasta containing AMP sequences for S1137 was saved to S1137/ 

The mmseqs alignment for S1137 in progress ....
No AMP hits for S1137 were successfully aligned to the reference database. Consider changing the database.
The mmseqs alignment for S1137 was saved to S1137/.
Estimating functional and structural properties for S1137 ....
Parsing the corresponding gene bank file for S1137 ....
writing S1137_contig_1.gbk
writing S1137_contig_1.gbk
writing S1137_contig_2.gbk
writing S1137_contig_2.gbk
writing S1137_contig_6.gbk
writing S1137_contig_9.gbk
writing S1137_contig_11.gbk
writing S1137_contig_12.gbk
writing S1137_contig_14.gbk
writing S1137_contig_19.gbk
writing S1137_contig_28.gbk
writing S1137_contig_28.gbk
writing S1137_contig_28.gbk
writing S1137_contig_29.gbk
writing S1137_contig_29.gbk
writing S1137_contig_30.gbk
writing S1137_contig_31.gbk
writing S1137_contig_32.gbk
writing S1137_contig_35.gbk
writing S1137_contig_40.gbk
writing S1137_contig_41.gbk
writing S1137_contig_43.gbk
writing S1137_contig_44.gbk
writing S1137_contig_46.gbk
writing S1137_contig_47.gbk
writing S1137_contig_69.gbk
The summary file for S1137 was saved to S1137/S1137.tsv.
Success: 'ampcombi parse_tables' completed successfully ! Now run ampcombi complete !

=== Sample 63/301: S1141 ===

 $$$$$$\  $$\      $$\ $$$$$$$\                                    $$\       $$\|
$$  __$$\ $$$\    $$$ |$$  __$$\                                   $$ |      \__|
$ /   $$ |$$$$\  $$$$ |$$ |  $$ | $$$$$$$\  $$$$$$\  $$$$$$\$$$$\  $$$$$$$\  $$\ 
$$$$$$$$ |$$\$$\$$ $$ |$$$$$$$  |$$  _____|$$  __$$\ $$  _$$  _$$\ $$  __$$\ $$ |
$$  __$$ |$$ \$$$  $$ |$$  ____/ $$ /      $$ /  $$ |$$ / $$ / $$ |$$ |  $$ |$$ |
$$ |  $$ |$$ |\$  /$$ |$$ |      $$ |      $$ |  $$ |$$ | $$ | $$ |$$ |  $$ |$$ |
$$ |  $$ |$$ | \_/ $$ |$$ |      \$$$$$$$\ \$$$$$$  |$$ | $$ | $$ |$$$$$$$  |$$ |
\__|  \__|\__|     \__|\__|       \_______| \______/ \__| \__| \__|\_______/ \__|

<--AMP_database> = /work3/josne/github/bacass/assets/databases/amp_DRAMP_database is found and will be used
MMseqs2 directory already exists in /work3/josne/github/bacass/assets/databases/amp_DRAMP_database.

 ########################################################## 
Processing AMP-files from sample: S1141
found macrel file
found ampir file
found amplify file
No InterproScan files were provided. Workflow continuing ....
The fasta containing AMP sequences for S1141 was saved to S1141/ 

The mmseqs alignment for S1141 in progress ....
No AMP hits for S1141 were successfully aligned to the reference database. Consider changing the database.
The mmseqs alignment for S1141 was saved to S1141/.
Estimating functional and structural properties for S1141 ....
Parsing the corresponding gene bank file for S1141 ....
writing S1141_contig_1.gbk
writing S1141_contig_1.gbk
writing S1141_contig_1.gbk
writing S1141_contig_1.gbk
writing S1141_contig_1.gbk
writing S1141_contig_1.gbk
writing S1141_contig_1.gbk
writing S1141_contig_2.gbk
writing S1141_contig_2.gbk
writing S1141_contig_3.gbk
writing S1141_contig_4.gbk
writing S1141_contig_4.gbk
writing S1141_contig_4.gbk
writing S1141_contig_4.gbk
writing S1141_contig_4.gbk
writing S1141_contig_4.gbk
writing S1141_contig_6.gbk
writing S1141_contig_6.gbk
writing S1141_contig_6.gbk
writing S1141_contig_6.gbk
writing S1141_contig_6.gbk
writing S1141_contig_6.gbk
writing S1141_contig_7.gbk
writing S1141_contig_7.gbk
writing S1141_contig_7.gbk
writing S1141_contig_8.gbk
writing S1141_contig_9.gbk
writing S1141_contig_10.gbk
writing S1141_contig_13.gbk
writing S1141_contig_17.gbk
writing S1141_contig_19.gbk
writing S1141_contig_27.gbk
The summary file for S1141 was saved to S1141/S1141.tsv.
Success: 'ampcombi parse_tables' completed successfully ! Now run ampcombi complete !

=== Sample 64/301: S1142 ===

 $$$$$$\  $$\      $$\ $$$$$$$\                                    $$\       $$\|
$$  __$$\ $$$\    $$$ |$$  __$$\                                   $$ |      \__|
$ /   $$ |$$$$\  $$$$ |$$ |  $$ | $$$$$$$\  $$$$$$\  $$$$$$\$$$$\  $$$$$$$\  $$\ 
$$$$$$$$ |$$\$$\$$ $$ |$$$$$$$  |$$  _____|$$  __$$\ $$  _$$  _$$\ $$  __$$\ $$ |
$$  __$$ |$$ \$$$  $$ |$$  ____/ $$ /      $$ /  $$ |$$ / $$ / $$ |$$ |  $$ |$$ |
$$ |  $$ |$$ |\$  /$$ |$$ |      $$ |      $$ |  $$ |$$ | $$ | $$ |$$ |  $$ |$$ |
$$ |  $$ |$$ | \_/ $$ |$$ |      \$$$$$$$\ \$$$$$$  |$$ | $$ | $$ |$$$$$$$  |$$ |
\__|  \__|\__|     \__|\__|       \_______| \______/ \__| \__| \__|\_______/ \__|

<--AMP_database> = /work3/josne/github/bacass/assets/databases/amp_DRAMP_database is found and will be used
MMseqs2 directory already exists in /work3/josne/github/bacass/assets/databases/amp_DRAMP_database.

 ########################################################## 
Processing AMP-files from sample: S1142
found macrel file
found ampir file
found amplify file
No InterproScan files were provided. Workflow continuing ....
The fasta containing AMP sequences for S1142 was saved to S1142/ 

The mmseqs alignment for S1142 in progress ....
No AMP hits for S1142 were successfully aligned to the reference database. Consider changing the database.
The mmseqs alignment for S1142 was saved to S1142/.
Estimating functional and structural properties for S1142 ....
Parsing the corresponding gene bank file for S1142 ....
writing S1142_contig_1.gbk
writing S1142_contig_1.gbk
writing S1142_contig_1.gbk
writing S1142_contig_1.gbk
writing S1142_contig_1.gbk
writing S1142_contig_1.gbk
writing S1142_contig_1.gbk
writing S1142_contig_2.gbk
writing S1142_contig_2.gbk
writing S1142_contig_3.gbk
writing S1142_contig_4.gbk
writing S1142_contig_4.gbk
writing S1142_contig_4.gbk
writing S1142_contig_4.gbk
writing S1142_contig_4.gbk
writing S1142_contig_4.gbk
writing S1142_contig_6.gbk
writing S1142_contig_6.gbk
writing S1142_contig_6.gbk
writing S1142_contig_6.gbk
writing S1142_contig_6.gbk
writing S1142_contig_6.gbk
writing S1142_contig_7.gbk
writing S1142_contig_7.gbk
writing S1142_contig_7.gbk
writing S1142_contig_8.gbk
writing S1142_contig_10.gbk
writing S1142_contig_13.gbk
writing S1142_contig_15.gbk
writing S1142_contig_18.gbk
writing S1142_contig_20.gbk
writing S1142_contig_29.gbk
The summary file for S1142 was saved to S1142/S1142.tsv.
Success: 'ampcombi parse_tables' completed successfully ! Now run ampcombi complete !

=== Sample 65/301: S1160 ===

 $$$$$$\  $$\      $$\ $$$$$$$\                                    $$\       $$\|
$$  __$$\ $$$\    $$$ |$$  __$$\                                   $$ |      \__|
$ /   $$ |$$$$\  $$$$ |$$ |  $$ | $$$$$$$\  $$$$$$\  $$$$$$\$$$$\  $$$$$$$\  $$\ 
$$$$$$$$ |$$\$$\$$ $$ |$$$$$$$  |$$  _____|$$  __$$\ $$  _$$  _$$\ $$  __$$\ $$ |
$$  __$$ |$$ \$$$  $$ |$$  ____/ $$ /      $$ /  $$ |$$ / $$ / $$ |$$ |  $$ |$$ |
$$ |  $$ |$$ |\$  /$$ |$$ |      $$ |      $$ |  $$ |$$ | $$ | $$ |$$ |  $$ |$$ |
$$ |  $$ |$$ | \_/ $$ |$$ |      \$$$$$$$\ \$$$$$$  |$$ | $$ | $$ |$$$$$$$  |$$ |
\__|  \__|\__|     \__|\__|       \_______| \______/ \__| \__| \__|\_______/ \__|

<--AMP_database> = /work3/josne/github/bacass/assets/databases/amp_DRAMP_database is found and will be used
MMseqs2 directory already exists in /work3/josne/github/bacass/assets/databases/amp_DRAMP_database.

 ########################################################## 
Processing AMP-files from sample: S1160
found macrel file
found ampir file
found amplify file
No InterproScan files were provided. Workflow continuing ....
The fasta containing AMP sequences for S1160 was saved to S1160/ 

The mmseqs alignment for S1160 in progress ....
No AMP hits for S1160 were successfully aligned to the reference database. Consider changing the database.
The mmseqs alignment for S1160 was saved to S1160/.
Estimating functional and structural properties for S1160 ....
Parsing the corresponding gene bank file for S1160 ....
writing S1160_contig_1.gbk
writing S1160_contig_3.gbk
writing S1160_contig_3.gbk
writing S1160_contig_4.gbk
writing S1160_contig_5.gbk
writing S1160_contig_7.gbk
writing S1160_contig_9.gbk
writing S1160_contig_9.gbk
writing S1160_contig_9.gbk
writing S1160_contig_15.gbk
writing S1160_contig_16.gbk
writing S1160_contig_20.gbk
writing S1160_contig_22.gbk
writing S1160_contig_23.gbk
writing S1160_contig_24.gbk
writing S1160_contig_36.gbk
writing S1160_contig_37.gbk
writing S1160_contig_45.gbk
writing S1160_contig_45.gbk
writing S1160_contig_45.gbk
writing S1160_contig_48.gbk
writing S1160_contig_52.gbk
writing S1160_contig_53.gbk
writing S1160_contig_58.gbk
writing S1160_contig_68.gbk
writing S1160_contig_72.gbk
writing S1160_contig_84.gbk
writing S1160_contig_101.gbk
writing S1160_contig_148.gbk
The summary file for S1160 was saved to S1160/S1160.tsv.
Success: 'ampcombi parse_tables' completed successfully ! Now run ampcombi complete !

=== Sample 66/301: S1162 ===

 $$$$$$\  $$\      $$\ $$$$$$$\                                    $$\       $$\|
$$  __$$\ $$$\    $$$ |$$  __$$\                                   $$ |      \__|
$ /   $$ |$$$$\  $$$$ |$$ |  $$ | $$$$$$$\  $$$$$$\  $$$$$$\$$$$\  $$$$$$$\  $$\ 
$$$$$$$$ |$$\$$\$$ $$ |$$$$$$$  |$$  _____|$$  __$$\ $$  _$$  _$$\ $$  __$$\ $$ |
$$  __$$ |$$ \$$$  $$ |$$  ____/ $$ /      $$ /  $$ |$$ / $$ / $$ |$$ |  $$ |$$ |
$$ |  $$ |$$ |\$  /$$ |$$ |      $$ |      $$ |  $$ |$$ | $$ | $$ |$$ |  $$ |$$ |
$$ |  $$ |$$ | \_/ $$ |$$ |      \$$$$$$$\ \$$$$$$  |$$ | $$ | $$ |$$$$$$$  |$$ |
\__|  \__|\__|     \__|\__|       \_______| \______/ \__| \__| \__|\_______/ \__|

<--AMP_database> = /work3/josne/github/bacass/assets/databases/amp_DRAMP_database is found and will be used
MMseqs2 directory already exists in /work3/josne/github/bacass/assets/databases/amp_DRAMP_database.

 ########################################################## 
Processing AMP-files from sample: S1162
found macrel file
found ampir file
found amplify file
No InterproScan files were provided. Workflow continuing ....
The fasta containing AMP sequences for S1162 was saved to S1162/ 

The mmseqs alignment for S1162 in progress ....
No AMP hits for S1162 were successfully aligned to the reference database. Consider changing the database.
The mmseqs alignment for S1162 was saved to S1162/.
Estimating functional and structural properties for S1162 ....
Parsing the corresponding gene bank file for S1162 ....
writing S1162_contig_1.gbk
writing S1162_contig_2.gbk
writing S1162_contig_4.gbk
writing S1162_contig_5.gbk
writing S1162_contig_5.gbk
writing S1162_contig_6.gbk
writing S1162_contig_8.gbk
writing S1162_contig_17.gbk
writing S1162_contig_20.gbk
writing S1162_contig_21.gbk
writing S1162_contig_30.gbk
writing S1162_contig_40.gbk
writing S1162_contig_45.gbk
writing S1162_contig_46.gbk
writing S1162_contig_46.gbk
writing S1162_contig_52.gbk
writing S1162_contig_56.gbk
writing S1162_contig_62.gbk
writing S1162_contig_63.gbk
writing S1162_contig_76.gbk
writing S1162_contig_86.gbk
writing S1162_contig_87.gbk
writing S1162_contig_90.gbk
writing S1162_contig_128.gbk
writing S1162_contig_143.gbk
writing S1162_contig_155.gbk
The summary file for S1162 was saved to S1162/S1162.tsv.
Success: 'ampcombi parse_tables' completed successfully ! Now run ampcombi complete !

=== Sample 67/301: S1171 ===

 $$$$$$\  $$\      $$\ $$$$$$$\                                    $$\       $$\|
$$  __$$\ $$$\    $$$ |$$  __$$\                                   $$ |      \__|
$ /   $$ |$$$$\  $$$$ |$$ |  $$ | $$$$$$$\  $$$$$$\  $$$$$$\$$$$\  $$$$$$$\  $$\ 
$$$$$$$$ |$$\$$\$$ $$ |$$$$$$$  |$$  _____|$$  __$$\ $$  _$$  _$$\ $$  __$$\ $$ |
$$  __$$ |$$ \$$$  $$ |$$  ____/ $$ /      $$ /  $$ |$$ / $$ / $$ |$$ |  $$ |$$ |
$$ |  $$ |$$ |\$  /$$ |$$ |      $$ |      $$ |  $$ |$$ | $$ | $$ |$$ |  $$ |$$ |
$$ |  $$ |$$ | \_/ $$ |$$ |      \$$$$$$$\ \$$$$$$  |$$ | $$ | $$ |$$$$$$$  |$$ |
\__|  \__|\__|     \__|\__|       \_______| \______/ \__| \__| \__|\_______/ \__|

<--AMP_database> = /work3/josne/github/bacass/assets/databases/amp_DRAMP_database is found and will be used
MMseqs2 directory already exists in /work3/josne/github/bacass/assets/databases/amp_DRAMP_database.

 ########################################################## 
Processing AMP-files from sample: S1171
found macrel file
found ampir file
found amplify file
No InterproScan files were provided. Workflow continuing ....
The fasta containing AMP sequences for S1171 was saved to S1171/ 

The mmseqs alignment for S1171 in progress ....
No AMP hits for S1171 were successfully aligned to the reference database. Consider changing the database.
The mmseqs alignment for S1171 was saved to S1171/.
Estimating functional and structural properties for S1171 ....
Parsing the corresponding gene bank file for S1171 ....
writing S1171_contig_1.gbk
writing S1171_contig_1.gbk
writing S1171_contig_1.gbk
writing S1171_contig_1.gbk
writing S1171_contig_2.gbk
writing S1171_contig_2.gbk
writing S1171_contig_2.gbk
writing S1171_contig_2.gbk
writing S1171_contig_2.gbk
writing S1171_contig_2.gbk
writing S1171_contig_2.gbk
writing S1171_contig_2.gbk
writing S1171_contig_2.gbk
writing S1171_contig_3.gbk
writing S1171_contig_3.gbk
writing S1171_contig_4.gbk
writing S1171_contig_4.gbk
writing S1171_contig_4.gbk
writing S1171_contig_4.gbk
writing S1171_contig_4.gbk
writing S1171_contig_4.gbk
writing S1171_contig_4.gbk
writing S1171_contig_4.gbk
writing S1171_contig_4.gbk
writing S1171_contig_5.gbk
writing S1171_contig_6.gbk
writing S1171_contig_6.gbk
writing S1171_contig_8.gbk
writing S1171_contig_9.gbk
writing S1171_contig_11.gbk
writing S1171_contig_18.gbk
writing S1171_contig_19.gbk
The summary file for S1171 was saved to S1171/S1171.tsv.
Success: 'ampcombi parse_tables' completed successfully ! Now run ampcombi complete !

=== Sample 68/301: S1172 ===

 $$$$$$\  $$\      $$\ $$$$$$$\                                    $$\       $$\|
$$  __$$\ $$$\    $$$ |$$  __$$\                                   $$ |      \__|
$ /   $$ |$$$$\  $$$$ |$$ |  $$ | $$$$$$$\  $$$$$$\  $$$$$$\$$$$\  $$$$$$$\  $$\ 
$$$$$$$$ |$$\$$\$$ $$ |$$$$$$$  |$$  _____|$$  __$$\ $$  _$$  _$$\ $$  __$$\ $$ |
$$  __$$ |$$ \$$$  $$ |$$  ____/ $$ /      $$ /  $$ |$$ / $$ / $$ |$$ |  $$ |$$ |
$$ |  $$ |$$ |\$  /$$ |$$ |      $$ |      $$ |  $$ |$$ | $$ | $$ |$$ |  $$ |$$ |
$$ |  $$ |$$ | \_/ $$ |$$ |      \$$$$$$$\ \$$$$$$  |$$ | $$ | $$ |$$$$$$$  |$$ |
\__|  \__|\__|     \__|\__|       \_______| \______/ \__| \__| \__|\_______/ \__|

<--AMP_database> = /work3/josne/github/bacass/assets/databases/amp_DRAMP_database is found and will be used
MMseqs2 directory already exists in /work3/josne/github/bacass/assets/databases/amp_DRAMP_database.

 ########################################################## 
Processing AMP-files from sample: S1172
found macrel file
found ampir file
found amplify file
No InterproScan files were provided. Workflow continuing ....
The fasta containing AMP sequences for S1172 was saved to S1172/ 

The mmseqs alignment for S1172 in progress ....
No AMP hits for S1172 were successfully aligned to the reference database. Consider changing the database.
The mmseqs alignment for S1172 was saved to S1172/.
Estimating functional and structural properties for S1172 ....
Parsing the corresponding gene bank file for S1172 ....
writing S1172_contig_1.gbk
writing S1172_contig_3.gbk
writing S1172_contig_3.gbk
writing S1172_contig_7.gbk
writing S1172_contig_7.gbk
writing S1172_contig_8.gbk
writing S1172_contig_10.gbk
writing S1172_contig_11.gbk
writing S1172_contig_13.gbk
writing S1172_contig_14.gbk
writing S1172_contig_26.gbk
writing S1172_contig_27.gbk
writing S1172_contig_30.gbk
writing S1172_contig_34.gbk
writing S1172_contig_37.gbk
writing S1172_contig_42.gbk
writing S1172_contig_43.gbk
writing S1172_contig_44.gbk
writing S1172_contig_46.gbk
writing S1172_contig_49.gbk
writing S1172_contig_61.gbk
writing S1172_contig_62.gbk
writing S1172_contig_65.gbk
writing S1172_contig_68.gbk
writing S1172_contig_70.gbk
writing S1172_contig_70.gbk
writing S1172_contig_75.gbk
writing S1172_contig_82.gbk
writing S1172_contig_98.gbk
writing S1172_contig_99.gbk
writing S1172_contig_107.gbk
writing S1172_contig_117.gbk
writing S1172_contig_131.gbk
writing S1172_contig_138.gbk
writing S1172_contig_149.gbk
writing S1172_contig_150.gbk
writing S1172_contig_171.gbk
writing S1172_contig_196.gbk
writing S1172_contig_217.gbk
writing S1172_contig_265.gbk
The summary file for S1172 was saved to S1172/S1172.tsv.
Success: 'ampcombi parse_tables' completed successfully ! Now run ampcombi complete !

=== Sample 69/301: S1175 ===

 $$$$$$\  $$\      $$\ $$$$$$$\                                    $$\       $$\|
$$  __$$\ $$$\    $$$ |$$  __$$\                                   $$ |      \__|
$ /   $$ |$$$$\  $$$$ |$$ |  $$ | $$$$$$$\  $$$$$$\  $$$$$$\$$$$\  $$$$$$$\  $$\ 
$$$$$$$$ |$$\$$\$$ $$ |$$$$$$$  |$$  _____|$$  __$$\ $$  _$$  _$$\ $$  __$$\ $$ |
$$  __$$ |$$ \$$$  $$ |$$  ____/ $$ /      $$ /  $$ |$$ / $$ / $$ |$$ |  $$ |$$ |
$$ |  $$ |$$ |\$  /$$ |$$ |      $$ |      $$ |  $$ |$$ | $$ | $$ |$$ |  $$ |$$ |
$$ |  $$ |$$ | \_/ $$ |$$ |      \$$$$$$$\ \$$$$$$  |$$ | $$ | $$ |$$$$$$$  |$$ |
\__|  \__|\__|     \__|\__|       \_______| \______/ \__| \__| \__|\_______/ \__|

<--AMP_database> = /work3/josne/github/bacass/assets/databases/amp_DRAMP_database is found and will be used
MMseqs2 directory already exists in /work3/josne/github/bacass/assets/databases/amp_DRAMP_database.

 ########################################################## 
Processing AMP-files from sample: S1175
found macrel file
found ampir file
found amplify file
No InterproScan files were provided. Workflow continuing ....
The fasta containing AMP sequences for S1175 was saved to S1175/ 

The mmseqs alignment for S1175 in progress ....
No AMP hits for S1175 were successfully aligned to the reference database. Consider changing the database.
The mmseqs alignment for S1175 was saved to S1175/.
Estimating functional and structural properties for S1175 ....
Parsing the corresponding gene bank file for S1175 ....
writing S1175_contig_1.gbk
writing S1175_contig_2.gbk
writing S1175_contig_3.gbk
writing S1175_contig_3.gbk
writing S1175_contig_3.gbk
writing S1175_contig_5.gbk
writing S1175_contig_6.gbk
writing S1175_contig_6.gbk
writing S1175_contig_12.gbk
writing S1175_contig_13.gbk
writing S1175_contig_15.gbk
writing S1175_contig_20.gbk
writing S1175_contig_25.gbk
writing S1175_contig_42.gbk
writing S1175_contig_44.gbk
writing S1175_contig_49.gbk
writing S1175_contig_49.gbk
writing S1175_contig_50.gbk
writing S1175_contig_63.gbk
writing S1175_contig_81.gbk
writing S1175_contig_107.gbk
writing S1175_contig_165.gbk
The summary file for S1175 was saved to S1175/S1175.tsv.
Success: 'ampcombi parse_tables' completed successfully ! Now run ampcombi complete !

=== Sample 70/301: S1190 ===

 $$$$$$\  $$\      $$\ $$$$$$$\                                    $$\       $$\|
$$  __$$\ $$$\    $$$ |$$  __$$\                                   $$ |      \__|
$ /   $$ |$$$$\  $$$$ |$$ |  $$ | $$$$$$$\  $$$$$$\  $$$$$$\$$$$\  $$$$$$$\  $$\ 
$$$$$$$$ |$$\$$\$$ $$ |$$$$$$$  |$$  _____|$$  __$$\ $$  _$$  _$$\ $$  __$$\ $$ |
$$  __$$ |$$ \$$$  $$ |$$  ____/ $$ /      $$ /  $$ |$$ / $$ / $$ |$$ |  $$ |$$ |
$$ |  $$ |$$ |\$  /$$ |$$ |      $$ |      $$ |  $$ |$$ | $$ | $$ |$$ |  $$ |$$ |
$$ |  $$ |$$ | \_/ $$ |$$ |      \$$$$$$$\ \$$$$$$  |$$ | $$ | $$ |$$$$$$$  |$$ |
\__|  \__|\__|     \__|\__|       \_______| \______/ \__| \__| \__|\_______/ \__|

<--AMP_database> = /work3/josne/github/bacass/assets/databases/amp_DRAMP_database is found and will be used
MMseqs2 directory already exists in /work3/josne/github/bacass/assets/databases/amp_DRAMP_database.

 ########################################################## 
Processing AMP-files from sample: S1190
found macrel file
found ampir file
found amplify file
No InterproScan files were provided. Workflow continuing ....
The fasta containing AMP sequences for S1190 was saved to S1190/ 

The mmseqs alignment for S1190 in progress ....
No AMP hits for S1190 were successfully aligned to the reference database. Consider changing the database.
The mmseqs alignment for S1190 was saved to S1190/.
Estimating functional and structural properties for S1190 ....
Parsing the corresponding gene bank file for S1190 ....
writing S1190_contig_1.gbk
writing S1190_contig_3.gbk
writing S1190_contig_3.gbk
writing S1190_contig_4.gbk
writing S1190_contig_4.gbk
writing S1190_contig_6.gbk
writing S1190_contig_6.gbk
writing S1190_contig_7.gbk
writing S1190_contig_7.gbk
writing S1190_contig_8.gbk
writing S1190_contig_9.gbk
writing S1190_contig_9.gbk
writing S1190_contig_13.gbk
writing S1190_contig_13.gbk
writing S1190_contig_17.gbk
writing S1190_contig_17.gbk
writing S1190_contig_18.gbk
writing S1190_contig_28.gbk
writing S1190_contig_29.gbk
writing S1190_contig_31.gbk
writing S1190_contig_34.gbk
writing S1190_contig_36.gbk
writing S1190_contig_39.gbk
writing S1190_contig_40.gbk
writing S1190_contig_45.gbk
writing S1190_contig_51.gbk
writing S1190_contig_53.gbk
writing S1190_contig_53.gbk
writing S1190_contig_53.gbk
writing S1190_contig_62.gbk
writing S1190_contig_71.gbk
writing S1190_contig_86.gbk
writing S1190_contig_88.gbk
writing S1190_contig_90.gbk
writing S1190_contig_95.gbk
writing S1190_contig_113.gbk
writing S1190_contig_171.gbk
The summary file for S1190 was saved to S1190/S1190.tsv.
Success: 'ampcombi parse_tables' completed successfully ! Now run ampcombi complete !

=== Sample 71/301: S1193 ===

 $$$$$$\  $$\      $$\ $$$$$$$\                                    $$\       $$\|
$$  __$$\ $$$\    $$$ |$$  __$$\                                   $$ |      \__|
$ /   $$ |$$$$\  $$$$ |$$ |  $$ | $$$$$$$\  $$$$$$\  $$$$$$\$$$$\  $$$$$$$\  $$\ 
$$$$$$$$ |$$\$$\$$ $$ |$$$$$$$  |$$  _____|$$  __$$\ $$  _$$  _$$\ $$  __$$\ $$ |
$$  __$$ |$$ \$$$  $$ |$$  ____/ $$ /      $$ /  $$ |$$ / $$ / $$ |$$ |  $$ |$$ |
$$ |  $$ |$$ |\$  /$$ |$$ |      $$ |      $$ |  $$ |$$ | $$ | $$ |$$ |  $$ |$$ |
$$ |  $$ |$$ | \_/ $$ |$$ |      \$$$$$$$\ \$$$$$$  |$$ | $$ | $$ |$$$$$$$  |$$ |
\__|  \__|\__|     \__|\__|       \_______| \______/ \__| \__| \__|\_______/ \__|

<--AMP_database> = /work3/josne/github/bacass/assets/databases/amp_DRAMP_database is found and will be used
MMseqs2 directory already exists in /work3/josne/github/bacass/assets/databases/amp_DRAMP_database.

 ########################################################## 
Processing AMP-files from sample: S1193
found macrel file
found ampir file
found amplify file
No InterproScan files were provided. Workflow continuing ....
The fasta containing AMP sequences for S1193 was saved to S1193/ 

The mmseqs alignment for S1193 in progress ....
No AMP hits for S1193 were successfully aligned to the reference database. Consider changing the database.
The mmseqs alignment for S1193 was saved to S1193/.
Estimating functional and structural properties for S1193 ....
Parsing the corresponding gene bank file for S1193 ....
writing S1193_contig_1.gbk
writing S1193_contig_2.gbk
writing S1193_contig_3.gbk
writing S1193_contig_8.gbk
writing S1193_contig_9.gbk
writing S1193_contig_11.gbk
writing S1193_contig_12.gbk
writing S1193_contig_13.gbk
writing S1193_contig_19.gbk
writing S1193_contig_22.gbk
writing S1193_contig_22.gbk
writing S1193_contig_22.gbk
writing S1193_contig_22.gbk
writing S1193_contig_22.gbk
writing S1193_contig_36.gbk
writing S1193_contig_42.gbk
writing S1193_contig_42.gbk
writing S1193_contig_43.gbk
writing S1193_contig_47.gbk
writing S1193_contig_61.gbk
writing S1193_contig_62.gbk
writing S1193_contig_67.gbk
writing S1193_contig_67.gbk
writing S1193_contig_125.gbk
writing S1193_contig_146.gbk
writing S1193_contig_230.gbk
The summary file for S1193 was saved to S1193/S1193.tsv.
Success: 'ampcombi parse_tables' completed successfully ! Now run ampcombi complete !

=== Sample 72/301: S1209 ===

 $$$$$$\  $$\      $$\ $$$$$$$\                                    $$\       $$\|
$$  __$$\ $$$\    $$$ |$$  __$$\                                   $$ |      \__|
$ /   $$ |$$$$\  $$$$ |$$ |  $$ | $$$$$$$\  $$$$$$\  $$$$$$\$$$$\  $$$$$$$\  $$\ 
$$$$$$$$ |$$\$$\$$ $$ |$$$$$$$  |$$  _____|$$  __$$\ $$  _$$  _$$\ $$  __$$\ $$ |
$$  __$$ |$$ \$$$  $$ |$$  ____/ $$ /      $$ /  $$ |$$ / $$ / $$ |$$ |  $$ |$$ |
$$ |  $$ |$$ |\$  /$$ |$$ |      $$ |      $$ |  $$ |$$ | $$ | $$ |$$ |  $$ |$$ |
$$ |  $$ |$$ | \_/ $$ |$$ |      \$$$$$$$\ \$$$$$$  |$$ | $$ | $$ |$$$$$$$  |$$ |
\__|  \__|\__|     \__|\__|       \_______| \______/ \__| \__| \__|\_______/ \__|

<--AMP_database> = /work3/josne/github/bacass/assets/databases/amp_DRAMP_database is found and will be used
MMseqs2 directory already exists in /work3/josne/github/bacass/assets/databases/amp_DRAMP_database.

 ########################################################## 
Processing AMP-files from sample: S1209
found macrel file
found ampir file
found amplify file
No InterproScan files were provided. Workflow continuing ....
The fasta containing AMP sequences for S1209 was saved to S1209/ 

The mmseqs alignment for S1209 in progress ....
No AMP hits for S1209 were successfully aligned to the reference database. Consider changing the database.
The mmseqs alignment for S1209 was saved to S1209/.
Estimating functional and structural properties for S1209 ....
Parsing the corresponding gene bank file for S1209 ....
writing S1209_contig_1.gbk
writing S1209_contig_1.gbk
writing S1209_contig_1.gbk
writing S1209_contig_2.gbk
writing S1209_contig_2.gbk
writing S1209_contig_2.gbk
writing S1209_contig_3.gbk
writing S1209_contig_3.gbk
writing S1209_contig_3.gbk
writing S1209_contig_3.gbk
writing S1209_contig_4.gbk
writing S1209_contig_5.gbk
writing S1209_contig_5.gbk
writing S1209_contig_5.gbk
writing S1209_contig_6.gbk
writing S1209_contig_7.gbk
writing S1209_contig_7.gbk
writing S1209_contig_8.gbk
writing S1209_contig_8.gbk
writing S1209_contig_8.gbk
writing S1209_contig_8.gbk
writing S1209_contig_10.gbk
writing S1209_contig_11.gbk
writing S1209_contig_12.gbk
writing S1209_contig_12.gbk
writing S1209_contig_12.gbk
writing S1209_contig_13.gbk
writing S1209_contig_13.gbk
writing S1209_contig_14.gbk
writing S1209_contig_14.gbk
writing S1209_contig_15.gbk
writing S1209_contig_15.gbk
writing S1209_contig_16.gbk
writing S1209_contig_16.gbk
writing S1209_contig_21.gbk
writing S1209_contig_21.gbk
writing S1209_contig_25.gbk
writing S1209_contig_25.gbk
The summary file for S1209 was saved to S1209/S1209.tsv.
Success: 'ampcombi parse_tables' completed successfully ! Now run ampcombi complete !

=== Sample 73/301: S1341 ===

 $$$$$$\  $$\      $$\ $$$$$$$\                                    $$\       $$\|
$$  __$$\ $$$\    $$$ |$$  __$$\                                   $$ |      \__|
$ /   $$ |$$$$\  $$$$ |$$ |  $$ | $$$$$$$\  $$$$$$\  $$$$$$\$$$$\  $$$$$$$\  $$\ 
$$$$$$$$ |$$\$$\$$ $$ |$$$$$$$  |$$  _____|$$  __$$\ $$  _$$  _$$\ $$  __$$\ $$ |
$$  __$$ |$$ \$$$  $$ |$$  ____/ $$ /      $$ /  $$ |$$ / $$ / $$ |$$ |  $$ |$$ |
$$ |  $$ |$$ |\$  /$$ |$$ |      $$ |      $$ |  $$ |$$ | $$ | $$ |$$ |  $$ |$$ |
$$ |  $$ |$$ | \_/ $$ |$$ |      \$$$$$$$\ \$$$$$$  |$$ | $$ | $$ |$$$$$$$  |$$ |
\__|  \__|\__|     \__|\__|       \_______| \______/ \__| \__| \__|\_______/ \__|

<--AMP_database> = /work3/josne/github/bacass/assets/databases/amp_DRAMP_database is found and will be used
MMseqs2 directory already exists in /work3/josne/github/bacass/assets/databases/amp_DRAMP_database.

 ########################################################## 
Processing AMP-files from sample: S1341
found macrel file
found ampir file
found amplify file
No InterproScan files were provided. Workflow continuing ....
The fasta containing AMP sequences for S1341 was saved to S1341/ 

The mmseqs alignment for S1341 in progress ....
No AMP hits for S1341 were successfully aligned to the reference database. Consider changing the database.
The mmseqs alignment for S1341 was saved to S1341/.
Estimating functional and structural properties for S1341 ....
Parsing the corresponding gene bank file for S1341 ....
writing S1341_contig_1.gbk
writing S1341_contig_1.gbk
writing S1341_contig_1.gbk
writing S1341_contig_3.gbk
writing S1341_contig_3.gbk
writing S1341_contig_3.gbk
writing S1341_contig_3.gbk
writing S1341_contig_5.gbk
writing S1341_contig_7.gbk
writing S1341_contig_7.gbk
writing S1341_contig_7.gbk
writing S1341_contig_8.gbk
writing S1341_contig_10.gbk
writing S1341_contig_11.gbk
writing S1341_contig_13.gbk
writing S1341_contig_13.gbk
writing S1341_contig_14.gbk
writing S1341_contig_14.gbk
writing S1341_contig_14.gbk
writing S1341_contig_14.gbk
writing S1341_contig_14.gbk
writing S1341_contig_14.gbk
writing S1341_contig_16.gbk
writing S1341_contig_18.gbk
writing S1341_contig_29.gbk
writing S1341_contig_30.gbk
writing S1341_contig_45.gbk
writing S1341_contig_48.gbk
writing S1341_contig_50.gbk
The summary file for S1341 was saved to S1341/S1341.tsv.
Success: 'ampcombi parse_tables' completed successfully ! Now run ampcombi complete !

=== Sample 74/301: S1342 ===

 $$$$$$\  $$\      $$\ $$$$$$$\                                    $$\       $$\|
$$  __$$\ $$$\    $$$ |$$  __$$\                                   $$ |      \__|
$ /   $$ |$$$$\  $$$$ |$$ |  $$ | $$$$$$$\  $$$$$$\  $$$$$$\$$$$\  $$$$$$$\  $$\ 
$$$$$$$$ |$$\$$\$$ $$ |$$$$$$$  |$$  _____|$$  __$$\ $$  _$$  _$$\ $$  __$$\ $$ |
$$  __$$ |$$ \$$$  $$ |$$  ____/ $$ /      $$ /  $$ |$$ / $$ / $$ |$$ |  $$ |$$ |
$$ |  $$ |$$ |\$  /$$ |$$ |      $$ |      $$ |  $$ |$$ | $$ | $$ |$$ |  $$ |$$ |
$$ |  $$ |$$ | \_/ $$ |$$ |      \$$$$$$$\ \$$$$$$  |$$ | $$ | $$ |$$$$$$$  |$$ |
\__|  \__|\__|     \__|\__|       \_______| \______/ \__| \__| \__|\_______/ \__|

<--AMP_database> = /work3/josne/github/bacass/assets/databases/amp_DRAMP_database is found and will be used
MMseqs2 directory already exists in /work3/josne/github/bacass/assets/databases/amp_DRAMP_database.

 ########################################################## 
Processing AMP-files from sample: S1342
found macrel file
found ampir file
found amplify file
No InterproScan files were provided. Workflow continuing ....
The fasta containing AMP sequences for S1342 was saved to S1342/ 

The mmseqs alignment for S1342 in progress ....
No AMP hits for S1342 were successfully aligned to the reference database. Consider changing the database.
The mmseqs alignment for S1342 was saved to S1342/.
Estimating functional and structural properties for S1342 ....
Parsing the corresponding gene bank file for S1342 ....
writing S1342_contig_1.gbk
writing S1342_contig_1.gbk
writing S1342_contig_1.gbk
writing S1342_contig_1.gbk
writing S1342_contig_2.gbk
writing S1342_contig_2.gbk
writing S1342_contig_2.gbk
writing S1342_contig_2.gbk
writing S1342_contig_2.gbk
writing S1342_contig_3.gbk
writing S1342_contig_6.gbk
writing S1342_contig_6.gbk
writing S1342_contig_6.gbk
writing S1342_contig_6.gbk
writing S1342_contig_7.gbk
writing S1342_contig_7.gbk
writing S1342_contig_9.gbk
writing S1342_contig_10.gbk
writing S1342_contig_12.gbk
writing S1342_contig_14.gbk
writing S1342_contig_14.gbk
writing S1342_contig_15.gbk
writing S1342_contig_18.gbk
writing S1342_contig_20.gbk
writing S1342_contig_24.gbk
writing S1342_contig_27.gbk
writing S1342_contig_29.gbk
The summary file for S1342 was saved to S1342/S1342.tsv.
Success: 'ampcombi parse_tables' completed successfully ! Now run ampcombi complete !

=== Sample 75/301: S1344 ===

 $$$$$$\  $$\      $$\ $$$$$$$\                                    $$\       $$\|
$$  __$$\ $$$\    $$$ |$$  __$$\                                   $$ |      \__|
$ /   $$ |$$$$\  $$$$ |$$ |  $$ | $$$$$$$\  $$$$$$\  $$$$$$\$$$$\  $$$$$$$\  $$\ 
$$$$$$$$ |$$\$$\$$ $$ |$$$$$$$  |$$  _____|$$  __$$\ $$  _$$  _$$\ $$  __$$\ $$ |
$$  __$$ |$$ \$$$  $$ |$$  ____/ $$ /      $$ /  $$ |$$ / $$ / $$ |$$ |  $$ |$$ |
$$ |  $$ |$$ |\$  /$$ |$$ |      $$ |      $$ |  $$ |$$ | $$ | $$ |$$ |  $$ |$$ |
$$ |  $$ |$$ | \_/ $$ |$$ |      \$$$$$$$\ \$$$$$$  |$$ | $$ | $$ |$$$$$$$  |$$ |
\__|  \__|\__|     \__|\__|       \_______| \______/ \__| \__| \__|\_______/ \__|

<--AMP_database> = /work3/josne/github/bacass/assets/databases/amp_DRAMP_database is found and will be used
MMseqs2 directory already exists in /work3/josne/github/bacass/assets/databases/amp_DRAMP_database.

 ########################################################## 
Processing AMP-files from sample: S1344
found macrel file
found ampir file
found amplify file
No InterproScan files were provided. Workflow continuing ....
The fasta containing AMP sequences for S1344 was saved to S1344/ 

The mmseqs alignment for S1344 in progress ....
No AMP hits for S1344 were successfully aligned to the reference database. Consider changing the database.
The mmseqs alignment for S1344 was saved to S1344/.
Estimating functional and structural properties for S1344 ....
Parsing the corresponding gene bank file for S1344 ....
writing S1344_contig_2.gbk
writing S1344_contig_5.gbk
writing S1344_contig_7.gbk
writing S1344_contig_7.gbk
writing S1344_contig_8.gbk
writing S1344_contig_9.gbk
writing S1344_contig_10.gbk
writing S1344_contig_14.gbk
writing S1344_contig_14.gbk
writing S1344_contig_20.gbk
writing S1344_contig_22.gbk
writing S1344_contig_22.gbk
writing S1344_contig_23.gbk
writing S1344_contig_26.gbk
writing S1344_contig_27.gbk
writing S1344_contig_27.gbk
writing S1344_contig_32.gbk
writing S1344_contig_42.gbk
writing S1344_contig_44.gbk
writing S1344_contig_45.gbk
writing S1344_contig_48.gbk
writing S1344_contig_49.gbk
writing S1344_contig_54.gbk
writing S1344_contig_63.gbk
writing S1344_contig_71.gbk
writing S1344_contig_84.gbk
writing S1344_contig_103.gbk
writing S1344_contig_110.gbk
writing S1344_contig_138.gbk
writing S1344_contig_164.gbk
The summary file for S1344 was saved to S1344/S1344.tsv.
Success: 'ampcombi parse_tables' completed successfully ! Now run ampcombi complete !

=== Sample 76/301: S1346 ===

 $$$$$$\  $$\      $$\ $$$$$$$\                                    $$\       $$\|
$$  __$$\ $$$\    $$$ |$$  __$$\                                   $$ |      \__|
$ /   $$ |$$$$\  $$$$ |$$ |  $$ | $$$$$$$\  $$$$$$\  $$$$$$\$$$$\  $$$$$$$\  $$\ 
$$$$$$$$ |$$\$$\$$ $$ |$$$$$$$  |$$  _____|$$  __$$\ $$  _$$  _$$\ $$  __$$\ $$ |
$$  __$$ |$$ \$$$  $$ |$$  ____/ $$ /      $$ /  $$ |$$ / $$ / $$ |$$ |  $$ |$$ |
$$ |  $$ |$$ |\$  /$$ |$$ |      $$ |      $$ |  $$ |$$ | $$ | $$ |$$ |  $$ |$$ |
$$ |  $$ |$$ | \_/ $$ |$$ |      \$$$$$$$\ \$$$$$$  |$$ | $$ | $$ |$$$$$$$  |$$ |
\__|  \__|\__|     \__|\__|       \_______| \______/ \__| \__| \__|\_______/ \__|

<--AMP_database> = /work3/josne/github/bacass/assets/databases/amp_DRAMP_database is found and will be used
MMseqs2 directory already exists in /work3/josne/github/bacass/assets/databases/amp_DRAMP_database.

 ########################################################## 
Processing AMP-files from sample: S1346
found macrel file
found ampir file
found amplify file
No InterproScan files were provided. Workflow continuing ....
The fasta containing AMP sequences for S1346 was saved to S1346/ 

The mmseqs alignment for S1346 in progress ....
No AMP hits for S1346 were successfully aligned to the reference database. Consider changing the database.
The mmseqs alignment for S1346 was saved to S1346/.
Estimating functional and structural properties for S1346 ....
Parsing the corresponding gene bank file for S1346 ....
writing S1346_contig_1.gbk
writing S1346_contig_1.gbk
writing S1346_contig_4.gbk
writing S1346_contig_6.gbk
writing S1346_contig_12.gbk
writing S1346_contig_17.gbk
writing S1346_contig_17.gbk
writing S1346_contig_22.gbk
writing S1346_contig_22.gbk
writing S1346_contig_26.gbk
writing S1346_contig_26.gbk
writing S1346_contig_30.gbk
writing S1346_contig_31.gbk
writing S1346_contig_35.gbk
writing S1346_contig_41.gbk
writing S1346_contig_43.gbk
writing S1346_contig_46.gbk
writing S1346_contig_57.gbk
writing S1346_contig_79.gbk
writing S1346_contig_85.gbk
writing S1346_contig_93.gbk
writing S1346_contig_97.gbk
writing S1346_contig_98.gbk
writing S1346_contig_123.gbk
writing S1346_contig_124.gbk
writing S1346_contig_136.gbk
writing S1346_contig_151.gbk
writing S1346_contig_153.gbk
writing S1346_contig_156.gbk
writing S1346_contig_161.gbk
writing S1346_contig_161.gbk
writing S1346_contig_188.gbk
writing S1346_contig_231.gbk
writing S1346_contig_293.gbk
The summary file for S1346 was saved to S1346/S1346.tsv.
Success: 'ampcombi parse_tables' completed successfully ! Now run ampcombi complete !

=== Sample 77/301: S1347 ===

 $$$$$$\  $$\      $$\ $$$$$$$\                                    $$\       $$\|
$$  __$$\ $$$\    $$$ |$$  __$$\                                   $$ |      \__|
$ /   $$ |$$$$\  $$$$ |$$ |  $$ | $$$$$$$\  $$$$$$\  $$$$$$\$$$$\  $$$$$$$\  $$\ 
$$$$$$$$ |$$\$$\$$ $$ |$$$$$$$  |$$  _____|$$  __$$\ $$  _$$  _$$\ $$  __$$\ $$ |
$$  __$$ |$$ \$$$  $$ |$$  ____/ $$ /      $$ /  $$ |$$ / $$ / $$ |$$ |  $$ |$$ |
$$ |  $$ |$$ |\$  /$$ |$$ |      $$ |      $$ |  $$ |$$ | $$ | $$ |$$ |  $$ |$$ |
$$ |  $$ |$$ | \_/ $$ |$$ |      \$$$$$$$\ \$$$$$$  |$$ | $$ | $$ |$$$$$$$  |$$ |
\__|  \__|\__|     \__|\__|       \_______| \______/ \__| \__| \__|\_______/ \__|

<--AMP_database> = /work3/josne/github/bacass/assets/databases/amp_DRAMP_database is found and will be used
MMseqs2 directory already exists in /work3/josne/github/bacass/assets/databases/amp_DRAMP_database.

 ########################################################## 
Processing AMP-files from sample: S1347
found macrel file
found ampir file
found amplify file
No InterproScan files were provided. Workflow continuing ....
The fasta containing AMP sequences for S1347 was saved to S1347/ 

The mmseqs alignment for S1347 in progress ....
No AMP hits for S1347 were successfully aligned to the reference database. Consider changing the database.
The mmseqs alignment for S1347 was saved to S1347/.
Estimating functional and structural properties for S1347 ....
Parsing the corresponding gene bank file for S1347 ....
writing S1347_contig_1.gbk
writing S1347_contig_1.gbk
writing S1347_contig_4.gbk
writing S1347_contig_6.gbk
writing S1347_contig_13.gbk
writing S1347_contig_22.gbk
writing S1347_contig_22.gbk
writing S1347_contig_26.gbk
writing S1347_contig_26.gbk
writing S1347_contig_30.gbk
writing S1347_contig_31.gbk
writing S1347_contig_35.gbk
writing S1347_contig_41.gbk
writing S1347_contig_43.gbk
writing S1347_contig_46.gbk
writing S1347_contig_79.gbk
writing S1347_contig_84.gbk
writing S1347_contig_85.gbk
writing S1347_contig_96.gbk
writing S1347_contig_97.gbk
writing S1347_contig_121.gbk
writing S1347_contig_122.gbk
writing S1347_contig_133.gbk
writing S1347_contig_148.gbk
writing S1347_contig_150.gbk
writing S1347_contig_154.gbk
writing S1347_contig_160.gbk
writing S1347_contig_160.gbk
writing S1347_contig_186.gbk
writing S1347_contig_230.gbk
writing S1347_contig_293.gbk
The summary file for S1347 was saved to S1347/S1347.tsv.
Success: 'ampcombi parse_tables' completed successfully ! Now run ampcombi complete !

=== Sample 78/301: S1348 ===

 $$$$$$\  $$\      $$\ $$$$$$$\                                    $$\       $$\|
$$  __$$\ $$$\    $$$ |$$  __$$\                                   $$ |      \__|
$ /   $$ |$$$$\  $$$$ |$$ |  $$ | $$$$$$$\  $$$$$$\  $$$$$$\$$$$\  $$$$$$$\  $$\ 
$$$$$$$$ |$$\$$\$$ $$ |$$$$$$$  |$$  _____|$$  __$$\ $$  _$$  _$$\ $$  __$$\ $$ |
$$  __$$ |$$ \$$$  $$ |$$  ____/ $$ /      $$ /  $$ |$$ / $$ / $$ |$$ |  $$ |$$ |
$$ |  $$ |$$ |\$  /$$ |$$ |      $$ |      $$ |  $$ |$$ | $$ | $$ |$$ |  $$ |$$ |
$$ |  $$ |$$ | \_/ $$ |$$ |      \$$$$$$$\ \$$$$$$  |$$ | $$ | $$ |$$$$$$$  |$$ |
\__|  \__|\__|     \__|\__|       \_______| \______/ \__| \__| \__|\_______/ \__|

<--AMP_database> = /work3/josne/github/bacass/assets/databases/amp_DRAMP_database is found and will be used
MMseqs2 directory already exists in /work3/josne/github/bacass/assets/databases/amp_DRAMP_database.

 ########################################################## 
Processing AMP-files from sample: S1348
found macrel file
found ampir file
found amplify file
No InterproScan files were provided. Workflow continuing ....
The fasta containing AMP sequences for S1348 was saved to S1348/ 

The mmseqs alignment for S1348 in progress ....
No AMP hits for S1348 were successfully aligned to the reference database. Consider changing the database.
The mmseqs alignment for S1348 was saved to S1348/.
Estimating functional and structural properties for S1348 ....
Parsing the corresponding gene bank file for S1348 ....
writing S1348_contig_1.gbk
writing S1348_contig_1.gbk
writing S1348_contig_1.gbk
writing S1348_contig_1.gbk
writing S1348_contig_1.gbk
writing S1348_contig_1.gbk
writing S1348_contig_2.gbk
writing S1348_contig_2.gbk
writing S1348_contig_4.gbk
writing S1348_contig_5.gbk
writing S1348_contig_6.gbk
writing S1348_contig_6.gbk
writing S1348_contig_6.gbk
writing S1348_contig_10.gbk
writing S1348_contig_10.gbk
writing S1348_contig_11.gbk
writing S1348_contig_14.gbk
writing S1348_contig_17.gbk
writing S1348_contig_17.gbk
writing S1348_contig_17.gbk
writing S1348_contig_20.gbk
writing S1348_contig_21.gbk
writing S1348_contig_23.gbk
writing S1348_contig_24.gbk
writing S1348_contig_27.gbk
writing S1348_contig_42.gbk
writing S1348_contig_43.gbk
The summary file for S1348 was saved to S1348/S1348.tsv.
Success: 'ampcombi parse_tables' completed successfully ! Now run ampcombi complete !

=== Sample 79/301: S1349 ===

 $$$$$$\  $$\      $$\ $$$$$$$\                                    $$\       $$\|
$$  __$$\ $$$\    $$$ |$$  __$$\                                   $$ |      \__|
$ /   $$ |$$$$\  $$$$ |$$ |  $$ | $$$$$$$\  $$$$$$\  $$$$$$\$$$$\  $$$$$$$\  $$\ 
$$$$$$$$ |$$\$$\$$ $$ |$$$$$$$  |$$  _____|$$  __$$\ $$  _$$  _$$\ $$  __$$\ $$ |
$$  __$$ |$$ \$$$  $$ |$$  ____/ $$ /      $$ /  $$ |$$ / $$ / $$ |$$ |  $$ |$$ |
$$ |  $$ |$$ |\$  /$$ |$$ |      $$ |      $$ |  $$ |$$ | $$ | $$ |$$ |  $$ |$$ |
$$ |  $$ |$$ | \_/ $$ |$$ |      \$$$$$$$\ \$$$$$$  |$$ | $$ | $$ |$$$$$$$  |$$ |
\__|  \__|\__|     \__|\__|       \_______| \______/ \__| \__| \__|\_______/ \__|

<--AMP_database> = /work3/josne/github/bacass/assets/databases/amp_DRAMP_database is found and will be used
MMseqs2 directory already exists in /work3/josne/github/bacass/assets/databases/amp_DRAMP_database.

 ########################################################## 
Processing AMP-files from sample: S1349
found macrel file
found ampir file
found amplify file
No InterproScan files were provided. Workflow continuing ....
The fasta containing AMP sequences for S1349 was saved to S1349/ 

The mmseqs alignment for S1349 in progress ....
No AMP hits for S1349 were successfully aligned to the reference database. Consider changing the database.
The mmseqs alignment for S1349 was saved to S1349/.
Estimating functional and structural properties for S1349 ....
Parsing the corresponding gene bank file for S1349 ....
writing S1349_contig_1.gbk
writing S1349_contig_1.gbk
writing S1349_contig_3.gbk
writing S1349_contig_3.gbk
writing S1349_contig_3.gbk
writing S1349_contig_4.gbk
writing S1349_contig_4.gbk
writing S1349_contig_4.gbk
writing S1349_contig_6.gbk
writing S1349_contig_7.gbk
writing S1349_contig_7.gbk
writing S1349_contig_7.gbk
writing S1349_contig_11.gbk
writing S1349_contig_11.gbk
writing S1349_contig_12.gbk
writing S1349_contig_15.gbk
writing S1349_contig_18.gbk
writing S1349_contig_18.gbk
writing S1349_contig_18.gbk
writing S1349_contig_21.gbk
writing S1349_contig_22.gbk
writing S1349_contig_24.gbk
writing S1349_contig_25.gbk
writing S1349_contig_28.gbk
writing S1349_contig_33.gbk
writing S1349_contig_46.gbk
writing S1349_contig_47.gbk
The summary file for S1349 was saved to S1349/S1349.tsv.
Success: 'ampcombi parse_tables' completed successfully ! Now run ampcombi complete !

=== Sample 80/301: S1350 ===

 $$$$$$\  $$\      $$\ $$$$$$$\                                    $$\       $$\|
$$  __$$\ $$$\    $$$ |$$  __$$\                                   $$ |      \__|
$ /   $$ |$$$$\  $$$$ |$$ |  $$ | $$$$$$$\  $$$$$$\  $$$$$$\$$$$\  $$$$$$$\  $$\ 
$$$$$$$$ |$$\$$\$$ $$ |$$$$$$$  |$$  _____|$$  __$$\ $$  _$$  _$$\ $$  __$$\ $$ |
$$  __$$ |$$ \$$$  $$ |$$  ____/ $$ /      $$ /  $$ |$$ / $$ / $$ |$$ |  $$ |$$ |
$$ |  $$ |$$ |\$  /$$ |$$ |      $$ |      $$ |  $$ |$$ | $$ | $$ |$$ |  $$ |$$ |
$$ |  $$ |$$ | \_/ $$ |$$ |      \$$$$$$$\ \$$$$$$  |$$ | $$ | $$ |$$$$$$$  |$$ |
\__|  \__|\__|     \__|\__|       \_______| \______/ \__| \__| \__|\_______/ \__|

<--AMP_database> = /work3/josne/github/bacass/assets/databases/amp_DRAMP_database is found and will be used
MMseqs2 directory already exists in /work3/josne/github/bacass/assets/databases/amp_DRAMP_database.

 ########################################################## 
Processing AMP-files from sample: S1350
found macrel file
found ampir file
found amplify file
No InterproScan files were provided. Workflow continuing ....
The fasta containing AMP sequences for S1350 was saved to S1350/ 

The mmseqs alignment for S1350 in progress ....
No AMP hits for S1350 were successfully aligned to the reference database. Consider changing the database.
The mmseqs alignment for S1350 was saved to S1350/.
Estimating functional and structural properties for S1350 ....
Parsing the corresponding gene bank file for S1350 ....
writing S1350_contig_1.gbk
writing S1350_contig_1.gbk
writing S1350_contig_1.gbk
writing S1350_contig_1.gbk
writing S1350_contig_1.gbk
writing S1350_contig_1.gbk
writing S1350_contig_2.gbk
writing S1350_contig_2.gbk
writing S1350_contig_4.gbk
writing S1350_contig_5.gbk
writing S1350_contig_6.gbk
writing S1350_contig_6.gbk
writing S1350_contig_6.gbk
writing S1350_contig_10.gbk
writing S1350_contig_10.gbk
writing S1350_contig_11.gbk
writing S1350_contig_14.gbk
writing S1350_contig_17.gbk
writing S1350_contig_17.gbk
writing S1350_contig_17.gbk
writing S1350_contig_20.gbk
writing S1350_contig_21.gbk
writing S1350_contig_23.gbk
writing S1350_contig_24.gbk
writing S1350_contig_27.gbk
writing S1350_contig_43.gbk
writing S1350_contig_44.gbk
The summary file for S1350 was saved to S1350/S1350.tsv.
Success: 'ampcombi parse_tables' completed successfully ! Now run ampcombi complete !

=== Sample 81/301: S1362 ===

 $$$$$$\  $$\      $$\ $$$$$$$\                                    $$\       $$\|
$$  __$$\ $$$\    $$$ |$$  __$$\                                   $$ |      \__|
$ /   $$ |$$$$\  $$$$ |$$ |  $$ | $$$$$$$\  $$$$$$\  $$$$$$\$$$$\  $$$$$$$\  $$\ 
$$$$$$$$ |$$\$$\$$ $$ |$$$$$$$  |$$  _____|$$  __$$\ $$  _$$  _$$\ $$  __$$\ $$ |
$$  __$$ |$$ \$$$  $$ |$$  ____/ $$ /      $$ /  $$ |$$ / $$ / $$ |$$ |  $$ |$$ |
$$ |  $$ |$$ |\$  /$$ |$$ |      $$ |      $$ |  $$ |$$ | $$ | $$ |$$ |  $$ |$$ |
$$ |  $$ |$$ | \_/ $$ |$$ |      \$$$$$$$\ \$$$$$$  |$$ | $$ | $$ |$$$$$$$  |$$ |
\__|  \__|\__|     \__|\__|       \_______| \______/ \__| \__| \__|\_______/ \__|

<--AMP_database> = /work3/josne/github/bacass/assets/databases/amp_DRAMP_database is found and will be used
MMseqs2 directory already exists in /work3/josne/github/bacass/assets/databases/amp_DRAMP_database.

 ########################################################## 
Processing AMP-files from sample: S1362
found macrel file
found ampir file
found amplify file
No InterproScan files were provided. Workflow continuing ....
The fasta containing AMP sequences for S1362 was saved to S1362/ 

The mmseqs alignment for S1362 in progress ....
No AMP hits for S1362 were successfully aligned to the reference database. Consider changing the database.
The mmseqs alignment for S1362 was saved to S1362/.
Estimating functional and structural properties for S1362 ....
Parsing the corresponding gene bank file for S1362 ....
writing S1362_contig_1.gbk
writing S1362_contig_1.gbk
writing S1362_contig_1.gbk
writing S1362_contig_1.gbk
writing S1362_contig_1.gbk
writing S1362_contig_1.gbk
writing S1362_contig_1.gbk
writing S1362_contig_2.gbk
writing S1362_contig_2.gbk
writing S1362_contig_2.gbk
writing S1362_contig_2.gbk
writing S1362_contig_2.gbk
writing S1362_contig_3.gbk
writing S1362_contig_4.gbk
writing S1362_contig_4.gbk
writing S1362_contig_7.gbk
writing S1362_contig_7.gbk
writing S1362_contig_7.gbk
writing S1362_contig_7.gbk
writing S1362_contig_10.gbk
writing S1362_contig_13.gbk
writing S1362_contig_14.gbk
writing S1362_contig_15.gbk
writing S1362_contig_15.gbk
writing S1362_contig_27.gbk
The summary file for S1362 was saved to S1362/S1362.tsv.
Success: 'ampcombi parse_tables' completed successfully ! Now run ampcombi complete !

=== Sample 82/301: S1364 ===

 $$$$$$\  $$\      $$\ $$$$$$$\                                    $$\       $$\|
$$  __$$\ $$$\    $$$ |$$  __$$\                                   $$ |      \__|
$ /   $$ |$$$$\  $$$$ |$$ |  $$ | $$$$$$$\  $$$$$$\  $$$$$$\$$$$\  $$$$$$$\  $$\ 
$$$$$$$$ |$$\$$\$$ $$ |$$$$$$$  |$$  _____|$$  __$$\ $$  _$$  _$$\ $$  __$$\ $$ |
$$  __$$ |$$ \$$$  $$ |$$  ____/ $$ /      $$ /  $$ |$$ / $$ / $$ |$$ |  $$ |$$ |
$$ |  $$ |$$ |\$  /$$ |$$ |      $$ |      $$ |  $$ |$$ | $$ | $$ |$$ |  $$ |$$ |
$$ |  $$ |$$ | \_/ $$ |$$ |      \$$$$$$$\ \$$$$$$  |$$ | $$ | $$ |$$$$$$$  |$$ |
\__|  \__|\__|     \__|\__|       \_______| \______/ \__| \__| \__|\_______/ \__|

<--AMP_database> = /work3/josne/github/bacass/assets/databases/amp_DRAMP_database is found and will be used
MMseqs2 directory already exists in /work3/josne/github/bacass/assets/databases/amp_DRAMP_database.

 ########################################################## 
Processing AMP-files from sample: S1364
found macrel file
found ampir file
found amplify file
No InterproScan files were provided. Workflow continuing ....
The fasta containing AMP sequences for S1364 was saved to S1364/ 

The mmseqs alignment for S1364 in progress ....
No AMP hits for S1364 were successfully aligned to the reference database. Consider changing the database.
The mmseqs alignment for S1364 was saved to S1364/.
Estimating functional and structural properties for S1364 ....
Parsing the corresponding gene bank file for S1364 ....
writing S1364_contig_1.gbk
writing S1364_contig_1.gbk
writing S1364_contig_1.gbk
writing S1364_contig_1.gbk
writing S1364_contig_1.gbk
writing S1364_contig_1.gbk
writing S1364_contig_2.gbk
writing S1364_contig_2.gbk
writing S1364_contig_2.gbk
writing S1364_contig_2.gbk
writing S1364_contig_2.gbk
writing S1364_contig_3.gbk
writing S1364_contig_4.gbk
writing S1364_contig_4.gbk
writing S1364_contig_7.gbk
writing S1364_contig_7.gbk
writing S1364_contig_7.gbk
writing S1364_contig_7.gbk
writing S1364_contig_10.gbk
writing S1364_contig_13.gbk
writing S1364_contig_14.gbk
writing S1364_contig_15.gbk
writing S1364_contig_15.gbk
writing S1364_contig_27.gbk
The summary file for S1364 was saved to S1364/S1364.tsv.
Success: 'ampcombi parse_tables' completed successfully ! Now run ampcombi complete !

=== Sample 83/301: S1365 ===

 $$$$$$\  $$\      $$\ $$$$$$$\                                    $$\       $$\|
$$  __$$\ $$$\    $$$ |$$  __$$\                                   $$ |      \__|
$ /   $$ |$$$$\  $$$$ |$$ |  $$ | $$$$$$$\  $$$$$$\  $$$$$$\$$$$\  $$$$$$$\  $$\ 
$$$$$$$$ |$$\$$\$$ $$ |$$$$$$$  |$$  _____|$$  __$$\ $$  _$$  _$$\ $$  __$$\ $$ |
$$  __$$ |$$ \$$$  $$ |$$  ____/ $$ /      $$ /  $$ |$$ / $$ / $$ |$$ |  $$ |$$ |
$$ |  $$ |$$ |\$  /$$ |$$ |      $$ |      $$ |  $$ |$$ | $$ | $$ |$$ |  $$ |$$ |
$$ |  $$ |$$ | \_/ $$ |$$ |      \$$$$$$$\ \$$$$$$  |$$ | $$ | $$ |$$$$$$$  |$$ |
\__|  \__|\__|     \__|\__|       \_______| \______/ \__| \__| \__|\_______/ \__|

<--AMP_database> = /work3/josne/github/bacass/assets/databases/amp_DRAMP_database is found and will be used
MMseqs2 directory already exists in /work3/josne/github/bacass/assets/databases/amp_DRAMP_database.

 ########################################################## 
Processing AMP-files from sample: S1365
found macrel file
found ampir file
found amplify file
No InterproScan files were provided. Workflow continuing ....
The fasta containing AMP sequences for S1365 was saved to S1365/ 

The mmseqs alignment for S1365 in progress ....
No AMP hits for S1365 were successfully aligned to the reference database. Consider changing the database.
The mmseqs alignment for S1365 was saved to S1365/.
Estimating functional and structural properties for S1365 ....
Parsing the corresponding gene bank file for S1365 ....
writing S1365_contig_1.gbk
writing S1365_contig_1.gbk
writing S1365_contig_1.gbk
writing S1365_contig_1.gbk
writing S1365_contig_1.gbk
writing S1365_contig_1.gbk
writing S1365_contig_2.gbk
writing S1365_contig_2.gbk
writing S1365_contig_2.gbk
writing S1365_contig_2.gbk
writing S1365_contig_2.gbk
writing S1365_contig_4.gbk
writing S1365_contig_5.gbk
writing S1365_contig_5.gbk
writing S1365_contig_8.gbk
writing S1365_contig_8.gbk
writing S1365_contig_8.gbk
writing S1365_contig_8.gbk
writing S1365_contig_10.gbk
writing S1365_contig_12.gbk
writing S1365_contig_13.gbk
writing S1365_contig_14.gbk
writing S1365_contig_14.gbk
writing S1365_contig_26.gbk
The summary file for S1365 was saved to S1365/S1365.tsv.
Success: 'ampcombi parse_tables' completed successfully ! Now run ampcombi complete !

=== Sample 84/301: S1368 ===

 $$$$$$\  $$\      $$\ $$$$$$$\                                    $$\       $$\|
$$  __$$\ $$$\    $$$ |$$  __$$\                                   $$ |      \__|
$ /   $$ |$$$$\  $$$$ |$$ |  $$ | $$$$$$$\  $$$$$$\  $$$$$$\$$$$\  $$$$$$$\  $$\ 
$$$$$$$$ |$$\$$\$$ $$ |$$$$$$$  |$$  _____|$$  __$$\ $$  _$$  _$$\ $$  __$$\ $$ |
$$  __$$ |$$ \$$$  $$ |$$  ____/ $$ /      $$ /  $$ |$$ / $$ / $$ |$$ |  $$ |$$ |
$$ |  $$ |$$ |\$  /$$ |$$ |      $$ |      $$ |  $$ |$$ | $$ | $$ |$$ |  $$ |$$ |
$$ |  $$ |$$ | \_/ $$ |$$ |      \$$$$$$$\ \$$$$$$  |$$ | $$ | $$ |$$$$$$$  |$$ |
\__|  \__|\__|     \__|\__|       \_______| \______/ \__| \__| \__|\_______/ \__|

<--AMP_database> = /work3/josne/github/bacass/assets/databases/amp_DRAMP_database is found and will be used
MMseqs2 directory already exists in /work3/josne/github/bacass/assets/databases/amp_DRAMP_database.

 ########################################################## 
Processing AMP-files from sample: S1368
found macrel file
found ampir file
found amplify file
No InterproScan files were provided. Workflow continuing ....
The fasta containing AMP sequences for S1368 was saved to S1368/ 

The mmseqs alignment for S1368 in progress ....
No AMP hits for S1368 were successfully aligned to the reference database. Consider changing the database.
The mmseqs alignment for S1368 was saved to S1368/.
Estimating functional and structural properties for S1368 ....
Parsing the corresponding gene bank file for S1368 ....
writing S1368_contig_1.gbk
writing S1368_contig_1.gbk
writing S1368_contig_1.gbk
writing S1368_contig_1.gbk
writing S1368_contig_2.gbk
writing S1368_contig_2.gbk
writing S1368_contig_3.gbk
writing S1368_contig_3.gbk
writing S1368_contig_4.gbk
writing S1368_contig_5.gbk
writing S1368_contig_6.gbk
writing S1368_contig_6.gbk
writing S1368_contig_6.gbk
writing S1368_contig_6.gbk
writing S1368_contig_6.gbk
writing S1368_contig_6.gbk
writing S1368_contig_6.gbk
writing S1368_contig_7.gbk
writing S1368_contig_7.gbk
writing S1368_contig_7.gbk
writing S1368_contig_8.gbk
writing S1368_contig_8.gbk
writing S1368_contig_8.gbk
writing S1368_contig_8.gbk
writing S1368_contig_9.gbk
writing S1368_contig_10.gbk
writing S1368_contig_11.gbk
writing S1368_contig_11.gbk
writing S1368_contig_11.gbk
writing S1368_contig_11.gbk
writing S1368_contig_12.gbk
writing S1368_contig_14.gbk
writing S1368_contig_15.gbk
writing S1368_contig_72.gbk
The summary file for S1368 was saved to S1368/S1368.tsv.
Success: 'ampcombi parse_tables' completed successfully ! Now run ampcombi complete !

=== Sample 85/301: S1371 ===

 $$$$$$\  $$\      $$\ $$$$$$$\                                    $$\       $$\|
$$  __$$\ $$$\    $$$ |$$  __$$\                                   $$ |      \__|
$ /   $$ |$$$$\  $$$$ |$$ |  $$ | $$$$$$$\  $$$$$$\  $$$$$$\$$$$\  $$$$$$$\  $$\ 
$$$$$$$$ |$$\$$\$$ $$ |$$$$$$$  |$$  _____|$$  __$$\ $$  _$$  _$$\ $$  __$$\ $$ |
$$  __$$ |$$ \$$$  $$ |$$  ____/ $$ /      $$ /  $$ |$$ / $$ / $$ |$$ |  $$ |$$ |
$$ |  $$ |$$ |\$  /$$ |$$ |      $$ |      $$ |  $$ |$$ | $$ | $$ |$$ |  $$ |$$ |
$$ |  $$ |$$ | \_/ $$ |$$ |      \$$$$$$$\ \$$$$$$  |$$ | $$ | $$ |$$$$$$$  |$$ |
\__|  \__|\__|     \__|\__|       \_______| \______/ \__| \__| \__|\_______/ \__|

<--AMP_database> = /work3/josne/github/bacass/assets/databases/amp_DRAMP_database is found and will be used
MMseqs2 directory already exists in /work3/josne/github/bacass/assets/databases/amp_DRAMP_database.

 ########################################################## 
Processing AMP-files from sample: S1371
found macrel file
found ampir file
found amplify file
No InterproScan files were provided. Workflow continuing ....
The fasta containing AMP sequences for S1371 was saved to S1371/ 

The mmseqs alignment for S1371 in progress ....
No AMP hits for S1371 were successfully aligned to the reference database. Consider changing the database.
The mmseqs alignment for S1371 was saved to S1371/.
Estimating functional and structural properties for S1371 ....
Parsing the corresponding gene bank file for S1371 ....
writing S1371_contig_1.gbk
writing S1371_contig_1.gbk
writing S1371_contig_1.gbk
writing S1371_contig_1.gbk
writing S1371_contig_2.gbk
writing S1371_contig_2.gbk
writing S1371_contig_3.gbk
writing S1371_contig_6.gbk
writing S1371_contig_6.gbk
writing S1371_contig_6.gbk
writing S1371_contig_7.gbk
writing S1371_contig_8.gbk
writing S1371_contig_9.gbk
writing S1371_contig_10.gbk
writing S1371_contig_11.gbk
writing S1371_contig_13.gbk
writing S1371_contig_16.gbk
writing S1371_contig_18.gbk
writing S1371_contig_25.gbk
writing S1371_contig_29.gbk
writing S1371_contig_30.gbk
writing S1371_contig_39.gbk
writing S1371_contig_41.gbk
writing S1371_contig_44.gbk
The summary file for S1371 was saved to S1371/S1371.tsv.
Success: 'ampcombi parse_tables' completed successfully ! Now run ampcombi complete !

=== Sample 86/301: S1383 ===

 $$$$$$\  $$\      $$\ $$$$$$$\                                    $$\       $$\|
$$  __$$\ $$$\    $$$ |$$  __$$\                                   $$ |      \__|
$ /   $$ |$$$$\  $$$$ |$$ |  $$ | $$$$$$$\  $$$$$$\  $$$$$$\$$$$\  $$$$$$$\  $$\ 
$$$$$$$$ |$$\$$\$$ $$ |$$$$$$$  |$$  _____|$$  __$$\ $$  _$$  _$$\ $$  __$$\ $$ |
$$  __$$ |$$ \$$$  $$ |$$  ____/ $$ /      $$ /  $$ |$$ / $$ / $$ |$$ |  $$ |$$ |
$$ |  $$ |$$ |\$  /$$ |$$ |      $$ |      $$ |  $$ |$$ | $$ | $$ |$$ |  $$ |$$ |
$$ |  $$ |$$ | \_/ $$ |$$ |      \$$$$$$$\ \$$$$$$  |$$ | $$ | $$ |$$$$$$$  |$$ |
\__|  \__|\__|     \__|\__|       \_______| \______/ \__| \__| \__|\_______/ \__|

<--AMP_database> = /work3/josne/github/bacass/assets/databases/amp_DRAMP_database is found and will be used
MMseqs2 directory already exists in /work3/josne/github/bacass/assets/databases/amp_DRAMP_database.

 ########################################################## 
Processing AMP-files from sample: S1383
found macrel file
found ampir file
found amplify file
No InterproScan files were provided. Workflow continuing ....
The fasta containing AMP sequences for S1383 was saved to S1383/ 

The mmseqs alignment for S1383 in progress ....
No AMP hits for S1383 were successfully aligned to the reference database. Consider changing the database.
The mmseqs alignment for S1383 was saved to S1383/.
Estimating functional and structural properties for S1383 ....
Parsing the corresponding gene bank file for S1383 ....
writing S1383_contig_2.gbk
writing S1383_contig_3.gbk
writing S1383_contig_4.gbk
writing S1383_contig_7.gbk
writing S1383_contig_7.gbk
writing S1383_contig_9.gbk
writing S1383_contig_10.gbk
writing S1383_contig_11.gbk
writing S1383_contig_11.gbk
writing S1383_contig_11.gbk
writing S1383_contig_12.gbk
writing S1383_contig_14.gbk
writing S1383_contig_16.gbk
writing S1383_contig_17.gbk
writing S1383_contig_22.gbk
writing S1383_contig_23.gbk
writing S1383_contig_23.gbk
writing S1383_contig_25.gbk
writing S1383_contig_27.gbk
writing S1383_contig_28.gbk
writing S1383_contig_31.gbk
writing S1383_contig_32.gbk
writing S1383_contig_40.gbk
The summary file for S1383 was saved to S1383/S1383.tsv.
Success: 'ampcombi parse_tables' completed successfully ! Now run ampcombi complete !

=== Sample 87/301: S1385 ===

 $$$$$$\  $$\      $$\ $$$$$$$\                                    $$\       $$\|
$$  __$$\ $$$\    $$$ |$$  __$$\                                   $$ |      \__|
$ /   $$ |$$$$\  $$$$ |$$ |  $$ | $$$$$$$\  $$$$$$\  $$$$$$\$$$$\  $$$$$$$\  $$\ 
$$$$$$$$ |$$\$$\$$ $$ |$$$$$$$  |$$  _____|$$  __$$\ $$  _$$  _$$\ $$  __$$\ $$ |
$$  __$$ |$$ \$$$  $$ |$$  ____/ $$ /      $$ /  $$ |$$ / $$ / $$ |$$ |  $$ |$$ |
$$ |  $$ |$$ |\$  /$$ |$$ |      $$ |      $$ |  $$ |$$ | $$ | $$ |$$ |  $$ |$$ |
$$ |  $$ |$$ | \_/ $$ |$$ |      \$$$$$$$\ \$$$$$$  |$$ | $$ | $$ |$$$$$$$  |$$ |
\__|  \__|\__|     \__|\__|       \_______| \______/ \__| \__| \__|\_______/ \__|

<--AMP_database> = /work3/josne/github/bacass/assets/databases/amp_DRAMP_database is found and will be used
MMseqs2 directory already exists in /work3/josne/github/bacass/assets/databases/amp_DRAMP_database.

 ########################################################## 
Processing AMP-files from sample: S1385
found macrel file
found ampir file
found amplify file
No InterproScan files were provided. Workflow continuing ....
The fasta containing AMP sequences for S1385 was saved to S1385/ 

The mmseqs alignment for S1385 in progress ....
No AMP hits for S1385 were successfully aligned to the reference database. Consider changing the database.
The mmseqs alignment for S1385 was saved to S1385/.
Estimating functional and structural properties for S1385 ....
Parsing the corresponding gene bank file for S1385 ....
writing S1385_contig_1.gbk
writing S1385_contig_1.gbk
writing S1385_contig_1.gbk
writing S1385_contig_1.gbk
writing S1385_contig_2.gbk
writing S1385_contig_2.gbk
writing S1385_contig_3.gbk
writing S1385_contig_3.gbk
writing S1385_contig_4.gbk
writing S1385_contig_5.gbk
writing S1385_contig_6.gbk
writing S1385_contig_6.gbk
writing S1385_contig_6.gbk
writing S1385_contig_6.gbk
writing S1385_contig_7.gbk
writing S1385_contig_8.gbk
writing S1385_contig_9.gbk
writing S1385_contig_10.gbk
writing S1385_contig_11.gbk
writing S1385_contig_11.gbk
writing S1385_contig_11.gbk
writing S1385_contig_11.gbk
writing S1385_contig_12.gbk
writing S1385_contig_12.gbk
writing S1385_contig_12.gbk
writing S1385_contig_12.gbk
writing S1385_contig_12.gbk
writing S1385_contig_13.gbk
writing S1385_contig_15.gbk
writing S1385_contig_16.gbk
writing S1385_contig_16.gbk
writing S1385_contig_17.gbk
writing S1385_contig_76.gbk
The summary file for S1385 was saved to S1385/S1385.tsv.
Success: 'ampcombi parse_tables' completed successfully ! Now run ampcombi complete !

=== Sample 88/301: S1387 ===

 $$$$$$\  $$\      $$\ $$$$$$$\                                    $$\       $$\|
$$  __$$\ $$$\    $$$ |$$  __$$\                                   $$ |      \__|
$ /   $$ |$$$$\  $$$$ |$$ |  $$ | $$$$$$$\  $$$$$$\  $$$$$$\$$$$\  $$$$$$$\  $$\ 
$$$$$$$$ |$$\$$\$$ $$ |$$$$$$$  |$$  _____|$$  __$$\ $$  _$$  _$$\ $$  __$$\ $$ |
$$  __$$ |$$ \$$$  $$ |$$  ____/ $$ /      $$ /  $$ |$$ / $$ / $$ |$$ |  $$ |$$ |
$$ |  $$ |$$ |\$  /$$ |$$ |      $$ |      $$ |  $$ |$$ | $$ | $$ |$$ |  $$ |$$ |
$$ |  $$ |$$ | \_/ $$ |$$ |      \$$$$$$$\ \$$$$$$  |$$ | $$ | $$ |$$$$$$$  |$$ |
\__|  \__|\__|     \__|\__|       \_______| \______/ \__| \__| \__|\_______/ \__|

<--AMP_database> = /work3/josne/github/bacass/assets/databases/amp_DRAMP_database is found and will be used
MMseqs2 directory already exists in /work3/josne/github/bacass/assets/databases/amp_DRAMP_database.

 ########################################################## 
Processing AMP-files from sample: S1387
found macrel file
found ampir file
found amplify file
No InterproScan files were provided. Workflow continuing ....
The fasta containing AMP sequences for S1387 was saved to S1387/ 

The mmseqs alignment for S1387 in progress ....
No AMP hits for S1387 were successfully aligned to the reference database. Consider changing the database.
The mmseqs alignment for S1387 was saved to S1387/.
Estimating functional and structural properties for S1387 ....
Parsing the corresponding gene bank file for S1387 ....
writing S1387_contig_1.gbk
writing S1387_contig_1.gbk
writing S1387_contig_1.gbk
writing S1387_contig_1.gbk
writing S1387_contig_2.gbk
writing S1387_contig_2.gbk
writing S1387_contig_3.gbk
writing S1387_contig_4.gbk
writing S1387_contig_4.gbk
writing S1387_contig_5.gbk
writing S1387_contig_6.gbk
writing S1387_contig_6.gbk
writing S1387_contig_6.gbk
writing S1387_contig_7.gbk
writing S1387_contig_7.gbk
writing S1387_contig_7.gbk
writing S1387_contig_7.gbk
writing S1387_contig_8.gbk
writing S1387_contig_9.gbk
writing S1387_contig_10.gbk
writing S1387_contig_10.gbk
writing S1387_contig_10.gbk
writing S1387_contig_10.gbk
writing S1387_contig_10.gbk
writing S1387_contig_11.gbk
writing S1387_contig_12.gbk
writing S1387_contig_12.gbk
writing S1387_contig_12.gbk
writing S1387_contig_12.gbk
writing S1387_contig_13.gbk
writing S1387_contig_15.gbk
writing S1387_contig_16.gbk
writing S1387_contig_57.gbk
The summary file for S1387 was saved to S1387/S1387.tsv.
Success: 'ampcombi parse_tables' completed successfully ! Now run ampcombi complete !

=== Sample 89/301: S1394 ===

 $$$$$$\  $$\      $$\ $$$$$$$\                                    $$\       $$\|
$$  __$$\ $$$\    $$$ |$$  __$$\                                   $$ |      \__|
$ /   $$ |$$$$\  $$$$ |$$ |  $$ | $$$$$$$\  $$$$$$\  $$$$$$\$$$$\  $$$$$$$\  $$\ 
$$$$$$$$ |$$\$$\$$ $$ |$$$$$$$  |$$  _____|$$  __$$\ $$  _$$  _$$\ $$  __$$\ $$ |
$$  __$$ |$$ \$$$  $$ |$$  ____/ $$ /      $$ /  $$ |$$ / $$ / $$ |$$ |  $$ |$$ |
$$ |  $$ |$$ |\$  /$$ |$$ |      $$ |      $$ |  $$ |$$ | $$ | $$ |$$ |  $$ |$$ |
$$ |  $$ |$$ | \_/ $$ |$$ |      \$$$$$$$\ \$$$$$$  |$$ | $$ | $$ |$$$$$$$  |$$ |
\__|  \__|\__|     \__|\__|       \_______| \______/ \__| \__| \__|\_______/ \__|

<--AMP_database> = /work3/josne/github/bacass/assets/databases/amp_DRAMP_database is found and will be used
MMseqs2 directory already exists in /work3/josne/github/bacass/assets/databases/amp_DRAMP_database.

 ########################################################## 
Processing AMP-files from sample: S1394
found macrel file
found ampir file
found amplify file
No InterproScan files were provided. Workflow continuing ....
The fasta containing AMP sequences for S1394 was saved to S1394/ 

The mmseqs alignment for S1394 in progress ....
No AMP hits for S1394 were successfully aligned to the reference database. Consider changing the database.
The mmseqs alignment for S1394 was saved to S1394/.
Estimating functional and structural properties for S1394 ....
Parsing the corresponding gene bank file for S1394 ....
writing S1394_contig_1.gbk
writing S1394_contig_1.gbk
writing S1394_contig_1.gbk
writing S1394_contig_2.gbk
writing S1394_contig_3.gbk
writing S1394_contig_4.gbk
writing S1394_contig_5.gbk
writing S1394_contig_6.gbk
writing S1394_contig_6.gbk
writing S1394_contig_7.gbk
writing S1394_contig_7.gbk
writing S1394_contig_7.gbk
writing S1394_contig_11.gbk
writing S1394_contig_13.gbk
writing S1394_contig_13.gbk
writing S1394_contig_13.gbk
writing S1394_contig_13.gbk
writing S1394_contig_14.gbk
writing S1394_contig_14.gbk
writing S1394_contig_17.gbk
writing S1394_contig_19.gbk
writing S1394_contig_21.gbk
writing S1394_contig_21.gbk
writing S1394_contig_25.gbk
writing S1394_contig_25.gbk
writing S1394_contig_27.gbk
writing S1394_contig_28.gbk
writing S1394_contig_28.gbk
writing S1394_contig_28.gbk
writing S1394_contig_29.gbk
writing S1394_contig_29.gbk
writing S1394_contig_31.gbk
writing S1394_contig_31.gbk
writing S1394_contig_32.gbk
The summary file for S1394 was saved to S1394/S1394.tsv.
Success: 'ampcombi parse_tables' completed successfully ! Now run ampcombi complete !

=== Sample 90/301: S1396 ===

 $$$$$$\  $$\      $$\ $$$$$$$\                                    $$\       $$\|
$$  __$$\ $$$\    $$$ |$$  __$$\                                   $$ |      \__|
$ /   $$ |$$$$\  $$$$ |$$ |  $$ | $$$$$$$\  $$$$$$\  $$$$$$\$$$$\  $$$$$$$\  $$\ 
$$$$$$$$ |$$\$$\$$ $$ |$$$$$$$  |$$  _____|$$  __$$\ $$  _$$  _$$\ $$  __$$\ $$ |
$$  __$$ |$$ \$$$  $$ |$$  ____/ $$ /      $$ /  $$ |$$ / $$ / $$ |$$ |  $$ |$$ |
$$ |  $$ |$$ |\$  /$$ |$$ |      $$ |      $$ |  $$ |$$ | $$ | $$ |$$ |  $$ |$$ |
$$ |  $$ |$$ | \_/ $$ |$$ |      \$$$$$$$\ \$$$$$$  |$$ | $$ | $$ |$$$$$$$  |$$ |
\__|  \__|\__|     \__|\__|       \_______| \______/ \__| \__| \__|\_______/ \__|

<--AMP_database> = /work3/josne/github/bacass/assets/databases/amp_DRAMP_database is found and will be used
MMseqs2 directory already exists in /work3/josne/github/bacass/assets/databases/amp_DRAMP_database.

 ########################################################## 
Processing AMP-files from sample: S1396
found macrel file
found ampir file
found amplify file
No InterproScan files were provided. Workflow continuing ....
The fasta containing AMP sequences for S1396 was saved to S1396/ 

The mmseqs alignment for S1396 in progress ....
No AMP hits for S1396 were successfully aligned to the reference database. Consider changing the database.
The mmseqs alignment for S1396 was saved to S1396/.
Estimating functional and structural properties for S1396 ....
Parsing the corresponding gene bank file for S1396 ....
writing S1396_contig_1.gbk
writing S1396_contig_1.gbk
writing S1396_contig_1.gbk
writing S1396_contig_1.gbk
writing S1396_contig_2.gbk
writing S1396_contig_2.gbk
writing S1396_contig_2.gbk
writing S1396_contig_2.gbk
writing S1396_contig_3.gbk
writing S1396_contig_3.gbk
writing S1396_contig_4.gbk
writing S1396_contig_5.gbk
writing S1396_contig_5.gbk
writing S1396_contig_6.gbk
writing S1396_contig_8.gbk
writing S1396_contig_9.gbk
writing S1396_contig_9.gbk
writing S1396_contig_21.gbk
writing S1396_contig_22.gbk
writing S1396_contig_22.gbk
The summary file for S1396 was saved to S1396/S1396.tsv.
Success: 'ampcombi parse_tables' completed successfully ! Now run ampcombi complete !

=== Sample 91/301: S1399 ===

 $$$$$$\  $$\      $$\ $$$$$$$\                                    $$\       $$\|
$$  __$$\ $$$\    $$$ |$$  __$$\                                   $$ |      \__|
$ /   $$ |$$$$\  $$$$ |$$ |  $$ | $$$$$$$\  $$$$$$\  $$$$$$\$$$$\  $$$$$$$\  $$\ 
$$$$$$$$ |$$\$$\$$ $$ |$$$$$$$  |$$  _____|$$  __$$\ $$  _$$  _$$\ $$  __$$\ $$ |
$$  __$$ |$$ \$$$  $$ |$$  ____/ $$ /      $$ /  $$ |$$ / $$ / $$ |$$ |  $$ |$$ |
$$ |  $$ |$$ |\$  /$$ |$$ |      $$ |      $$ |  $$ |$$ | $$ | $$ |$$ |  $$ |$$ |
$$ |  $$ |$$ | \_/ $$ |$$ |      \$$$$$$$\ \$$$$$$  |$$ | $$ | $$ |$$$$$$$  |$$ |
\__|  \__|\__|     \__|\__|       \_______| \______/ \__| \__| \__|\_______/ \__|

<--AMP_database> = /work3/josne/github/bacass/assets/databases/amp_DRAMP_database is found and will be used
MMseqs2 directory already exists in /work3/josne/github/bacass/assets/databases/amp_DRAMP_database.

 ########################################################## 
Processing AMP-files from sample: S1399
found macrel file
found ampir file
found amplify file
No InterproScan files were provided. Workflow continuing ....
The fasta containing AMP sequences for S1399 was saved to S1399/ 

The mmseqs alignment for S1399 in progress ....
No AMP hits for S1399 were successfully aligned to the reference database. Consider changing the database.
The mmseqs alignment for S1399 was saved to S1399/.
Estimating functional and structural properties for S1399 ....
Parsing the corresponding gene bank file for S1399 ....
writing S1399_contig_1.gbk
writing S1399_contig_1.gbk
writing S1399_contig_1.gbk
writing S1399_contig_1.gbk
writing S1399_contig_1.gbk
writing S1399_contig_1.gbk
writing S1399_contig_1.gbk
writing S1399_contig_1.gbk
writing S1399_contig_1.gbk
writing S1399_contig_1.gbk
writing S1399_contig_1.gbk
writing S1399_contig_1.gbk
writing S1399_contig_2.gbk
writing S1399_contig_2.gbk
writing S1399_contig_2.gbk
writing S1399_contig_2.gbk
writing S1399_contig_2.gbk
writing S1399_contig_2.gbk
writing S1399_contig_2.gbk
writing S1399_contig_3.gbk
writing S1399_contig_3.gbk
writing S1399_contig_3.gbk
writing S1399_contig_3.gbk
writing S1399_contig_4.gbk
writing S1399_contig_4.gbk
writing S1399_contig_4.gbk
writing S1399_contig_5.gbk
writing S1399_contig_7.gbk
writing S1399_contig_8.gbk
The summary file for S1399 was saved to S1399/S1399.tsv.
Success: 'ampcombi parse_tables' completed successfully ! Now run ampcombi complete !

=== Sample 92/301: S1604 ===

 $$$$$$\  $$\      $$\ $$$$$$$\                                    $$\       $$\|
$$  __$$\ $$$\    $$$ |$$  __$$\                                   $$ |      \__|
$ /   $$ |$$$$\  $$$$ |$$ |  $$ | $$$$$$$\  $$$$$$\  $$$$$$\$$$$\  $$$$$$$\  $$\ 
$$$$$$$$ |$$\$$\$$ $$ |$$$$$$$  |$$  _____|$$  __$$\ $$  _$$  _$$\ $$  __$$\ $$ |
$$  __$$ |$$ \$$$  $$ |$$  ____/ $$ /      $$ /  $$ |$$ / $$ / $$ |$$ |  $$ |$$ |
$$ |  $$ |$$ |\$  /$$ |$$ |      $$ |      $$ |  $$ |$$ | $$ | $$ |$$ |  $$ |$$ |
$$ |  $$ |$$ | \_/ $$ |$$ |      \$$$$$$$\ \$$$$$$  |$$ | $$ | $$ |$$$$$$$  |$$ |
\__|  \__|\__|     \__|\__|       \_______| \______/ \__| \__| \__|\_______/ \__|

<--AMP_database> = /work3/josne/github/bacass/assets/databases/amp_DRAMP_database is found and will be used
MMseqs2 directory already exists in /work3/josne/github/bacass/assets/databases/amp_DRAMP_database.

 ########################################################## 
Processing AMP-files from sample: S1604
found macrel file
found ampir file
found amplify file
No InterproScan files were provided. Workflow continuing ....
The fasta containing AMP sequences for S1604 was saved to S1604/ 

The mmseqs alignment for S1604 in progress ....
No AMP hits for S1604 were successfully aligned to the reference database. Consider changing the database.
The mmseqs alignment for S1604 was saved to S1604/.
Estimating functional and structural properties for S1604 ....
Parsing the corresponding gene bank file for S1604 ....
writing S1604_contig_1.gbk
writing S1604_contig_3.gbk
writing S1604_contig_4.gbk
writing S1604_contig_6.gbk
writing S1604_contig_10.gbk
writing S1604_contig_11.gbk
writing S1604_contig_12.gbk
writing S1604_contig_12.gbk
writing S1604_contig_15.gbk
writing S1604_contig_16.gbk
writing S1604_contig_16.gbk
writing S1604_contig_17.gbk
writing S1604_contig_17.gbk
writing S1604_contig_19.gbk
writing S1604_contig_22.gbk
writing S1604_contig_22.gbk
writing S1604_contig_22.gbk
writing S1604_contig_23.gbk
writing S1604_contig_24.gbk
writing S1604_contig_26.gbk
writing S1604_contig_28.gbk
writing S1604_contig_28.gbk
writing S1604_contig_31.gbk
writing S1604_contig_32.gbk
writing S1604_contig_32.gbk
writing S1604_contig_35.gbk
writing S1604_contig_40.gbk
writing S1604_contig_47.gbk
writing S1604_contig_48.gbk
writing S1604_contig_50.gbk
writing S1604_contig_56.gbk
writing S1604_contig_57.gbk
writing S1604_contig_57.gbk
writing S1604_contig_60.gbk
writing S1604_contig_122.gbk
The summary file for S1604 was saved to S1604/S1604.tsv.
Success: 'ampcombi parse_tables' completed successfully ! Now run ampcombi complete !

=== Sample 93/301: S1605 ===

 $$$$$$\  $$\      $$\ $$$$$$$\                                    $$\       $$\|
$$  __$$\ $$$\    $$$ |$$  __$$\                                   $$ |      \__|
$ /   $$ |$$$$\  $$$$ |$$ |  $$ | $$$$$$$\  $$$$$$\  $$$$$$\$$$$\  $$$$$$$\  $$\ 
$$$$$$$$ |$$\$$\$$ $$ |$$$$$$$  |$$  _____|$$  __$$\ $$  _$$  _$$\ $$  __$$\ $$ |
$$  __$$ |$$ \$$$  $$ |$$  ____/ $$ /      $$ /  $$ |$$ / $$ / $$ |$$ |  $$ |$$ |
$$ |  $$ |$$ |\$  /$$ |$$ |      $$ |      $$ |  $$ |$$ | $$ | $$ |$$ |  $$ |$$ |
$$ |  $$ |$$ | \_/ $$ |$$ |      \$$$$$$$\ \$$$$$$  |$$ | $$ | $$ |$$$$$$$  |$$ |
\__|  \__|\__|     \__|\__|       \_______| \______/ \__| \__| \__|\_______/ \__|

<--AMP_database> = /work3/josne/github/bacass/assets/databases/amp_DRAMP_database is found and will be used
MMseqs2 directory already exists in /work3/josne/github/bacass/assets/databases/amp_DRAMP_database.

 ########################################################## 
Processing AMP-files from sample: S1605
found macrel file
found ampir file
found amplify file
No InterproScan files were provided. Workflow continuing ....
The fasta containing AMP sequences for S1605 was saved to S1605/ 

The mmseqs alignment for S1605 in progress ....
No AMP hits for S1605 were successfully aligned to the reference database. Consider changing the database.
The mmseqs alignment for S1605 was saved to S1605/.
Estimating functional and structural properties for S1605 ....
Parsing the corresponding gene bank file for S1605 ....
writing S1605_contig_2.gbk
writing S1605_contig_2.gbk
writing S1605_contig_2.gbk
writing S1605_contig_2.gbk
writing S1605_contig_5.gbk
writing S1605_contig_6.gbk
writing S1605_contig_9.gbk
writing S1605_contig_9.gbk
writing S1605_contig_11.gbk
writing S1605_contig_15.gbk
writing S1605_contig_15.gbk
writing S1605_contig_19.gbk
writing S1605_contig_21.gbk
writing S1605_contig_25.gbk
writing S1605_contig_28.gbk
writing S1605_contig_29.gbk
writing S1605_contig_35.gbk
writing S1605_contig_36.gbk
writing S1605_contig_38.gbk
writing S1605_contig_44.gbk
writing S1605_contig_45.gbk
writing S1605_contig_47.gbk
writing S1605_contig_49.gbk
writing S1605_contig_49.gbk
writing S1605_contig_50.gbk
writing S1605_contig_52.gbk
writing S1605_contig_54.gbk
writing S1605_contig_54.gbk
writing S1605_contig_61.gbk
writing S1605_contig_65.gbk
writing S1605_contig_67.gbk
writing S1605_contig_95.gbk
writing S1605_contig_99.gbk
writing S1605_contig_126.gbk
writing S1605_contig_169.gbk
The summary file for S1605 was saved to S1605/S1605.tsv.
Success: 'ampcombi parse_tables' completed successfully ! Now run ampcombi complete !

=== Sample 94/301: S1606 ===

 $$$$$$\  $$\      $$\ $$$$$$$\                                    $$\       $$\|
$$  __$$\ $$$\    $$$ |$$  __$$\                                   $$ |      \__|
$ /   $$ |$$$$\  $$$$ |$$ |  $$ | $$$$$$$\  $$$$$$\  $$$$$$\$$$$\  $$$$$$$\  $$\ 
$$$$$$$$ |$$\$$\$$ $$ |$$$$$$$  |$$  _____|$$  __$$\ $$  _$$  _$$\ $$  __$$\ $$ |
$$  __$$ |$$ \$$$  $$ |$$  ____/ $$ /      $$ /  $$ |$$ / $$ / $$ |$$ |  $$ |$$ |
$$ |  $$ |$$ |\$  /$$ |$$ |      $$ |      $$ |  $$ |$$ | $$ | $$ |$$ |  $$ |$$ |
$$ |  $$ |$$ | \_/ $$ |$$ |      \$$$$$$$\ \$$$$$$  |$$ | $$ | $$ |$$$$$$$  |$$ |
\__|  \__|\__|     \__|\__|       \_______| \______/ \__| \__| \__|\_______/ \__|

<--AMP_database> = /work3/josne/github/bacass/assets/databases/amp_DRAMP_database is found and will be used
MMseqs2 directory already exists in /work3/josne/github/bacass/assets/databases/amp_DRAMP_database.

 ########################################################## 
Processing AMP-files from sample: S1606
found macrel file
found ampir file
found amplify file
No InterproScan files were provided. Workflow continuing ....
The fasta containing AMP sequences for S1606 was saved to S1606/ 

The mmseqs alignment for S1606 in progress ....
No AMP hits for S1606 were successfully aligned to the reference database. Consider changing the database.
The mmseqs alignment for S1606 was saved to S1606/.
Estimating functional and structural properties for S1606 ....
Parsing the corresponding gene bank file for S1606 ....
writing S1606_contig_1.gbk
writing S1606_contig_1.gbk
writing S1606_contig_1.gbk
writing S1606_contig_2.gbk
writing S1606_contig_2.gbk
writing S1606_contig_3.gbk
writing S1606_contig_3.gbk
writing S1606_contig_4.gbk
writing S1606_contig_4.gbk
writing S1606_contig_4.gbk
writing S1606_contig_5.gbk
writing S1606_contig_6.gbk
writing S1606_contig_9.gbk
writing S1606_contig_9.gbk
writing S1606_contig_10.gbk
writing S1606_contig_11.gbk
writing S1606_contig_11.gbk
writing S1606_contig_11.gbk
writing S1606_contig_11.gbk
writing S1606_contig_11.gbk
writing S1606_contig_11.gbk
writing S1606_contig_11.gbk
writing S1606_contig_14.gbk
writing S1606_contig_16.gbk
writing S1606_contig_28.gbk
writing S1606_contig_33.gbk
The summary file for S1606 was saved to S1606/S1606.tsv.
Success: 'ampcombi parse_tables' completed successfully ! Now run ampcombi complete !

=== Sample 95/301: S1614 ===

 $$$$$$\  $$\      $$\ $$$$$$$\                                    $$\       $$\|
$$  __$$\ $$$\    $$$ |$$  __$$\                                   $$ |      \__|
$ /   $$ |$$$$\  $$$$ |$$ |  $$ | $$$$$$$\  $$$$$$\  $$$$$$\$$$$\  $$$$$$$\  $$\ 
$$$$$$$$ |$$\$$\$$ $$ |$$$$$$$  |$$  _____|$$  __$$\ $$  _$$  _$$\ $$  __$$\ $$ |
$$  __$$ |$$ \$$$  $$ |$$  ____/ $$ /      $$ /  $$ |$$ / $$ / $$ |$$ |  $$ |$$ |
$$ |  $$ |$$ |\$  /$$ |$$ |      $$ |      $$ |  $$ |$$ | $$ | $$ |$$ |  $$ |$$ |
$$ |  $$ |$$ | \_/ $$ |$$ |      \$$$$$$$\ \$$$$$$  |$$ | $$ | $$ |$$$$$$$  |$$ |
\__|  \__|\__|     \__|\__|       \_______| \______/ \__| \__| \__|\_______/ \__|

<--AMP_database> = /work3/josne/github/bacass/assets/databases/amp_DRAMP_database is found and will be used
MMseqs2 directory already exists in /work3/josne/github/bacass/assets/databases/amp_DRAMP_database.

 ########################################################## 
Processing AMP-files from sample: S1614
found macrel file
found ampir file
found amplify file
No InterproScan files were provided. Workflow continuing ....
The fasta containing AMP sequences for S1614 was saved to S1614/ 

The mmseqs alignment for S1614 in progress ....
No AMP hits for S1614 were successfully aligned to the reference database. Consider changing the database.
The mmseqs alignment for S1614 was saved to S1614/.
Estimating functional and structural properties for S1614 ....
Parsing the corresponding gene bank file for S1614 ....
writing S1614_contig_1.gbk
writing S1614_contig_1.gbk
writing S1614_contig_3.gbk
writing S1614_contig_4.gbk
writing S1614_contig_4.gbk
writing S1614_contig_4.gbk
writing S1614_contig_4.gbk
writing S1614_contig_5.gbk
writing S1614_contig_5.gbk
writing S1614_contig_5.gbk
writing S1614_contig_6.gbk
writing S1614_contig_6.gbk
writing S1614_contig_7.gbk
writing S1614_contig_7.gbk
writing S1614_contig_9.gbk
writing S1614_contig_11.gbk
writing S1614_contig_11.gbk
writing S1614_contig_13.gbk
writing S1614_contig_14.gbk
writing S1614_contig_15.gbk
writing S1614_contig_16.gbk
writing S1614_contig_21.gbk
writing S1614_contig_22.gbk
writing S1614_contig_23.gbk
writing S1614_contig_23.gbk
writing S1614_contig_24.gbk
writing S1614_contig_26.gbk
writing S1614_contig_27.gbk
writing S1614_contig_36.gbk
writing S1614_contig_37.gbk
writing S1614_contig_38.gbk
writing S1614_contig_41.gbk
writing S1614_contig_52.gbk
writing S1614_contig_62.gbk
writing S1614_contig_81.gbk
The summary file for S1614 was saved to S1614/S1614.tsv.
Success: 'ampcombi parse_tables' completed successfully ! Now run ampcombi complete !

=== Sample 96/301: S1651 ===

 $$$$$$\  $$\      $$\ $$$$$$$\                                    $$\       $$\|
$$  __$$\ $$$\    $$$ |$$  __$$\                                   $$ |      \__|
$ /   $$ |$$$$\  $$$$ |$$ |  $$ | $$$$$$$\  $$$$$$\  $$$$$$\$$$$\  $$$$$$$\  $$\ 
$$$$$$$$ |$$\$$\$$ $$ |$$$$$$$  |$$  _____|$$  __$$\ $$  _$$  _$$\ $$  __$$\ $$ |
$$  __$$ |$$ \$$$  $$ |$$  ____/ $$ /      $$ /  $$ |$$ / $$ / $$ |$$ |  $$ |$$ |
$$ |  $$ |$$ |\$  /$$ |$$ |      $$ |      $$ |  $$ |$$ | $$ | $$ |$$ |  $$ |$$ |
$$ |  $$ |$$ | \_/ $$ |$$ |      \$$$$$$$\ \$$$$$$  |$$ | $$ | $$ |$$$$$$$  |$$ |
\__|  \__|\__|     \__|\__|       \_______| \______/ \__| \__| \__|\_______/ \__|

<--AMP_database> = /work3/josne/github/bacass/assets/databases/amp_DRAMP_database is found and will be used
MMseqs2 directory already exists in /work3/josne/github/bacass/assets/databases/amp_DRAMP_database.

 ########################################################## 
Processing AMP-files from sample: S1651
found macrel file
found ampir file
found amplify file
No InterproScan files were provided. Workflow continuing ....
The fasta containing AMP sequences for S1651 was saved to S1651/ 

The mmseqs alignment for S1651 in progress ....
No AMP hits for S1651 were successfully aligned to the reference database. Consider changing the database.
The mmseqs alignment for S1651 was saved to S1651/.
Estimating functional and structural properties for S1651 ....
Parsing the corresponding gene bank file for S1651 ....
writing S1651_contig_1.gbk
writing S1651_contig_1.gbk
writing S1651_contig_1.gbk
writing S1651_contig_3.gbk
writing S1651_contig_4.gbk
writing S1651_contig_5.gbk
writing S1651_contig_5.gbk
writing S1651_contig_7.gbk
writing S1651_contig_8.gbk
writing S1651_contig_9.gbk
writing S1651_contig_12.gbk
writing S1651_contig_13.gbk
writing S1651_contig_13.gbk
writing S1651_contig_13.gbk
writing S1651_contig_13.gbk
writing S1651_contig_13.gbk
writing S1651_contig_13.gbk
writing S1651_contig_14.gbk
writing S1651_contig_15.gbk
writing S1651_contig_16.gbk
writing S1651_contig_19.gbk
writing S1651_contig_20.gbk
writing S1651_contig_21.gbk
writing S1651_contig_23.gbk
writing S1651_contig_26.gbk
writing S1651_contig_26.gbk
writing S1651_contig_29.gbk
writing S1651_contig_29.gbk
writing S1651_contig_37.gbk
writing S1651_contig_42.gbk
writing S1651_contig_42.gbk
writing S1651_contig_51.gbk
writing S1651_contig_51.gbk
writing S1651_contig_51.gbk
writing S1651_contig_51.gbk
writing S1651_contig_55.gbk
writing S1651_contig_59.gbk
writing S1651_contig_66.gbk
writing S1651_contig_77.gbk
writing S1651_contig_88.gbk
The summary file for S1651 was saved to S1651/S1651.tsv.
Success: 'ampcombi parse_tables' completed successfully ! Now run ampcombi complete !

=== Sample 97/301: S1652 ===

 $$$$$$\  $$\      $$\ $$$$$$$\                                    $$\       $$\|
$$  __$$\ $$$\    $$$ |$$  __$$\                                   $$ |      \__|
$ /   $$ |$$$$\  $$$$ |$$ |  $$ | $$$$$$$\  $$$$$$\  $$$$$$\$$$$\  $$$$$$$\  $$\ 
$$$$$$$$ |$$\$$\$$ $$ |$$$$$$$  |$$  _____|$$  __$$\ $$  _$$  _$$\ $$  __$$\ $$ |
$$  __$$ |$$ \$$$  $$ |$$  ____/ $$ /      $$ /  $$ |$$ / $$ / $$ |$$ |  $$ |$$ |
$$ |  $$ |$$ |\$  /$$ |$$ |      $$ |      $$ |  $$ |$$ | $$ | $$ |$$ |  $$ |$$ |
$$ |  $$ |$$ | \_/ $$ |$$ |      \$$$$$$$\ \$$$$$$  |$$ | $$ | $$ |$$$$$$$  |$$ |
\__|  \__|\__|     \__|\__|       \_______| \______/ \__| \__| \__|\_______/ \__|

<--AMP_database> = /work3/josne/github/bacass/assets/databases/amp_DRAMP_database is found and will be used
MMseqs2 directory already exists in /work3/josne/github/bacass/assets/databases/amp_DRAMP_database.

 ########################################################## 
Processing AMP-files from sample: S1652
found macrel file
found ampir file
found amplify file
No InterproScan files were provided. Workflow continuing ....
The fasta containing AMP sequences for S1652 was saved to S1652/ 

The mmseqs alignment for S1652 in progress ....
No AMP hits for S1652 were successfully aligned to the reference database. Consider changing the database.
The mmseqs alignment for S1652 was saved to S1652/.
Estimating functional and structural properties for S1652 ....
Parsing the corresponding gene bank file for S1652 ....
writing S1652_contig_2.gbk
writing S1652_contig_2.gbk
writing S1652_contig_2.gbk
writing S1652_contig_2.gbk
writing S1652_contig_3.gbk
writing S1652_contig_3.gbk
writing S1652_contig_4.gbk
writing S1652_contig_4.gbk
writing S1652_contig_6.gbk
writing S1652_contig_6.gbk
writing S1652_contig_7.gbk
writing S1652_contig_8.gbk
writing S1652_contig_8.gbk
writing S1652_contig_8.gbk
writing S1652_contig_8.gbk
writing S1652_contig_9.gbk
writing S1652_contig_9.gbk
writing S1652_contig_9.gbk
writing S1652_contig_10.gbk
writing S1652_contig_18.gbk
writing S1652_contig_20.gbk
writing S1652_contig_23.gbk
writing S1652_contig_26.gbk
writing S1652_contig_30.gbk
writing S1652_contig_34.gbk
writing S1652_contig_36.gbk
writing S1652_contig_41.gbk
writing S1652_contig_75.gbk
The summary file for S1652 was saved to S1652/S1652.tsv.
Success: 'ampcombi parse_tables' completed successfully ! Now run ampcombi complete !

=== Sample 98/301: S1653 ===

 $$$$$$\  $$\      $$\ $$$$$$$\                                    $$\       $$\|
$$  __$$\ $$$\    $$$ |$$  __$$\                                   $$ |      \__|
$ /   $$ |$$$$\  $$$$ |$$ |  $$ | $$$$$$$\  $$$$$$\  $$$$$$\$$$$\  $$$$$$$\  $$\ 
$$$$$$$$ |$$\$$\$$ $$ |$$$$$$$  |$$  _____|$$  __$$\ $$  _$$  _$$\ $$  __$$\ $$ |
$$  __$$ |$$ \$$$  $$ |$$  ____/ $$ /      $$ /  $$ |$$ / $$ / $$ |$$ |  $$ |$$ |
$$ |  $$ |$$ |\$  /$$ |$$ |      $$ |      $$ |  $$ |$$ | $$ | $$ |$$ |  $$ |$$ |
$$ |  $$ |$$ | \_/ $$ |$$ |      \$$$$$$$\ \$$$$$$  |$$ | $$ | $$ |$$$$$$$  |$$ |
\__|  \__|\__|     \__|\__|       \_______| \______/ \__| \__| \__|\_______/ \__|

<--AMP_database> = /work3/josne/github/bacass/assets/databases/amp_DRAMP_database is found and will be used
MMseqs2 directory already exists in /work3/josne/github/bacass/assets/databases/amp_DRAMP_database.

 ########################################################## 
Processing AMP-files from sample: S1653
found macrel file
found ampir file
found amplify file
No InterproScan files were provided. Workflow continuing ....
The fasta containing AMP sequences for S1653 was saved to S1653/ 

The mmseqs alignment for S1653 in progress ....
No AMP hits for S1653 were successfully aligned to the reference database. Consider changing the database.
The mmseqs alignment for S1653 was saved to S1653/.
Estimating functional and structural properties for S1653 ....
Parsing the corresponding gene bank file for S1653 ....
writing S1653_contig_1.gbk
writing S1653_contig_1.gbk
writing S1653_contig_1.gbk
writing S1653_contig_1.gbk
writing S1653_contig_1.gbk
writing S1653_contig_1.gbk
writing S1653_contig_1.gbk
writing S1653_contig_1.gbk
writing S1653_contig_2.gbk
writing S1653_contig_2.gbk
writing S1653_contig_3.gbk
writing S1653_contig_3.gbk
writing S1653_contig_4.gbk
writing S1653_contig_5.gbk
writing S1653_contig_5.gbk
writing S1653_contig_5.gbk
writing S1653_contig_6.gbk
writing S1653_contig_6.gbk
writing S1653_contig_6.gbk
writing S1653_contig_8.gbk
writing S1653_contig_8.gbk
writing S1653_contig_10.gbk
writing S1653_contig_11.gbk
writing S1653_contig_13.gbk
writing S1653_contig_16.gbk
writing S1653_contig_23.gbk
The summary file for S1653 was saved to S1653/S1653.tsv.
Success: 'ampcombi parse_tables' completed successfully ! Now run ampcombi complete !

=== Sample 99/301: S1728 ===

 $$$$$$\  $$\      $$\ $$$$$$$\                                    $$\       $$\|
$$  __$$\ $$$\    $$$ |$$  __$$\                                   $$ |      \__|
$ /   $$ |$$$$\  $$$$ |$$ |  $$ | $$$$$$$\  $$$$$$\  $$$$$$\$$$$\  $$$$$$$\  $$\ 
$$$$$$$$ |$$\$$\$$ $$ |$$$$$$$  |$$  _____|$$  __$$\ $$  _$$  _$$\ $$  __$$\ $$ |
$$  __$$ |$$ \$$$  $$ |$$  ____/ $$ /      $$ /  $$ |$$ / $$ / $$ |$$ |  $$ |$$ |
$$ |  $$ |$$ |\$  /$$ |$$ |      $$ |      $$ |  $$ |$$ | $$ | $$ |$$ |  $$ |$$ |
$$ |  $$ |$$ | \_/ $$ |$$ |      \$$$$$$$\ \$$$$$$  |$$ | $$ | $$ |$$$$$$$  |$$ |
\__|  \__|\__|     \__|\__|       \_______| \______/ \__| \__| \__|\_______/ \__|

<--AMP_database> = /work3/josne/github/bacass/assets/databases/amp_DRAMP_database is found and will be used
MMseqs2 directory already exists in /work3/josne/github/bacass/assets/databases/amp_DRAMP_database.

 ########################################################## 
Processing AMP-files from sample: S1728
found macrel file
found ampir file
found amplify file
No InterproScan files were provided. Workflow continuing ....
The fasta containing AMP sequences for S1728 was saved to S1728/ 

The mmseqs alignment for S1728 in progress ....
No AMP hits for S1728 were successfully aligned to the reference database. Consider changing the database.
The mmseqs alignment for S1728 was saved to S1728/.
Estimating functional and structural properties for S1728 ....
Parsing the corresponding gene bank file for S1728 ....
writing S1728_contig_1.gbk
writing S1728_contig_1.gbk
writing S1728_contig_1.gbk
writing S1728_contig_3.gbk
writing S1728_contig_5.gbk
writing S1728_contig_5.gbk
writing S1728_contig_5.gbk
writing S1728_contig_5.gbk
writing S1728_contig_8.gbk
writing S1728_contig_11.gbk
writing S1728_contig_14.gbk
writing S1728_contig_14.gbk
writing S1728_contig_15.gbk
writing S1728_contig_16.gbk
writing S1728_contig_20.gbk
writing S1728_contig_28.gbk
writing S1728_contig_29.gbk
writing S1728_contig_33.gbk
writing S1728_contig_42.gbk
writing S1728_contig_47.gbk
writing S1728_contig_52.gbk
writing S1728_contig_63.gbk
writing S1728_contig_72.gbk
writing S1728_contig_78.gbk
writing S1728_contig_86.gbk
writing S1728_contig_87.gbk
The summary file for S1728 was saved to S1728/S1728.tsv.
Success: 'ampcombi parse_tables' completed successfully ! Now run ampcombi complete !

=== Sample 100/301: S1729 ===

 $$$$$$\  $$\      $$\ $$$$$$$\                                    $$\       $$\|
$$  __$$\ $$$\    $$$ |$$  __$$\                                   $$ |      \__|
$ /   $$ |$$$$\  $$$$ |$$ |  $$ | $$$$$$$\  $$$$$$\  $$$$$$\$$$$\  $$$$$$$\  $$\ 
$$$$$$$$ |$$\$$\$$ $$ |$$$$$$$  |$$  _____|$$  __$$\ $$  _$$  _$$\ $$  __$$\ $$ |
$$  __$$ |$$ \$$$  $$ |$$  ____/ $$ /      $$ /  $$ |$$ / $$ / $$ |$$ |  $$ |$$ |
$$ |  $$ |$$ |\$  /$$ |$$ |      $$ |      $$ |  $$ |$$ | $$ | $$ |$$ |  $$ |$$ |
$$ |  $$ |$$ | \_/ $$ |$$ |      \$$$$$$$\ \$$$$$$  |$$ | $$ | $$ |$$$$$$$  |$$ |
\__|  \__|\__|     \__|\__|       \_______| \______/ \__| \__| \__|\_______/ \__|

<--AMP_database> = /work3/josne/github/bacass/assets/databases/amp_DRAMP_database is found and will be used
MMseqs2 directory already exists in /work3/josne/github/bacass/assets/databases/amp_DRAMP_database.

 ########################################################## 
Processing AMP-files from sample: S1729
found macrel file
found ampir file
found amplify file
No InterproScan files were provided. Workflow continuing ....
The fasta containing AMP sequences for S1729 was saved to S1729/ 

The mmseqs alignment for S1729 in progress ....
No AMP hits for S1729 were successfully aligned to the reference database. Consider changing the database.
The mmseqs alignment for S1729 was saved to S1729/.
Estimating functional and structural properties for S1729 ....
Parsing the corresponding gene bank file for S1729 ....
writing S1729_contig_1.gbk
writing S1729_contig_1.gbk
writing S1729_contig_2.gbk
writing S1729_contig_7.gbk
writing S1729_contig_7.gbk
writing S1729_contig_7.gbk
writing S1729_contig_7.gbk
writing S1729_contig_8.gbk
writing S1729_contig_10.gbk
writing S1729_contig_10.gbk
writing S1729_contig_12.gbk
writing S1729_contig_16.gbk
writing S1729_contig_17.gbk
writing S1729_contig_30.gbk
writing S1729_contig_36.gbk
writing S1729_contig_46.gbk
writing S1729_contig_54.gbk
writing S1729_contig_74.gbk
writing S1729_contig_75.gbk
writing S1729_contig_102.gbk
writing S1729_contig_107.gbk
writing S1729_contig_115.gbk
writing S1729_contig_120.gbk
writing S1729_contig_137.gbk
The summary file for S1729 was saved to S1729/S1729.tsv.
Success: 'ampcombi parse_tables' completed successfully ! Now run ampcombi complete !

=== Sample 101/301: S1730 ===

 $$$$$$\  $$\      $$\ $$$$$$$\                                    $$\       $$\|
$$  __$$\ $$$\    $$$ |$$  __$$\                                   $$ |      \__|
$ /   $$ |$$$$\  $$$$ |$$ |  $$ | $$$$$$$\  $$$$$$\  $$$$$$\$$$$\  $$$$$$$\  $$\ 
$$$$$$$$ |$$\$$\$$ $$ |$$$$$$$  |$$  _____|$$  __$$\ $$  _$$  _$$\ $$  __$$\ $$ |
$$  __$$ |$$ \$$$  $$ |$$  ____/ $$ /      $$ /  $$ |$$ / $$ / $$ |$$ |  $$ |$$ |
$$ |  $$ |$$ |\$  /$$ |$$ |      $$ |      $$ |  $$ |$$ | $$ | $$ |$$ |  $$ |$$ |
$$ |  $$ |$$ | \_/ $$ |$$ |      \$$$$$$$\ \$$$$$$  |$$ | $$ | $$ |$$$$$$$  |$$ |
\__|  \__|\__|     \__|\__|       \_______| \______/ \__| \__| \__|\_______/ \__|

<--AMP_database> = /work3/josne/github/bacass/assets/databases/amp_DRAMP_database is found and will be used
MMseqs2 directory already exists in /work3/josne/github/bacass/assets/databases/amp_DRAMP_database.

 ########################################################## 
Processing AMP-files from sample: S1730
found macrel file
found ampir file
found amplify file
No InterproScan files were provided. Workflow continuing ....
The fasta containing AMP sequences for S1730 was saved to S1730/ 

The mmseqs alignment for S1730 in progress ....
No AMP hits for S1730 were successfully aligned to the reference database. Consider changing the database.
The mmseqs alignment for S1730 was saved to S1730/.
Estimating functional and structural properties for S1730 ....
Parsing the corresponding gene bank file for S1730 ....
writing S1730_contig_1.gbk
writing S1730_contig_1.gbk
writing S1730_contig_1.gbk
writing S1730_contig_3.gbk
writing S1730_contig_5.gbk
writing S1730_contig_5.gbk
writing S1730_contig_5.gbk
writing S1730_contig_5.gbk
writing S1730_contig_6.gbk
writing S1730_contig_11.gbk
writing S1730_contig_14.gbk
writing S1730_contig_14.gbk
writing S1730_contig_15.gbk
writing S1730_contig_16.gbk
writing S1730_contig_20.gbk
writing S1730_contig_28.gbk
writing S1730_contig_29.gbk
writing S1730_contig_32.gbk
writing S1730_contig_41.gbk
writing S1730_contig_46.gbk
writing S1730_contig_51.gbk
writing S1730_contig_62.gbk
writing S1730_contig_71.gbk
writing S1730_contig_77.gbk
writing S1730_contig_85.gbk
writing S1730_contig_86.gbk
The summary file for S1730 was saved to S1730/S1730.tsv.
Success: 'ampcombi parse_tables' completed successfully ! Now run ampcombi complete !

=== Sample 102/301: S1732 ===

 $$$$$$\  $$\      $$\ $$$$$$$\                                    $$\       $$\|
$$  __$$\ $$$\    $$$ |$$  __$$\                                   $$ |      \__|
$ /   $$ |$$$$\  $$$$ |$$ |  $$ | $$$$$$$\  $$$$$$\  $$$$$$\$$$$\  $$$$$$$\  $$\ 
$$$$$$$$ |$$\$$\$$ $$ |$$$$$$$  |$$  _____|$$  __$$\ $$  _$$  _$$\ $$  __$$\ $$ |
$$  __$$ |$$ \$$$  $$ |$$  ____/ $$ /      $$ /  $$ |$$ / $$ / $$ |$$ |  $$ |$$ |
$$ |  $$ |$$ |\$  /$$ |$$ |      $$ |      $$ |  $$ |$$ | $$ | $$ |$$ |  $$ |$$ |
$$ |  $$ |$$ | \_/ $$ |$$ |      \$$$$$$$\ \$$$$$$  |$$ | $$ | $$ |$$$$$$$  |$$ |
\__|  \__|\__|     \__|\__|       \_______| \______/ \__| \__| \__|\_______/ \__|

<--AMP_database> = /work3/josne/github/bacass/assets/databases/amp_DRAMP_database is found and will be used
MMseqs2 directory already exists in /work3/josne/github/bacass/assets/databases/amp_DRAMP_database.

 ########################################################## 
Processing AMP-files from sample: S1732
found macrel file
found ampir file
found amplify file
No InterproScan files were provided. Workflow continuing ....
The fasta containing AMP sequences for S1732 was saved to S1732/ 

The mmseqs alignment for S1732 in progress ....
No AMP hits for S1732 were successfully aligned to the reference database. Consider changing the database.
The mmseqs alignment for S1732 was saved to S1732/.
Estimating functional and structural properties for S1732 ....
Parsing the corresponding gene bank file for S1732 ....
writing S1732_contig_1.gbk
writing S1732_contig_1.gbk
writing S1732_contig_1.gbk
writing S1732_contig_3.gbk
writing S1732_contig_7.gbk
writing S1732_contig_11.gbk
writing S1732_contig_14.gbk
writing S1732_contig_14.gbk
writing S1732_contig_15.gbk
writing S1732_contig_16.gbk
writing S1732_contig_20.gbk
writing S1732_contig_21.gbk
writing S1732_contig_21.gbk
writing S1732_contig_21.gbk
writing S1732_contig_21.gbk
writing S1732_contig_29.gbk
writing S1732_contig_30.gbk
writing S1732_contig_33.gbk
writing S1732_contig_43.gbk
writing S1732_contig_48.gbk
writing S1732_contig_53.gbk
writing S1732_contig_64.gbk
writing S1732_contig_73.gbk
writing S1732_contig_79.gbk
writing S1732_contig_87.gbk
writing S1732_contig_88.gbk
The summary file for S1732 was saved to S1732/S1732.tsv.
Success: 'ampcombi parse_tables' completed successfully ! Now run ampcombi complete !

=== Sample 103/301: S2043 ===

 $$$$$$\  $$\      $$\ $$$$$$$\                                    $$\       $$\|
$$  __$$\ $$$\    $$$ |$$  __$$\                                   $$ |      \__|
$ /   $$ |$$$$\  $$$$ |$$ |  $$ | $$$$$$$\  $$$$$$\  $$$$$$\$$$$\  $$$$$$$\  $$\ 
$$$$$$$$ |$$\$$\$$ $$ |$$$$$$$  |$$  _____|$$  __$$\ $$  _$$  _$$\ $$  __$$\ $$ |
$$  __$$ |$$ \$$$  $$ |$$  ____/ $$ /      $$ /  $$ |$$ / $$ / $$ |$$ |  $$ |$$ |
$$ |  $$ |$$ |\$  /$$ |$$ |      $$ |      $$ |  $$ |$$ | $$ | $$ |$$ |  $$ |$$ |
$$ |  $$ |$$ | \_/ $$ |$$ |      \$$$$$$$\ \$$$$$$  |$$ | $$ | $$ |$$$$$$$  |$$ |
\__|  \__|\__|     \__|\__|       \_______| \______/ \__| \__| \__|\_______/ \__|

<--AMP_database> = /work3/josne/github/bacass/assets/databases/amp_DRAMP_database is found and will be used
MMseqs2 directory already exists in /work3/josne/github/bacass/assets/databases/amp_DRAMP_database.

 ########################################################## 
Processing AMP-files from sample: S2043
found macrel file
found ampir file
found amplify file
No InterproScan files were provided. Workflow continuing ....
The fasta containing AMP sequences for S2043 was saved to S2043/ 

The mmseqs alignment for S2043 in progress ....
No AMP hits for S2043 were successfully aligned to the reference database. Consider changing the database.
The mmseqs alignment for S2043 was saved to S2043/.
Estimating functional and structural properties for S2043 ....
Parsing the corresponding gene bank file for S2043 ....
writing S2043_contig_1.gbk
writing S2043_contig_1.gbk
writing S2043_contig_1.gbk
writing S2043_contig_1.gbk
writing S2043_contig_1.gbk
writing S2043_contig_1.gbk
writing S2043_contig_2.gbk
writing S2043_contig_2.gbk
writing S2043_contig_4.gbk
writing S2043_contig_5.gbk
writing S2043_contig_5.gbk
writing S2043_contig_5.gbk
writing S2043_contig_5.gbk
writing S2043_contig_5.gbk
writing S2043_contig_5.gbk
writing S2043_contig_9.gbk
writing S2043_contig_10.gbk
writing S2043_contig_12.gbk
writing S2043_contig_14.gbk
writing S2043_contig_14.gbk
writing S2043_contig_21.gbk
The summary file for S2043 was saved to S2043/S2043.tsv.
Success: 'ampcombi parse_tables' completed successfully ! Now run ampcombi complete !

=== Sample 104/301: S2052 ===

 $$$$$$\  $$\      $$\ $$$$$$$\                                    $$\       $$\|
$$  __$$\ $$$\    $$$ |$$  __$$\                                   $$ |      \__|
$ /   $$ |$$$$\  $$$$ |$$ |  $$ | $$$$$$$\  $$$$$$\  $$$$$$\$$$$\  $$$$$$$\  $$\ 
$$$$$$$$ |$$\$$\$$ $$ |$$$$$$$  |$$  _____|$$  __$$\ $$  _$$  _$$\ $$  __$$\ $$ |
$$  __$$ |$$ \$$$  $$ |$$  ____/ $$ /      $$ /  $$ |$$ / $$ / $$ |$$ |  $$ |$$ |
$$ |  $$ |$$ |\$  /$$ |$$ |      $$ |      $$ |  $$ |$$ | $$ | $$ |$$ |  $$ |$$ |
$$ |  $$ |$$ | \_/ $$ |$$ |      \$$$$$$$\ \$$$$$$  |$$ | $$ | $$ |$$$$$$$  |$$ |
\__|  \__|\__|     \__|\__|       \_______| \______/ \__| \__| \__|\_______/ \__|

<--AMP_database> = /work3/josne/github/bacass/assets/databases/amp_DRAMP_database is found and will be used
MMseqs2 directory already exists in /work3/josne/github/bacass/assets/databases/amp_DRAMP_database.

 ########################################################## 
Processing AMP-files from sample: S2052
found macrel file
found ampir file
found amplify file
No InterproScan files were provided. Workflow continuing ....
The fasta containing AMP sequences for S2052 was saved to S2052/ 

The mmseqs alignment for S2052 in progress ....
No AMP hits for S2052 were successfully aligned to the reference database. Consider changing the database.
The mmseqs alignment for S2052 was saved to S2052/.
Estimating functional and structural properties for S2052 ....
Parsing the corresponding gene bank file for S2052 ....
writing S2052_contig_1.gbk
writing S2052_contig_1.gbk
writing S2052_contig_1.gbk
writing S2052_contig_1.gbk
writing S2052_contig_1.gbk
writing S2052_contig_1.gbk
writing S2052_contig_2.gbk
writing S2052_contig_2.gbk
writing S2052_contig_4.gbk
writing S2052_contig_5.gbk
writing S2052_contig_5.gbk
writing S2052_contig_5.gbk
writing S2052_contig_5.gbk
writing S2052_contig_5.gbk
writing S2052_contig_5.gbk
writing S2052_contig_9.gbk
writing S2052_contig_10.gbk
writing S2052_contig_12.gbk
writing S2052_contig_14.gbk
writing S2052_contig_14.gbk
writing S2052_contig_21.gbk
The summary file for S2052 was saved to S2052/S2052.tsv.
Success: 'ampcombi parse_tables' completed successfully ! Now run ampcombi complete !

=== Sample 105/301: S2054 ===

 $$$$$$\  $$\      $$\ $$$$$$$\                                    $$\       $$\|
$$  __$$\ $$$\    $$$ |$$  __$$\                                   $$ |      \__|
$ /   $$ |$$$$\  $$$$ |$$ |  $$ | $$$$$$$\  $$$$$$\  $$$$$$\$$$$\  $$$$$$$\  $$\ 
$$$$$$$$ |$$\$$\$$ $$ |$$$$$$$  |$$  _____|$$  __$$\ $$  _$$  _$$\ $$  __$$\ $$ |
$$  __$$ |$$ \$$$  $$ |$$  ____/ $$ /      $$ /  $$ |$$ / $$ / $$ |$$ |  $$ |$$ |
$$ |  $$ |$$ |\$  /$$ |$$ |      $$ |      $$ |  $$ |$$ | $$ | $$ |$$ |  $$ |$$ |
$$ |  $$ |$$ | \_/ $$ |$$ |      \$$$$$$$\ \$$$$$$  |$$ | $$ | $$ |$$$$$$$  |$$ |
\__|  \__|\__|     \__|\__|       \_______| \______/ \__| \__| \__|\_______/ \__|

<--AMP_database> = /work3/josne/github/bacass/assets/databases/amp_DRAMP_database is found and will be used
MMseqs2 directory already exists in /work3/josne/github/bacass/assets/databases/amp_DRAMP_database.

 ########################################################## 
Processing AMP-files from sample: S2054
found macrel file
found ampir file
found amplify file
No InterproScan files were provided. Workflow continuing ....
The fasta containing AMP sequences for S2054 was saved to S2054/ 

The mmseqs alignment for S2054 in progress ....
No AMP hits for S2054 were successfully aligned to the reference database. Consider changing the database.
The mmseqs alignment for S2054 was saved to S2054/.
Estimating functional and structural properties for S2054 ....
Parsing the corresponding gene bank file for S2054 ....
writing S2054_contig_1.gbk
writing S2054_contig_1.gbk
writing S2054_contig_1.gbk
writing S2054_contig_1.gbk
writing S2054_contig_1.gbk
writing S2054_contig_1.gbk
writing S2054_contig_2.gbk
writing S2054_contig_2.gbk
writing S2054_contig_4.gbk
writing S2054_contig_5.gbk
writing S2054_contig_5.gbk
writing S2054_contig_5.gbk
writing S2054_contig_5.gbk
writing S2054_contig_5.gbk
writing S2054_contig_5.gbk
writing S2054_contig_6.gbk
writing S2054_contig_9.gbk
writing S2054_contig_10.gbk
writing S2054_contig_12.gbk
writing S2054_contig_15.gbk
writing S2054_contig_15.gbk
The summary file for S2054 was saved to S2054/S2054.tsv.
Success: 'ampcombi parse_tables' completed successfully ! Now run ampcombi complete !

=== Sample 106/301: S2055 ===

 $$$$$$\  $$\      $$\ $$$$$$$\                                    $$\       $$\|
$$  __$$\ $$$\    $$$ |$$  __$$\                                   $$ |      \__|
$ /   $$ |$$$$\  $$$$ |$$ |  $$ | $$$$$$$\  $$$$$$\  $$$$$$\$$$$\  $$$$$$$\  $$\ 
$$$$$$$$ |$$\$$\$$ $$ |$$$$$$$  |$$  _____|$$  __$$\ $$  _$$  _$$\ $$  __$$\ $$ |
$$  __$$ |$$ \$$$  $$ |$$  ____/ $$ /      $$ /  $$ |$$ / $$ / $$ |$$ |  $$ |$$ |
$$ |  $$ |$$ |\$  /$$ |$$ |      $$ |      $$ |  $$ |$$ | $$ | $$ |$$ |  $$ |$$ |
$$ |  $$ |$$ | \_/ $$ |$$ |      \$$$$$$$\ \$$$$$$  |$$ | $$ | $$ |$$$$$$$  |$$ |
\__|  \__|\__|     \__|\__|       \_______| \______/ \__| \__| \__|\_______/ \__|

<--AMP_database> = /work3/josne/github/bacass/assets/databases/amp_DRAMP_database is found and will be used
MMseqs2 directory already exists in /work3/josne/github/bacass/assets/databases/amp_DRAMP_database.

 ########################################################## 
Processing AMP-files from sample: S2055
found macrel file
found ampir file
found amplify file
No InterproScan files were provided. Workflow continuing ....
The fasta containing AMP sequences for S2055 was saved to S2055/ 

The mmseqs alignment for S2055 in progress ....
No AMP hits for S2055 were successfully aligned to the reference database. Consider changing the database.
The mmseqs alignment for S2055 was saved to S2055/.
Estimating functional and structural properties for S2055 ....
Parsing the corresponding gene bank file for S2055 ....
writing S2055_contig_1.gbk
writing S2055_contig_1.gbk
writing S2055_contig_1.gbk
writing S2055_contig_2.gbk
writing S2055_contig_2.gbk
writing S2055_contig_2.gbk
writing S2055_contig_2.gbk
writing S2055_contig_3.gbk
writing S2055_contig_3.gbk
writing S2055_contig_3.gbk
writing S2055_contig_4.gbk
writing S2055_contig_5.gbk
writing S2055_contig_5.gbk
writing S2055_contig_5.gbk
writing S2055_contig_6.gbk
writing S2055_contig_7.gbk
writing S2055_contig_10.gbk
writing S2055_contig_10.gbk
writing S2055_contig_11.gbk
writing S2055_contig_13.gbk
writing S2055_contig_20.gbk
The summary file for S2055 was saved to S2055/S2055.tsv.
Success: 'ampcombi parse_tables' completed successfully ! Now run ampcombi complete !

=== Sample 107/301: S2056 ===

 $$$$$$\  $$\      $$\ $$$$$$$\                                    $$\       $$\|
$$  __$$\ $$$\    $$$ |$$  __$$\                                   $$ |      \__|
$ /   $$ |$$$$\  $$$$ |$$ |  $$ | $$$$$$$\  $$$$$$\  $$$$$$\$$$$\  $$$$$$$\  $$\ 
$$$$$$$$ |$$\$$\$$ $$ |$$$$$$$  |$$  _____|$$  __$$\ $$  _$$  _$$\ $$  __$$\ $$ |
$$  __$$ |$$ \$$$  $$ |$$  ____/ $$ /      $$ /  $$ |$$ / $$ / $$ |$$ |  $$ |$$ |
$$ |  $$ |$$ |\$  /$$ |$$ |      $$ |      $$ |  $$ |$$ | $$ | $$ |$$ |  $$ |$$ |
$$ |  $$ |$$ | \_/ $$ |$$ |      \$$$$$$$\ \$$$$$$  |$$ | $$ | $$ |$$$$$$$  |$$ |
\__|  \__|\__|     \__|\__|       \_______| \______/ \__| \__| \__|\_______/ \__|

<--AMP_database> = /work3/josne/github/bacass/assets/databases/amp_DRAMP_database is found and will be used
MMseqs2 directory already exists in /work3/josne/github/bacass/assets/databases/amp_DRAMP_database.

 ########################################################## 
Processing AMP-files from sample: S2056
found macrel file
found ampir file
found amplify file
No InterproScan files were provided. Workflow continuing ....
The fasta containing AMP sequences for S2056 was saved to S2056/ 

The mmseqs alignment for S2056 in progress ....
No AMP hits for S2056 were successfully aligned to the reference database. Consider changing the database.
The mmseqs alignment for S2056 was saved to S2056/.
Estimating functional and structural properties for S2056 ....
Parsing the corresponding gene bank file for S2056 ....
writing S2056_contig_1.gbk
writing S2056_contig_1.gbk
writing S2056_contig_1.gbk
writing S2056_contig_1.gbk
writing S2056_contig_1.gbk
writing S2056_contig_1.gbk
writing S2056_contig_2.gbk
writing S2056_contig_2.gbk
writing S2056_contig_4.gbk
writing S2056_contig_5.gbk
writing S2056_contig_5.gbk
writing S2056_contig_5.gbk
writing S2056_contig_5.gbk
writing S2056_contig_5.gbk
writing S2056_contig_5.gbk
writing S2056_contig_9.gbk
writing S2056_contig_10.gbk
writing S2056_contig_12.gbk
writing S2056_contig_14.gbk
writing S2056_contig_14.gbk
writing S2056_contig_21.gbk
The summary file for S2056 was saved to S2056/S2056.tsv.
Success: 'ampcombi parse_tables' completed successfully ! Now run ampcombi complete !

=== Sample 108/301: S2059 ===

 $$$$$$\  $$\      $$\ $$$$$$$\                                    $$\       $$\|
$$  __$$\ $$$\    $$$ |$$  __$$\                                   $$ |      \__|
$ /   $$ |$$$$\  $$$$ |$$ |  $$ | $$$$$$$\  $$$$$$\  $$$$$$\$$$$\  $$$$$$$\  $$\ 
$$$$$$$$ |$$\$$\$$ $$ |$$$$$$$  |$$  _____|$$  __$$\ $$  _$$  _$$\ $$  __$$\ $$ |
$$  __$$ |$$ \$$$  $$ |$$  ____/ $$ /      $$ /  $$ |$$ / $$ / $$ |$$ |  $$ |$$ |
$$ |  $$ |$$ |\$  /$$ |$$ |      $$ |      $$ |  $$ |$$ | $$ | $$ |$$ |  $$ |$$ |
$$ |  $$ |$$ | \_/ $$ |$$ |      \$$$$$$$\ \$$$$$$  |$$ | $$ | $$ |$$$$$$$  |$$ |
\__|  \__|\__|     \__|\__|       \_______| \______/ \__| \__| \__|\_______/ \__|

<--AMP_database> = /work3/josne/github/bacass/assets/databases/amp_DRAMP_database is found and will be used
MMseqs2 directory already exists in /work3/josne/github/bacass/assets/databases/amp_DRAMP_database.

 ########################################################## 
Processing AMP-files from sample: S2059
found macrel file
found ampir file
found amplify file
No InterproScan files were provided. Workflow continuing ....
The fasta containing AMP sequences for S2059 was saved to S2059/ 

The mmseqs alignment for S2059 in progress ....
No AMP hits for S2059 were successfully aligned to the reference database. Consider changing the database.
The mmseqs alignment for S2059 was saved to S2059/.
Estimating functional and structural properties for S2059 ....
Parsing the corresponding gene bank file for S2059 ....
writing S2059_contig_1.gbk
writing S2059_contig_1.gbk
writing S2059_contig_1.gbk
writing S2059_contig_1.gbk
writing S2059_contig_1.gbk
writing S2059_contig_2.gbk
writing S2059_contig_2.gbk
writing S2059_contig_2.gbk
writing S2059_contig_2.gbk
writing S2059_contig_2.gbk
writing S2059_contig_2.gbk
writing S2059_contig_2.gbk
writing S2059_contig_3.gbk
writing S2059_contig_3.gbk
writing S2059_contig_3.gbk
writing S2059_contig_3.gbk
writing S2059_contig_3.gbk
writing S2059_contig_3.gbk
writing S2059_contig_3.gbk
writing S2059_contig_3.gbk
writing S2059_contig_4.gbk
writing S2059_contig_4.gbk
writing S2059_contig_4.gbk
writing S2059_contig_6.gbk
writing S2059_contig_6.gbk
writing S2059_contig_6.gbk
writing S2059_contig_7.gbk
writing S2059_contig_8.gbk
writing S2059_contig_8.gbk
The summary file for S2059 was saved to S2059/S2059.tsv.
Success: 'ampcombi parse_tables' completed successfully ! Now run ampcombi complete !

=== Sample 109/301: S2143 ===

 $$$$$$\  $$\      $$\ $$$$$$$\                                    $$\       $$\|
$$  __$$\ $$$\    $$$ |$$  __$$\                                   $$ |      \__|
$ /   $$ |$$$$\  $$$$ |$$ |  $$ | $$$$$$$\  $$$$$$\  $$$$$$\$$$$\  $$$$$$$\  $$\ 
$$$$$$$$ |$$\$$\$$ $$ |$$$$$$$  |$$  _____|$$  __$$\ $$  _$$  _$$\ $$  __$$\ $$ |
$$  __$$ |$$ \$$$  $$ |$$  ____/ $$ /      $$ /  $$ |$$ / $$ / $$ |$$ |  $$ |$$ |
$$ |  $$ |$$ |\$  /$$ |$$ |      $$ |      $$ |  $$ |$$ | $$ | $$ |$$ |  $$ |$$ |
$$ |  $$ |$$ | \_/ $$ |$$ |      \$$$$$$$\ \$$$$$$  |$$ | $$ | $$ |$$$$$$$  |$$ |
\__|  \__|\__|     \__|\__|       \_______| \______/ \__| \__| \__|\_______/ \__|

<--AMP_database> = /work3/josne/github/bacass/assets/databases/amp_DRAMP_database is found and will be used
MMseqs2 directory already exists in /work3/josne/github/bacass/assets/databases/amp_DRAMP_database.

 ########################################################## 
Processing AMP-files from sample: S2143
found macrel file
found ampir file
found amplify file
No InterproScan files were provided. Workflow continuing ....
The fasta containing AMP sequences for S2143 was saved to S2143/ 

The mmseqs alignment for S2143 in progress ....
No AMP hits for S2143 were successfully aligned to the reference database. Consider changing the database.
The mmseqs alignment for S2143 was saved to S2143/.
Estimating functional and structural properties for S2143 ....
Parsing the corresponding gene bank file for S2143 ....
writing S2143_contig_1.gbk
writing S2143_contig_1.gbk
writing S2143_contig_1.gbk
writing S2143_contig_1.gbk
writing S2143_contig_1.gbk
writing S2143_contig_2.gbk
writing S2143_contig_2.gbk
writing S2143_contig_2.gbk
writing S2143_contig_2.gbk
writing S2143_contig_3.gbk
writing S2143_contig_3.gbk
writing S2143_contig_3.gbk
writing S2143_contig_3.gbk
writing S2143_contig_4.gbk
writing S2143_contig_4.gbk
writing S2143_contig_4.gbk
writing S2143_contig_7.gbk
writing S2143_contig_7.gbk
writing S2143_contig_8.gbk
writing S2143_contig_8.gbk
writing S2143_contig_9.gbk
writing S2143_contig_10.gbk
writing S2143_contig_10.gbk
writing S2143_contig_15.gbk
The summary file for S2143 was saved to S2143/S2143.tsv.
Success: 'ampcombi parse_tables' completed successfully ! Now run ampcombi complete !

=== Sample 110/301: S2148 ===

 $$$$$$\  $$\      $$\ $$$$$$$\                                    $$\       $$\|
$$  __$$\ $$$\    $$$ |$$  __$$\                                   $$ |      \__|
$ /   $$ |$$$$\  $$$$ |$$ |  $$ | $$$$$$$\  $$$$$$\  $$$$$$\$$$$\  $$$$$$$\  $$\ 
$$$$$$$$ |$$\$$\$$ $$ |$$$$$$$  |$$  _____|$$  __$$\ $$  _$$  _$$\ $$  __$$\ $$ |
$$  __$$ |$$ \$$$  $$ |$$  ____/ $$ /      $$ /  $$ |$$ / $$ / $$ |$$ |  $$ |$$ |
$$ |  $$ |$$ |\$  /$$ |$$ |      $$ |      $$ |  $$ |$$ | $$ | $$ |$$ |  $$ |$$ |
$$ |  $$ |$$ | \_/ $$ |$$ |      \$$$$$$$\ \$$$$$$  |$$ | $$ | $$ |$$$$$$$  |$$ |
\__|  \__|\__|     \__|\__|       \_______| \______/ \__| \__| \__|\_______/ \__|

<--AMP_database> = /work3/josne/github/bacass/assets/databases/amp_DRAMP_database is found and will be used
MMseqs2 directory already exists in /work3/josne/github/bacass/assets/databases/amp_DRAMP_database.

 ########################################################## 
Processing AMP-files from sample: S2148
found macrel file
found ampir file
found amplify file
No InterproScan files were provided. Workflow continuing ....
The fasta containing AMP sequences for S2148 was saved to S2148/ 

The mmseqs alignment for S2148 in progress ....
No AMP hits for S2148 were successfully aligned to the reference database. Consider changing the database.
The mmseqs alignment for S2148 was saved to S2148/.
Estimating functional and structural properties for S2148 ....
Parsing the corresponding gene bank file for S2148 ....
writing S2148_contig_1.gbk
writing S2148_contig_4.gbk
writing S2148_contig_7.gbk
writing S2148_contig_8.gbk
writing S2148_contig_9.gbk
writing S2148_contig_10.gbk
writing S2148_contig_10.gbk
writing S2148_contig_11.gbk
writing S2148_contig_12.gbk
writing S2148_contig_13.gbk
writing S2148_contig_14.gbk
writing S2148_contig_14.gbk
writing S2148_contig_15.gbk
writing S2148_contig_16.gbk
writing S2148_contig_21.gbk
writing S2148_contig_24.gbk
writing S2148_contig_28.gbk
writing S2148_contig_28.gbk
writing S2148_contig_28.gbk
writing S2148_contig_28.gbk
writing S2148_contig_32.gbk
writing S2148_contig_40.gbk
writing S2148_contig_44.gbk
writing S2148_contig_48.gbk
writing S2148_contig_59.gbk
writing S2148_contig_75.gbk
The summary file for S2148 was saved to S2148/S2148.tsv.
Success: 'ampcombi parse_tables' completed successfully ! Now run ampcombi complete !

=== Sample 111/301: S2149 ===

 $$$$$$\  $$\      $$\ $$$$$$$\                                    $$\       $$\|
$$  __$$\ $$$\    $$$ |$$  __$$\                                   $$ |      \__|
$ /   $$ |$$$$\  $$$$ |$$ |  $$ | $$$$$$$\  $$$$$$\  $$$$$$\$$$$\  $$$$$$$\  $$\ 
$$$$$$$$ |$$\$$\$$ $$ |$$$$$$$  |$$  _____|$$  __$$\ $$  _$$  _$$\ $$  __$$\ $$ |
$$  __$$ |$$ \$$$  $$ |$$  ____/ $$ /      $$ /  $$ |$$ / $$ / $$ |$$ |  $$ |$$ |
$$ |  $$ |$$ |\$  /$$ |$$ |      $$ |      $$ |  $$ |$$ | $$ | $$ |$$ |  $$ |$$ |
$$ |  $$ |$$ | \_/ $$ |$$ |      \$$$$$$$\ \$$$$$$  |$$ | $$ | $$ |$$$$$$$  |$$ |
\__|  \__|\__|     \__|\__|       \_______| \______/ \__| \__| \__|\_______/ \__|

<--AMP_database> = /work3/josne/github/bacass/assets/databases/amp_DRAMP_database is found and will be used
MMseqs2 directory already exists in /work3/josne/github/bacass/assets/databases/amp_DRAMP_database.

 ########################################################## 
Processing AMP-files from sample: S2149
found macrel file
found ampir file
found amplify file
No InterproScan files were provided. Workflow continuing ....
The fasta containing AMP sequences for S2149 was saved to S2149/ 

The mmseqs alignment for S2149 in progress ....
No AMP hits for S2149 were successfully aligned to the reference database. Consider changing the database.
The mmseqs alignment for S2149 was saved to S2149/.
Estimating functional and structural properties for S2149 ....
Parsing the corresponding gene bank file for S2149 ....
writing S2149_contig_2.gbk
writing S2149_contig_2.gbk
writing S2149_contig_3.gbk
writing S2149_contig_4.gbk
writing S2149_contig_4.gbk
writing S2149_contig_4.gbk
writing S2149_contig_4.gbk
writing S2149_contig_6.gbk
writing S2149_contig_6.gbk
writing S2149_contig_10.gbk
writing S2149_contig_10.gbk
writing S2149_contig_11.gbk
writing S2149_contig_12.gbk
writing S2149_contig_12.gbk
writing S2149_contig_14.gbk
writing S2149_contig_15.gbk
writing S2149_contig_16.gbk
writing S2149_contig_19.gbk
writing S2149_contig_19.gbk
writing S2149_contig_20.gbk
writing S2149_contig_32.gbk
writing S2149_contig_39.gbk
writing S2149_contig_40.gbk
writing S2149_contig_45.gbk
writing S2149_contig_46.gbk
writing S2149_contig_50.gbk
writing S2149_contig_52.gbk
writing S2149_contig_59.gbk
writing S2149_contig_65.gbk
The summary file for S2149 was saved to S2149/S2149.tsv.
Success: 'ampcombi parse_tables' completed successfully ! Now run ampcombi complete !

=== Sample 112/301: S2150 ===

 $$$$$$\  $$\      $$\ $$$$$$$\                                    $$\       $$\|
$$  __$$\ $$$\    $$$ |$$  __$$\                                   $$ |      \__|
$ /   $$ |$$$$\  $$$$ |$$ |  $$ | $$$$$$$\  $$$$$$\  $$$$$$\$$$$\  $$$$$$$\  $$\ 
$$$$$$$$ |$$\$$\$$ $$ |$$$$$$$  |$$  _____|$$  __$$\ $$  _$$  _$$\ $$  __$$\ $$ |
$$  __$$ |$$ \$$$  $$ |$$  ____/ $$ /      $$ /  $$ |$$ / $$ / $$ |$$ |  $$ |$$ |
$$ |  $$ |$$ |\$  /$$ |$$ |      $$ |      $$ |  $$ |$$ | $$ | $$ |$$ |  $$ |$$ |
$$ |  $$ |$$ | \_/ $$ |$$ |      \$$$$$$$\ \$$$$$$  |$$ | $$ | $$ |$$$$$$$  |$$ |
\__|  \__|\__|     \__|\__|       \_______| \______/ \__| \__| \__|\_______/ \__|

<--AMP_database> = /work3/josne/github/bacass/assets/databases/amp_DRAMP_database is found and will be used
MMseqs2 directory already exists in /work3/josne/github/bacass/assets/databases/amp_DRAMP_database.

 ########################################################## 
Processing AMP-files from sample: S2150
found macrel file
found ampir file
found amplify file
No InterproScan files were provided. Workflow continuing ....
The fasta containing AMP sequences for S2150 was saved to S2150/ 

The mmseqs alignment for S2150 in progress ....
No AMP hits for S2150 were successfully aligned to the reference database. Consider changing the database.
The mmseqs alignment for S2150 was saved to S2150/.
Estimating functional and structural properties for S2150 ....
Parsing the corresponding gene bank file for S2150 ....
writing S2150_contig_1.gbk
writing S2150_contig_1.gbk
writing S2150_contig_1.gbk
writing S2150_contig_1.gbk
writing S2150_contig_1.gbk
writing S2150_contig_1.gbk
writing S2150_contig_2.gbk
writing S2150_contig_2.gbk
writing S2150_contig_3.gbk
writing S2150_contig_3.gbk
writing S2150_contig_4.gbk
writing S2150_contig_4.gbk
writing S2150_contig_4.gbk
writing S2150_contig_5.gbk
writing S2150_contig_7.gbk
writing S2150_contig_7.gbk
writing S2150_contig_9.gbk
writing S2150_contig_10.gbk
writing S2150_contig_11.gbk
writing S2150_contig_12.gbk
writing S2150_contig_13.gbk
writing S2150_contig_13.gbk
writing S2150_contig_15.gbk
writing S2150_contig_16.gbk
writing S2150_contig_20.gbk
writing S2150_contig_24.gbk
writing S2150_contig_27.gbk
writing S2150_contig_36.gbk
writing S2150_contig_37.gbk
The summary file for S2150 was saved to S2150/S2150.tsv.
Success: 'ampcombi parse_tables' completed successfully ! Now run ampcombi complete !

=== Sample 113/301: S2155 ===

 $$$$$$\  $$\      $$\ $$$$$$$\                                    $$\       $$\|
$$  __$$\ $$$\    $$$ |$$  __$$\                                   $$ |      \__|
$ /   $$ |$$$$\  $$$$ |$$ |  $$ | $$$$$$$\  $$$$$$\  $$$$$$\$$$$\  $$$$$$$\  $$\ 
$$$$$$$$ |$$\$$\$$ $$ |$$$$$$$  |$$  _____|$$  __$$\ $$  _$$  _$$\ $$  __$$\ $$ |
$$  __$$ |$$ \$$$  $$ |$$  ____/ $$ /      $$ /  $$ |$$ / $$ / $$ |$$ |  $$ |$$ |
$$ |  $$ |$$ |\$  /$$ |$$ |      $$ |      $$ |  $$ |$$ | $$ | $$ |$$ |  $$ |$$ |
$$ |  $$ |$$ | \_/ $$ |$$ |      \$$$$$$$\ \$$$$$$  |$$ | $$ | $$ |$$$$$$$  |$$ |
\__|  \__|\__|     \__|\__|       \_______| \______/ \__| \__| \__|\_______/ \__|

<--AMP_database> = /work3/josne/github/bacass/assets/databases/amp_DRAMP_database is found and will be used
MMseqs2 directory already exists in /work3/josne/github/bacass/assets/databases/amp_DRAMP_database.

 ########################################################## 
Processing AMP-files from sample: S2155
found macrel file
found ampir file
found amplify file
No InterproScan files were provided. Workflow continuing ....
The fasta containing AMP sequences for S2155 was saved to S2155/ 

The mmseqs alignment for S2155 in progress ....
No AMP hits for S2155 were successfully aligned to the reference database. Consider changing the database.
The mmseqs alignment for S2155 was saved to S2155/.
Estimating functional and structural properties for S2155 ....
Parsing the corresponding gene bank file for S2155 ....
writing S2155_contig_1.gbk
writing S2155_contig_1.gbk
writing S2155_contig_2.gbk
writing S2155_contig_2.gbk
writing S2155_contig_2.gbk
writing S2155_contig_5.gbk
writing S2155_contig_7.gbk
writing S2155_contig_10.gbk
writing S2155_contig_13.gbk
writing S2155_contig_14.gbk
writing S2155_contig_16.gbk
writing S2155_contig_17.gbk
writing S2155_contig_17.gbk
writing S2155_contig_18.gbk
writing S2155_contig_19.gbk
writing S2155_contig_21.gbk
writing S2155_contig_23.gbk
writing S2155_contig_23.gbk
writing S2155_contig_30.gbk
writing S2155_contig_37.gbk
writing S2155_contig_38.gbk
writing S2155_contig_40.gbk
writing S2155_contig_45.gbk
writing S2155_contig_45.gbk
writing S2155_contig_50.gbk
writing S2155_contig_54.gbk
writing S2155_contig_63.gbk
writing S2155_contig_68.gbk
The summary file for S2155 was saved to S2155/S2155.tsv.
Success: 'ampcombi parse_tables' completed successfully ! Now run ampcombi complete !

=== Sample 114/301: S2156 ===

 $$$$$$\  $$\      $$\ $$$$$$$\                                    $$\       $$\|
$$  __$$\ $$$\    $$$ |$$  __$$\                                   $$ |      \__|
$ /   $$ |$$$$\  $$$$ |$$ |  $$ | $$$$$$$\  $$$$$$\  $$$$$$\$$$$\  $$$$$$$\  $$\ 
$$$$$$$$ |$$\$$\$$ $$ |$$$$$$$  |$$  _____|$$  __$$\ $$  _$$  _$$\ $$  __$$\ $$ |
$$  __$$ |$$ \$$$  $$ |$$  ____/ $$ /      $$ /  $$ |$$ / $$ / $$ |$$ |  $$ |$$ |
$$ |  $$ |$$ |\$  /$$ |$$ |      $$ |      $$ |  $$ |$$ | $$ | $$ |$$ |  $$ |$$ |
$$ |  $$ |$$ | \_/ $$ |$$ |      \$$$$$$$\ \$$$$$$  |$$ | $$ | $$ |$$$$$$$  |$$ |
\__|  \__|\__|     \__|\__|       \_______| \______/ \__| \__| \__|\_______/ \__|

<--AMP_database> = /work3/josne/github/bacass/assets/databases/amp_DRAMP_database is found and will be used
MMseqs2 directory already exists in /work3/josne/github/bacass/assets/databases/amp_DRAMP_database.

 ########################################################## 
Processing AMP-files from sample: S2156
found macrel file
found ampir file
found amplify file
No InterproScan files were provided. Workflow continuing ....
The fasta containing AMP sequences for S2156 was saved to S2156/ 

The mmseqs alignment for S2156 in progress ....
No AMP hits for S2156 were successfully aligned to the reference database. Consider changing the database.
The mmseqs alignment for S2156 was saved to S2156/.
Estimating functional and structural properties for S2156 ....
Parsing the corresponding gene bank file for S2156 ....
writing S2156_contig_1.gbk
writing S2156_contig_1.gbk
writing S2156_contig_1.gbk
writing S2156_contig_1.gbk
writing S2156_contig_1.gbk
writing S2156_contig_1.gbk
writing S2156_contig_1.gbk
writing S2156_contig_1.gbk
writing S2156_contig_1.gbk
writing S2156_contig_1.gbk
writing S2156_contig_1.gbk
writing S2156_contig_2.gbk
writing S2156_contig_2.gbk
writing S2156_contig_2.gbk
writing S2156_contig_3.gbk
writing S2156_contig_3.gbk
writing S2156_contig_3.gbk
writing S2156_contig_6.gbk
writing S2156_contig_6.gbk
writing S2156_contig_6.gbk
writing S2156_contig_7.gbk
writing S2156_contig_7.gbk
writing S2156_contig_7.gbk
writing S2156_contig_8.gbk
writing S2156_contig_8.gbk
writing S2156_contig_10.gbk
writing S2156_contig_11.gbk
writing S2156_contig_14.gbk
writing S2156_contig_18.gbk
The summary file for S2156 was saved to S2156/S2156.tsv.
Success: 'ampcombi parse_tables' completed successfully ! Now run ampcombi complete !

=== Sample 115/301: S2160 ===

 $$$$$$\  $$\      $$\ $$$$$$$\                                    $$\       $$\|
$$  __$$\ $$$\    $$$ |$$  __$$\                                   $$ |      \__|
$ /   $$ |$$$$\  $$$$ |$$ |  $$ | $$$$$$$\  $$$$$$\  $$$$$$\$$$$\  $$$$$$$\  $$\ 
$$$$$$$$ |$$\$$\$$ $$ |$$$$$$$  |$$  _____|$$  __$$\ $$  _$$  _$$\ $$  __$$\ $$ |
$$  __$$ |$$ \$$$  $$ |$$  ____/ $$ /      $$ /  $$ |$$ / $$ / $$ |$$ |  $$ |$$ |
$$ |  $$ |$$ |\$  /$$ |$$ |      $$ |      $$ |  $$ |$$ | $$ | $$ |$$ |  $$ |$$ |
$$ |  $$ |$$ | \_/ $$ |$$ |      \$$$$$$$\ \$$$$$$  |$$ | $$ | $$ |$$$$$$$  |$$ |
\__|  \__|\__|     \__|\__|       \_______| \______/ \__| \__| \__|\_______/ \__|

<--AMP_database> = /work3/josne/github/bacass/assets/databases/amp_DRAMP_database is found and will be used
MMseqs2 directory already exists in /work3/josne/github/bacass/assets/databases/amp_DRAMP_database.

 ########################################################## 
Processing AMP-files from sample: S2160
found macrel file
found ampir file
found amplify file
No InterproScan files were provided. Workflow continuing ....
The fasta containing AMP sequences for S2160 was saved to S2160/ 

The mmseqs alignment for S2160 in progress ....
No AMP hits for S2160 were successfully aligned to the reference database. Consider changing the database.
The mmseqs alignment for S2160 was saved to S2160/.
Estimating functional and structural properties for S2160 ....
Parsing the corresponding gene bank file for S2160 ....
writing S2160_contig_1.gbk
writing S2160_contig_1.gbk
writing S2160_contig_1.gbk
writing S2160_contig_1.gbk
writing S2160_contig_1.gbk
writing S2160_contig_1.gbk
writing S2160_contig_1.gbk
writing S2160_contig_2.gbk
writing S2160_contig_2.gbk
writing S2160_contig_2.gbk
writing S2160_contig_2.gbk
writing S2160_contig_2.gbk
writing S2160_contig_2.gbk
writing S2160_contig_3.gbk
writing S2160_contig_3.gbk
writing S2160_contig_6.gbk
writing S2160_contig_8.gbk
writing S2160_contig_8.gbk
writing S2160_contig_9.gbk
writing S2160_contig_9.gbk
writing S2160_contig_10.gbk
writing S2160_contig_10.gbk
writing S2160_contig_10.gbk
writing S2160_contig_11.gbk
writing S2160_contig_12.gbk
writing S2160_contig_12.gbk
writing S2160_contig_12.gbk
writing S2160_contig_16.gbk
The summary file for S2160 was saved to S2160/S2160.tsv.
Success: 'ampcombi parse_tables' completed successfully ! Now run ampcombi complete !

=== Sample 116/301: S2222 ===

 $$$$$$\  $$\      $$\ $$$$$$$\                                    $$\       $$\|
$$  __$$\ $$$\    $$$ |$$  __$$\                                   $$ |      \__|
$ /   $$ |$$$$\  $$$$ |$$ |  $$ | $$$$$$$\  $$$$$$\  $$$$$$\$$$$\  $$$$$$$\  $$\ 
$$$$$$$$ |$$\$$\$$ $$ |$$$$$$$  |$$  _____|$$  __$$\ $$  _$$  _$$\ $$  __$$\ $$ |
$$  __$$ |$$ \$$$  $$ |$$  ____/ $$ /      $$ /  $$ |$$ / $$ / $$ |$$ |  $$ |$$ |
$$ |  $$ |$$ |\$  /$$ |$$ |      $$ |      $$ |  $$ |$$ | $$ | $$ |$$ |  $$ |$$ |
$$ |  $$ |$$ | \_/ $$ |$$ |      \$$$$$$$\ \$$$$$$  |$$ | $$ | $$ |$$$$$$$  |$$ |
\__|  \__|\__|     \__|\__|       \_______| \______/ \__| \__| \__|\_______/ \__|

<--AMP_database> = /work3/josne/github/bacass/assets/databases/amp_DRAMP_database is found and will be used
MMseqs2 directory already exists in /work3/josne/github/bacass/assets/databases/amp_DRAMP_database.

 ########################################################## 
Processing AMP-files from sample: S2222
found macrel file
found ampir file
found amplify file
No InterproScan files were provided. Workflow continuing ....
The fasta containing AMP sequences for S2222 was saved to S2222/ 

The mmseqs alignment for S2222 in progress ....
No AMP hits for S2222 were successfully aligned to the reference database. Consider changing the database.
The mmseqs alignment for S2222 was saved to S2222/.
Estimating functional and structural properties for S2222 ....
Parsing the corresponding gene bank file for S2222 ....
writing S2222_contig_1.gbk
writing S2222_contig_1.gbk
writing S2222_contig_1.gbk
writing S2222_contig_1.gbk
writing S2222_contig_1.gbk
writing S2222_contig_2.gbk
writing S2222_contig_2.gbk
writing S2222_contig_2.gbk
writing S2222_contig_2.gbk
writing S2222_contig_3.gbk
writing S2222_contig_3.gbk
writing S2222_contig_3.gbk
writing S2222_contig_3.gbk
writing S2222_contig_3.gbk
writing S2222_contig_5.gbk
writing S2222_contig_8.gbk
writing S2222_contig_8.gbk
writing S2222_contig_9.gbk
writing S2222_contig_9.gbk
writing S2222_contig_10.gbk
writing S2222_contig_10.gbk
writing S2222_contig_11.gbk
writing S2222_contig_13.gbk
writing S2222_contig_14.gbk
writing S2222_contig_15.gbk
writing S2222_contig_20.gbk
writing S2222_contig_22.gbk
The summary file for S2222 was saved to S2222/S2222.tsv.
Success: 'ampcombi parse_tables' completed successfully ! Now run ampcombi complete !

=== Sample 117/301: S2226 ===

 $$$$$$\  $$\      $$\ $$$$$$$\                                    $$\       $$\|
$$  __$$\ $$$\    $$$ |$$  __$$\                                   $$ |      \__|
$ /   $$ |$$$$\  $$$$ |$$ |  $$ | $$$$$$$\  $$$$$$\  $$$$$$\$$$$\  $$$$$$$\  $$\ 
$$$$$$$$ |$$\$$\$$ $$ |$$$$$$$  |$$  _____|$$  __$$\ $$  _$$  _$$\ $$  __$$\ $$ |
$$  __$$ |$$ \$$$  $$ |$$  ____/ $$ /      $$ /  $$ |$$ / $$ / $$ |$$ |  $$ |$$ |
$$ |  $$ |$$ |\$  /$$ |$$ |      $$ |      $$ |  $$ |$$ | $$ | $$ |$$ |  $$ |$$ |
$$ |  $$ |$$ | \_/ $$ |$$ |      \$$$$$$$\ \$$$$$$  |$$ | $$ | $$ |$$$$$$$  |$$ |
\__|  \__|\__|     \__|\__|       \_______| \______/ \__| \__| \__|\_______/ \__|

<--AMP_database> = /work3/josne/github/bacass/assets/databases/amp_DRAMP_database is found and will be used
MMseqs2 directory already exists in /work3/josne/github/bacass/assets/databases/amp_DRAMP_database.

 ########################################################## 
Processing AMP-files from sample: S2226
found macrel file
found ampir file
found amplify file
No InterproScan files were provided. Workflow continuing ....
The fasta containing AMP sequences for S2226 was saved to S2226/ 

The mmseqs alignment for S2226 in progress ....
The mmseqs alignment for S2226 was saved to S2226/.
Estimating functional and structural properties for S2226 ....
Parsing the corresponding gene bank file for S2226 ....
writing S2226_contig_1.gbk
writing S2226_contig_1.gbk
writing S2226_contig_1.gbk
writing S2226_contig_1.gbk
writing S2226_contig_1.gbk
writing S2226_contig_1.gbk
writing S2226_contig_1.gbk
writing S2226_contig_1.gbk
writing S2226_contig_2.gbk
writing S2226_contig_2.gbk
writing S2226_contig_3.gbk
writing S2226_contig_3.gbk
writing S2226_contig_3.gbk
writing S2226_contig_3.gbk
writing S2226_contig_3.gbk
writing S2226_contig_4.gbk
writing S2226_contig_5.gbk
writing S2226_contig_5.gbk
writing S2226_contig_5.gbk
writing S2226_contig_6.gbk
writing S2226_contig_6.gbk
writing S2226_contig_10.gbk
writing S2226_contig_20.gbk
The summary file for S2226 was saved to S2226/S2226.tsv.
Success: 'ampcombi parse_tables' completed successfully ! Now run ampcombi complete !

=== Sample 118/301: S2227 ===

 $$$$$$\  $$\      $$\ $$$$$$$\                                    $$\       $$\|
$$  __$$\ $$$\    $$$ |$$  __$$\                                   $$ |      \__|
$ /   $$ |$$$$\  $$$$ |$$ |  $$ | $$$$$$$\  $$$$$$\  $$$$$$\$$$$\  $$$$$$$\  $$\ 
$$$$$$$$ |$$\$$\$$ $$ |$$$$$$$  |$$  _____|$$  __$$\ $$  _$$  _$$\ $$  __$$\ $$ |
$$  __$$ |$$ \$$$  $$ |$$  ____/ $$ /      $$ /  $$ |$$ / $$ / $$ |$$ |  $$ |$$ |
$$ |  $$ |$$ |\$  /$$ |$$ |      $$ |      $$ |  $$ |$$ | $$ | $$ |$$ |  $$ |$$ |
$$ |  $$ |$$ | \_/ $$ |$$ |      \$$$$$$$\ \$$$$$$  |$$ | $$ | $$ |$$$$$$$  |$$ |
\__|  \__|\__|     \__|\__|       \_______| \______/ \__| \__| \__|\_______/ \__|

<--AMP_database> = /work3/josne/github/bacass/assets/databases/amp_DRAMP_database is found and will be used
MMseqs2 directory already exists in /work3/josne/github/bacass/assets/databases/amp_DRAMP_database.

 ########################################################## 
Processing AMP-files from sample: S2227
found macrel file
found ampir file
found amplify file
No InterproScan files were provided. Workflow continuing ....
The fasta containing AMP sequences for S2227 was saved to S2227/ 

The mmseqs alignment for S2227 in progress ....
No AMP hits for S2227 were successfully aligned to the reference database. Consider changing the database.
The mmseqs alignment for S2227 was saved to S2227/.
Estimating functional and structural properties for S2227 ....
Parsing the corresponding gene bank file for S2227 ....
writing S2227_contig_1.gbk
writing S2227_contig_1.gbk
writing S2227_contig_2.gbk
writing S2227_contig_2.gbk
writing S2227_contig_2.gbk
writing S2227_contig_2.gbk
writing S2227_contig_2.gbk
writing S2227_contig_2.gbk
writing S2227_contig_2.gbk
writing S2227_contig_3.gbk
writing S2227_contig_3.gbk
writing S2227_contig_4.gbk
writing S2227_contig_4.gbk
writing S2227_contig_4.gbk
writing S2227_contig_4.gbk
writing S2227_contig_5.gbk
writing S2227_contig_5.gbk
writing S2227_contig_5.gbk
writing S2227_contig_5.gbk
writing S2227_contig_6.gbk
writing S2227_contig_8.gbk
writing S2227_contig_9.gbk
writing S2227_contig_10.gbk
writing S2227_contig_10.gbk
writing S2227_contig_11.gbk
writing S2227_contig_11.gbk
writing S2227_contig_15.gbk
The summary file for S2227 was saved to S2227/S2227.tsv.
Success: 'ampcombi parse_tables' completed successfully ! Now run ampcombi complete !

=== Sample 119/301: S2228 ===

 $$$$$$\  $$\      $$\ $$$$$$$\                                    $$\       $$\|
$$  __$$\ $$$\    $$$ |$$  __$$\                                   $$ |      \__|
$ /   $$ |$$$$\  $$$$ |$$ |  $$ | $$$$$$$\  $$$$$$\  $$$$$$\$$$$\  $$$$$$$\  $$\ 
$$$$$$$$ |$$\$$\$$ $$ |$$$$$$$  |$$  _____|$$  __$$\ $$  _$$  _$$\ $$  __$$\ $$ |
$$  __$$ |$$ \$$$  $$ |$$  ____/ $$ /      $$ /  $$ |$$ / $$ / $$ |$$ |  $$ |$$ |
$$ |  $$ |$$ |\$  /$$ |$$ |      $$ |      $$ |  $$ |$$ | $$ | $$ |$$ |  $$ |$$ |
$$ |  $$ |$$ | \_/ $$ |$$ |      \$$$$$$$\ \$$$$$$  |$$ | $$ | $$ |$$$$$$$  |$$ |
\__|  \__|\__|     \__|\__|       \_______| \______/ \__| \__| \__|\_______/ \__|

<--AMP_database> = /work3/josne/github/bacass/assets/databases/amp_DRAMP_database is found and will be used
MMseqs2 directory already exists in /work3/josne/github/bacass/assets/databases/amp_DRAMP_database.

 ########################################################## 
Processing AMP-files from sample: S2228
found macrel file
found ampir file
found amplify file
No InterproScan files were provided. Workflow continuing ....
The fasta containing AMP sequences for S2228 was saved to S2228/ 

The mmseqs alignment for S2228 in progress ....
No AMP hits for S2228 were successfully aligned to the reference database. Consider changing the database.
The mmseqs alignment for S2228 was saved to S2228/.
Estimating functional and structural properties for S2228 ....
Parsing the corresponding gene bank file for S2228 ....
writing S2228_contig_1.gbk
writing S2228_contig_1.gbk
writing S2228_contig_1.gbk
writing S2228_contig_1.gbk
writing S2228_contig_1.gbk
writing S2228_contig_1.gbk
writing S2228_contig_1.gbk
writing S2228_contig_1.gbk
writing S2228_contig_2.gbk
writing S2228_contig_2.gbk
writing S2228_contig_2.gbk
writing S2228_contig_2.gbk
writing S2228_contig_2.gbk
writing S2228_contig_2.gbk
writing S2228_contig_2.gbk
writing S2228_contig_2.gbk
writing S2228_contig_3.gbk
writing S2228_contig_3.gbk
writing S2228_contig_4.gbk
writing S2228_contig_4.gbk
writing S2228_contig_4.gbk
writing S2228_contig_4.gbk
writing S2228_contig_4.gbk
writing S2228_contig_4.gbk
writing S2228_contig_4.gbk
writing S2228_contig_4.gbk
writing S2228_contig_6.gbk
writing S2228_contig_6.gbk
writing S2228_contig_8.gbk
The summary file for S2228 was saved to S2228/S2228.tsv.
Success: 'ampcombi parse_tables' completed successfully ! Now run ampcombi complete !

=== Sample 120/301: S2229 ===

 $$$$$$\  $$\      $$\ $$$$$$$\                                    $$\       $$\|
$$  __$$\ $$$\    $$$ |$$  __$$\                                   $$ |      \__|
$ /   $$ |$$$$\  $$$$ |$$ |  $$ | $$$$$$$\  $$$$$$\  $$$$$$\$$$$\  $$$$$$$\  $$\ 
$$$$$$$$ |$$\$$\$$ $$ |$$$$$$$  |$$  _____|$$  __$$\ $$  _$$  _$$\ $$  __$$\ $$ |
$$  __$$ |$$ \$$$  $$ |$$  ____/ $$ /      $$ /  $$ |$$ / $$ / $$ |$$ |  $$ |$$ |
$$ |  $$ |$$ |\$  /$$ |$$ |      $$ |      $$ |  $$ |$$ | $$ | $$ |$$ |  $$ |$$ |
$$ |  $$ |$$ | \_/ $$ |$$ |      \$$$$$$$\ \$$$$$$  |$$ | $$ | $$ |$$$$$$$  |$$ |
\__|  \__|\__|     \__|\__|       \_______| \______/ \__| \__| \__|\_______/ \__|

<--AMP_database> = /work3/josne/github/bacass/assets/databases/amp_DRAMP_database is found and will be used
MMseqs2 directory already exists in /work3/josne/github/bacass/assets/databases/amp_DRAMP_database.

 ########################################################## 
Processing AMP-files from sample: S2229
found macrel file
found ampir file
found amplify file
No InterproScan files were provided. Workflow continuing ....
The fasta containing AMP sequences for S2229 was saved to S2229/ 

The mmseqs alignment for S2229 in progress ....
No AMP hits for S2229 were successfully aligned to the reference database. Consider changing the database.
The mmseqs alignment for S2229 was saved to S2229/.
Estimating functional and structural properties for S2229 ....
Parsing the corresponding gene bank file for S2229 ....
writing S2229_contig_1.gbk
writing S2229_contig_2.gbk
writing S2229_contig_2.gbk
writing S2229_contig_3.gbk
writing S2229_contig_3.gbk
writing S2229_contig_3.gbk
writing S2229_contig_3.gbk
writing S2229_contig_3.gbk
writing S2229_contig_4.gbk
writing S2229_contig_5.gbk
writing S2229_contig_5.gbk
writing S2229_contig_5.gbk
writing S2229_contig_7.gbk
writing S2229_contig_8.gbk
writing S2229_contig_8.gbk
writing S2229_contig_8.gbk
writing S2229_contig_8.gbk
writing S2229_contig_9.gbk
writing S2229_contig_10.gbk
writing S2229_contig_10.gbk
writing S2229_contig_11.gbk
writing S2229_contig_13.gbk
writing S2229_contig_15.gbk
writing S2229_contig_15.gbk
writing S2229_contig_16.gbk
writing S2229_contig_17.gbk
writing S2229_contig_18.gbk
writing S2229_contig_18.gbk
writing S2229_contig_18.gbk
writing S2229_contig_19.gbk
writing S2229_contig_20.gbk
writing S2229_contig_22.gbk
writing S2229_contig_28.gbk
The summary file for S2229 was saved to S2229/S2229.tsv.
Success: 'ampcombi parse_tables' completed successfully ! Now run ampcombi complete !

=== Sample 121/301: S2234 ===

 $$$$$$\  $$\      $$\ $$$$$$$\                                    $$\       $$\|
$$  __$$\ $$$\    $$$ |$$  __$$\                                   $$ |      \__|
$ /   $$ |$$$$\  $$$$ |$$ |  $$ | $$$$$$$\  $$$$$$\  $$$$$$\$$$$\  $$$$$$$\  $$\ 
$$$$$$$$ |$$\$$\$$ $$ |$$$$$$$  |$$  _____|$$  __$$\ $$  _$$  _$$\ $$  __$$\ $$ |
$$  __$$ |$$ \$$$  $$ |$$  ____/ $$ /      $$ /  $$ |$$ / $$ / $$ |$$ |  $$ |$$ |
$$ |  $$ |$$ |\$  /$$ |$$ |      $$ |      $$ |  $$ |$$ | $$ | $$ |$$ |  $$ |$$ |
$$ |  $$ |$$ | \_/ $$ |$$ |      \$$$$$$$\ \$$$$$$  |$$ | $$ | $$ |$$$$$$$  |$$ |
\__|  \__|\__|     \__|\__|       \_______| \______/ \__| \__| \__|\_______/ \__|

<--AMP_database> = /work3/josne/github/bacass/assets/databases/amp_DRAMP_database is found and will be used
MMseqs2 directory already exists in /work3/josne/github/bacass/assets/databases/amp_DRAMP_database.

 ########################################################## 
Processing AMP-files from sample: S2234
found macrel file
found ampir file
found amplify file
No InterproScan files were provided. Workflow continuing ....
The fasta containing AMP sequences for S2234 was saved to S2234/ 

The mmseqs alignment for S2234 in progress ....
No AMP hits for S2234 were successfully aligned to the reference database. Consider changing the database.
The mmseqs alignment for S2234 was saved to S2234/.
Estimating functional and structural properties for S2234 ....
Parsing the corresponding gene bank file for S2234 ....
writing S2234_contig_1.gbk
writing S2234_contig_1.gbk
writing S2234_contig_1.gbk
writing S2234_contig_2.gbk
writing S2234_contig_3.gbk
writing S2234_contig_4.gbk
writing S2234_contig_4.gbk
writing S2234_contig_4.gbk
writing S2234_contig_8.gbk
writing S2234_contig_9.gbk
writing S2234_contig_10.gbk
writing S2234_contig_12.gbk
writing S2234_contig_13.gbk
writing S2234_contig_15.gbk
writing S2234_contig_18.gbk
writing S2234_contig_19.gbk
writing S2234_contig_19.gbk
writing S2234_contig_19.gbk
writing S2234_contig_19.gbk
writing S2234_contig_21.gbk
writing S2234_contig_22.gbk
writing S2234_contig_25.gbk
writing S2234_contig_26.gbk
writing S2234_contig_30.gbk
writing S2234_contig_34.gbk
writing S2234_contig_34.gbk
writing S2234_contig_39.gbk
writing S2234_contig_40.gbk
writing S2234_contig_42.gbk
The summary file for S2234 was saved to S2234/S2234.tsv.
Success: 'ampcombi parse_tables' completed successfully ! Now run ampcombi complete !

=== Sample 122/301: S2235 ===

 $$$$$$\  $$\      $$\ $$$$$$$\                                    $$\       $$\|
$$  __$$\ $$$\    $$$ |$$  __$$\                                   $$ |      \__|
$ /   $$ |$$$$\  $$$$ |$$ |  $$ | $$$$$$$\  $$$$$$\  $$$$$$\$$$$\  $$$$$$$\  $$\ 
$$$$$$$$ |$$\$$\$$ $$ |$$$$$$$  |$$  _____|$$  __$$\ $$  _$$  _$$\ $$  __$$\ $$ |
$$  __$$ |$$ \$$$  $$ |$$  ____/ $$ /      $$ /  $$ |$$ / $$ / $$ |$$ |  $$ |$$ |
$$ |  $$ |$$ |\$  /$$ |$$ |      $$ |      $$ |  $$ |$$ | $$ | $$ |$$ |  $$ |$$ |
$$ |  $$ |$$ | \_/ $$ |$$ |      \$$$$$$$\ \$$$$$$  |$$ | $$ | $$ |$$$$$$$  |$$ |
\__|  \__|\__|     \__|\__|       \_______| \______/ \__| \__| \__|\_______/ \__|

<--AMP_database> = /work3/josne/github/bacass/assets/databases/amp_DRAMP_database is found and will be used
MMseqs2 directory already exists in /work3/josne/github/bacass/assets/databases/amp_DRAMP_database.

 ########################################################## 
Processing AMP-files from sample: S2235
found macrel file
found ampir file
found amplify file
No InterproScan files were provided. Workflow continuing ....
The fasta containing AMP sequences for S2235 was saved to S2235/ 

The mmseqs alignment for S2235 in progress ....
No AMP hits for S2235 were successfully aligned to the reference database. Consider changing the database.
The mmseqs alignment for S2235 was saved to S2235/.
Estimating functional and structural properties for S2235 ....
Parsing the corresponding gene bank file for S2235 ....
writing S2235_contig_1.gbk
writing S2235_contig_1.gbk
writing S2235_contig_2.gbk
writing S2235_contig_2.gbk
writing S2235_contig_2.gbk
writing S2235_contig_3.gbk
writing S2235_contig_3.gbk
writing S2235_contig_3.gbk
writing S2235_contig_3.gbk
writing S2235_contig_4.gbk
writing S2235_contig_4.gbk
writing S2235_contig_4.gbk
writing S2235_contig_4.gbk
writing S2235_contig_4.gbk
writing S2235_contig_4.gbk
writing S2235_contig_4.gbk
writing S2235_contig_6.gbk
writing S2235_contig_6.gbk
writing S2235_contig_6.gbk
writing S2235_contig_6.gbk
writing S2235_contig_7.gbk
writing S2235_contig_7.gbk
writing S2235_contig_8.gbk
writing S2235_contig_9.gbk
writing S2235_contig_9.gbk
writing S2235_contig_9.gbk
writing S2235_contig_10.gbk
writing S2235_contig_12.gbk
writing S2235_contig_12.gbk
writing S2235_contig_16.gbk
writing S2235_contig_19.gbk
writing S2235_contig_19.gbk
writing S2235_contig_22.gbk
writing S2235_contig_23.gbk
writing S2235_contig_24.gbk
writing S2235_contig_38.gbk
The summary file for S2235 was saved to S2235/S2235.tsv.
Success: 'ampcombi parse_tables' completed successfully ! Now run ampcombi complete !

=== Sample 123/301: S2236 ===

 $$$$$$\  $$\      $$\ $$$$$$$\                                    $$\       $$\|
$$  __$$\ $$$\    $$$ |$$  __$$\                                   $$ |      \__|
$ /   $$ |$$$$\  $$$$ |$$ |  $$ | $$$$$$$\  $$$$$$\  $$$$$$\$$$$\  $$$$$$$\  $$\ 
$$$$$$$$ |$$\$$\$$ $$ |$$$$$$$  |$$  _____|$$  __$$\ $$  _$$  _$$\ $$  __$$\ $$ |
$$  __$$ |$$ \$$$  $$ |$$  ____/ $$ /      $$ /  $$ |$$ / $$ / $$ |$$ |  $$ |$$ |
$$ |  $$ |$$ |\$  /$$ |$$ |      $$ |      $$ |  $$ |$$ | $$ | $$ |$$ |  $$ |$$ |
$$ |  $$ |$$ | \_/ $$ |$$ |      \$$$$$$$\ \$$$$$$  |$$ | $$ | $$ |$$$$$$$  |$$ |
\__|  \__|\__|     \__|\__|       \_______| \______/ \__| \__| \__|\_______/ \__|

<--AMP_database> = /work3/josne/github/bacass/assets/databases/amp_DRAMP_database is found and will be used
MMseqs2 directory already exists in /work3/josne/github/bacass/assets/databases/amp_DRAMP_database.

 ########################################################## 
Processing AMP-files from sample: S2236
found macrel file
found ampir file
found amplify file
No InterproScan files were provided. Workflow continuing ....
The fasta containing AMP sequences for S2236 was saved to S2236/ 

The mmseqs alignment for S2236 in progress ....
No AMP hits for S2236 were successfully aligned to the reference database. Consider changing the database.
The mmseqs alignment for S2236 was saved to S2236/.
Estimating functional and structural properties for S2236 ....
Parsing the corresponding gene bank file for S2236 ....
writing S2236_contig_1.gbk
writing S2236_contig_1.gbk
writing S2236_contig_1.gbk
writing S2236_contig_1.gbk
writing S2236_contig_1.gbk
writing S2236_contig_1.gbk
writing S2236_contig_2.gbk
writing S2236_contig_2.gbk
writing S2236_contig_2.gbk
writing S2236_contig_2.gbk
writing S2236_contig_2.gbk
writing S2236_contig_2.gbk
writing S2236_contig_2.gbk
writing S2236_contig_2.gbk
writing S2236_contig_2.gbk
writing S2236_contig_3.gbk
writing S2236_contig_3.gbk
writing S2236_contig_3.gbk
writing S2236_contig_3.gbk
writing S2236_contig_4.gbk
writing S2236_contig_4.gbk
writing S2236_contig_4.gbk
writing S2236_contig_4.gbk
writing S2236_contig_4.gbk
writing S2236_contig_7.gbk
writing S2236_contig_8.gbk
writing S2236_contig_10.gbk
writing S2236_contig_11.gbk
The summary file for S2236 was saved to S2236/S2236.tsv.
Success: 'ampcombi parse_tables' completed successfully ! Now run ampcombi complete !

=== Sample 124/301: S2291 ===

 $$$$$$\  $$\      $$\ $$$$$$$\                                    $$\       $$\|
$$  __$$\ $$$\    $$$ |$$  __$$\                                   $$ |      \__|
$ /   $$ |$$$$\  $$$$ |$$ |  $$ | $$$$$$$\  $$$$$$\  $$$$$$\$$$$\  $$$$$$$\  $$\ 
$$$$$$$$ |$$\$$\$$ $$ |$$$$$$$  |$$  _____|$$  __$$\ $$  _$$  _$$\ $$  __$$\ $$ |
$$  __$$ |$$ \$$$  $$ |$$  ____/ $$ /      $$ /  $$ |$$ / $$ / $$ |$$ |  $$ |$$ |
$$ |  $$ |$$ |\$  /$$ |$$ |      $$ |      $$ |  $$ |$$ | $$ | $$ |$$ |  $$ |$$ |
$$ |  $$ |$$ | \_/ $$ |$$ |      \$$$$$$$\ \$$$$$$  |$$ | $$ | $$ |$$$$$$$  |$$ |
\__|  \__|\__|     \__|\__|       \_______| \______/ \__| \__| \__|\_______/ \__|

<--AMP_database> = /work3/josne/github/bacass/assets/databases/amp_DRAMP_database is found and will be used
MMseqs2 directory already exists in /work3/josne/github/bacass/assets/databases/amp_DRAMP_database.

 ########################################################## 
Processing AMP-files from sample: S2291
found macrel file
found ampir file
found amplify file
No InterproScan files were provided. Workflow continuing ....
The fasta containing AMP sequences for S2291 was saved to S2291/ 

The mmseqs alignment for S2291 in progress ....
No AMP hits for S2291 were successfully aligned to the reference database. Consider changing the database.
The mmseqs alignment for S2291 was saved to S2291/.
Estimating functional and structural properties for S2291 ....
Parsing the corresponding gene bank file for S2291 ....
writing S2291_contig_1.gbk
writing S2291_contig_1.gbk
writing S2291_contig_1.gbk
writing S2291_contig_1.gbk
writing S2291_contig_1.gbk
writing S2291_contig_1.gbk
writing S2291_contig_1.gbk
writing S2291_contig_1.gbk
writing S2291_contig_1.gbk
writing S2291_contig_2.gbk
writing S2291_contig_2.gbk
writing S2291_contig_2.gbk
writing S2291_contig_2.gbk
writing S2291_contig_3.gbk
writing S2291_contig_3.gbk
writing S2291_contig_3.gbk
writing S2291_contig_4.gbk
writing S2291_contig_5.gbk
writing S2291_contig_5.gbk
writing S2291_contig_5.gbk
writing S2291_contig_5.gbk
writing S2291_contig_5.gbk
writing S2291_contig_7.gbk
writing S2291_contig_7.gbk
writing S2291_contig_9.gbk
writing S2291_contig_10.gbk
writing S2291_contig_11.gbk
writing S2291_contig_11.gbk
The summary file for S2291 was saved to S2291/S2291.tsv.
Success: 'ampcombi parse_tables' completed successfully ! Now run ampcombi complete !

=== Sample 125/301: S2320 ===

 $$$$$$\  $$\      $$\ $$$$$$$\                                    $$\       $$\|
$$  __$$\ $$$\    $$$ |$$  __$$\                                   $$ |      \__|
$ /   $$ |$$$$\  $$$$ |$$ |  $$ | $$$$$$$\  $$$$$$\  $$$$$$\$$$$\  $$$$$$$\  $$\ 
$$$$$$$$ |$$\$$\$$ $$ |$$$$$$$  |$$  _____|$$  __$$\ $$  _$$  _$$\ $$  __$$\ $$ |
$$  __$$ |$$ \$$$  $$ |$$  ____/ $$ /      $$ /  $$ |$$ / $$ / $$ |$$ |  $$ |$$ |
$$ |  $$ |$$ |\$  /$$ |$$ |      $$ |      $$ |  $$ |$$ | $$ | $$ |$$ |  $$ |$$ |
$$ |  $$ |$$ | \_/ $$ |$$ |      \$$$$$$$\ \$$$$$$  |$$ | $$ | $$ |$$$$$$$  |$$ |
\__|  \__|\__|     \__|\__|       \_______| \______/ \__| \__| \__|\_______/ \__|

<--AMP_database> = /work3/josne/github/bacass/assets/databases/amp_DRAMP_database is found and will be used
MMseqs2 directory already exists in /work3/josne/github/bacass/assets/databases/amp_DRAMP_database.

 ########################################################## 
Processing AMP-files from sample: S2320
found macrel file
found ampir file
found amplify file
No InterproScan files were provided. Workflow continuing ....
The fasta containing AMP sequences for S2320 was saved to S2320/ 

The mmseqs alignment for S2320 in progress ....
No AMP hits for S2320 were successfully aligned to the reference database. Consider changing the database.
The mmseqs alignment for S2320 was saved to S2320/.
Estimating functional and structural properties for S2320 ....
Parsing the corresponding gene bank file for S2320 ....
writing S2320_contig_1.gbk
writing S2320_contig_1.gbk
writing S2320_contig_1.gbk
writing S2320_contig_1.gbk
writing S2320_contig_1.gbk
writing S2320_contig_1.gbk
writing S2320_contig_2.gbk
writing S2320_contig_2.gbk
writing S2320_contig_2.gbk
writing S2320_contig_2.gbk
writing S2320_contig_3.gbk
writing S2320_contig_3.gbk
writing S2320_contig_3.gbk
writing S2320_contig_3.gbk
writing S2320_contig_4.gbk
writing S2320_contig_4.gbk
writing S2320_contig_5.gbk
writing S2320_contig_5.gbk
writing S2320_contig_6.gbk
writing S2320_contig_7.gbk
writing S2320_contig_7.gbk
writing S2320_contig_8.gbk
writing S2320_contig_11.gbk
writing S2320_contig_12.gbk
writing S2320_contig_13.gbk
writing S2320_contig_13.gbk
writing S2320_contig_15.gbk
writing S2320_contig_17.gbk
writing S2320_contig_19.gbk
writing S2320_contig_20.gbk
The summary file for S2320 was saved to S2320/S2320.tsv.
Success: 'ampcombi parse_tables' completed successfully ! Now run ampcombi complete !

=== Sample 126/301: S2321 ===

 $$$$$$\  $$\      $$\ $$$$$$$\                                    $$\       $$\|
$$  __$$\ $$$\    $$$ |$$  __$$\                                   $$ |      \__|
$ /   $$ |$$$$\  $$$$ |$$ |  $$ | $$$$$$$\  $$$$$$\  $$$$$$\$$$$\  $$$$$$$\  $$\ 
$$$$$$$$ |$$\$$\$$ $$ |$$$$$$$  |$$  _____|$$  __$$\ $$  _$$  _$$\ $$  __$$\ $$ |
$$  __$$ |$$ \$$$  $$ |$$  ____/ $$ /      $$ /  $$ |$$ / $$ / $$ |$$ |  $$ |$$ |
$$ |  $$ |$$ |\$  /$$ |$$ |      $$ |      $$ |  $$ |$$ | $$ | $$ |$$ |  $$ |$$ |
$$ |  $$ |$$ | \_/ $$ |$$ |      \$$$$$$$\ \$$$$$$  |$$ | $$ | $$ |$$$$$$$  |$$ |
\__|  \__|\__|     \__|\__|       \_______| \______/ \__| \__| \__|\_______/ \__|

<--AMP_database> = /work3/josne/github/bacass/assets/databases/amp_DRAMP_database is found and will be used
MMseqs2 directory already exists in /work3/josne/github/bacass/assets/databases/amp_DRAMP_database.

 ########################################################## 
Processing AMP-files from sample: S2321
found macrel file
found ampir file
found amplify file
No InterproScan files were provided. Workflow continuing ....
The fasta containing AMP sequences for S2321 was saved to S2321/ 

The mmseqs alignment for S2321 in progress ....
No AMP hits for S2321 were successfully aligned to the reference database. Consider changing the database.
The mmseqs alignment for S2321 was saved to S2321/.
Estimating functional and structural properties for S2321 ....
Parsing the corresponding gene bank file for S2321 ....
writing S2321_contig_1.gbk
writing S2321_contig_1.gbk
writing S2321_contig_2.gbk
writing S2321_contig_2.gbk
writing S2321_contig_2.gbk
writing S2321_contig_2.gbk
writing S2321_contig_3.gbk
writing S2321_contig_7.gbk
writing S2321_contig_7.gbk
writing S2321_contig_9.gbk
writing S2321_contig_9.gbk
writing S2321_contig_9.gbk
writing S2321_contig_10.gbk
writing S2321_contig_13.gbk
writing S2321_contig_14.gbk
writing S2321_contig_14.gbk
writing S2321_contig_15.gbk
writing S2321_contig_15.gbk
writing S2321_contig_17.gbk
writing S2321_contig_18.gbk
writing S2321_contig_19.gbk
writing S2321_contig_19.gbk
writing S2321_contig_20.gbk
writing S2321_contig_22.gbk
writing S2321_contig_22.gbk
writing S2321_contig_24.gbk
writing S2321_contig_30.gbk
writing S2321_contig_33.gbk
writing S2321_contig_34.gbk
writing S2321_contig_34.gbk
writing S2321_contig_34.gbk
writing S2321_contig_38.gbk
writing S2321_contig_42.gbk
writing S2321_contig_45.gbk
The summary file for S2321 was saved to S2321/S2321.tsv.
Success: 'ampcombi parse_tables' completed successfully ! Now run ampcombi complete !

=== Sample 127/301: S2322 ===

 $$$$$$\  $$\      $$\ $$$$$$$\                                    $$\       $$\|
$$  __$$\ $$$\    $$$ |$$  __$$\                                   $$ |      \__|
$ /   $$ |$$$$\  $$$$ |$$ |  $$ | $$$$$$$\  $$$$$$\  $$$$$$\$$$$\  $$$$$$$\  $$\ 
$$$$$$$$ |$$\$$\$$ $$ |$$$$$$$  |$$  _____|$$  __$$\ $$  _$$  _$$\ $$  __$$\ $$ |
$$  __$$ |$$ \$$$  $$ |$$  ____/ $$ /      $$ /  $$ |$$ / $$ / $$ |$$ |  $$ |$$ |
$$ |  $$ |$$ |\$  /$$ |$$ |      $$ |      $$ |  $$ |$$ | $$ | $$ |$$ |  $$ |$$ |
$$ |  $$ |$$ | \_/ $$ |$$ |      \$$$$$$$\ \$$$$$$  |$$ | $$ | $$ |$$$$$$$  |$$ |
\__|  \__|\__|     \__|\__|       \_______| \______/ \__| \__| \__|\_______/ \__|

<--AMP_database> = /work3/josne/github/bacass/assets/databases/amp_DRAMP_database is found and will be used
MMseqs2 directory already exists in /work3/josne/github/bacass/assets/databases/amp_DRAMP_database.

 ########################################################## 
Processing AMP-files from sample: S2322
found macrel file
found ampir file
found amplify file
No InterproScan files were provided. Workflow continuing ....
The fasta containing AMP sequences for S2322 was saved to S2322/ 

The mmseqs alignment for S2322 in progress ....
No AMP hits for S2322 were successfully aligned to the reference database. Consider changing the database.
The mmseqs alignment for S2322 was saved to S2322/.
Estimating functional and structural properties for S2322 ....
Parsing the corresponding gene bank file for S2322 ....
writing S2322_contig_1.gbk
writing S2322_contig_1.gbk
writing S2322_contig_1.gbk
writing S2322_contig_1.gbk
writing S2322_contig_1.gbk
writing S2322_contig_1.gbk
writing S2322_contig_2.gbk
writing S2322_contig_2.gbk
writing S2322_contig_2.gbk
writing S2322_contig_2.gbk
writing S2322_contig_3.gbk
writing S2322_contig_3.gbk
writing S2322_contig_3.gbk
writing S2322_contig_3.gbk
writing S2322_contig_4.gbk
writing S2322_contig_4.gbk
writing S2322_contig_5.gbk
writing S2322_contig_5.gbk
writing S2322_contig_6.gbk
writing S2322_contig_6.gbk
writing S2322_contig_6.gbk
writing S2322_contig_6.gbk
writing S2322_contig_7.gbk
writing S2322_contig_8.gbk
writing S2322_contig_11.gbk
writing S2322_contig_12.gbk
writing S2322_contig_13.gbk
writing S2322_contig_13.gbk
writing S2322_contig_15.gbk
writing S2322_contig_17.gbk
writing S2322_contig_19.gbk
writing S2322_contig_20.gbk
The summary file for S2322 was saved to S2322/S2322.tsv.
Success: 'ampcombi parse_tables' completed successfully ! Now run ampcombi complete !

=== Sample 128/301: S2345 ===

 $$$$$$\  $$\      $$\ $$$$$$$\                                    $$\       $$\|
$$  __$$\ $$$\    $$$ |$$  __$$\                                   $$ |      \__|
$ /   $$ |$$$$\  $$$$ |$$ |  $$ | $$$$$$$\  $$$$$$\  $$$$$$\$$$$\  $$$$$$$\  $$\ 
$$$$$$$$ |$$\$$\$$ $$ |$$$$$$$  |$$  _____|$$  __$$\ $$  _$$  _$$\ $$  __$$\ $$ |
$$  __$$ |$$ \$$$  $$ |$$  ____/ $$ /      $$ /  $$ |$$ / $$ / $$ |$$ |  $$ |$$ |
$$ |  $$ |$$ |\$  /$$ |$$ |      $$ |      $$ |  $$ |$$ | $$ | $$ |$$ |  $$ |$$ |
$$ |  $$ |$$ | \_/ $$ |$$ |      \$$$$$$$\ \$$$$$$  |$$ | $$ | $$ |$$$$$$$  |$$ |
\__|  \__|\__|     \__|\__|       \_______| \______/ \__| \__| \__|\_______/ \__|

<--AMP_database> = /work3/josne/github/bacass/assets/databases/amp_DRAMP_database is found and will be used
MMseqs2 directory already exists in /work3/josne/github/bacass/assets/databases/amp_DRAMP_database.

 ########################################################## 
Processing AMP-files from sample: S2345
found macrel file
found ampir file
found amplify file
No InterproScan files were provided. Workflow continuing ....
The fasta containing AMP sequences for S2345 was saved to S2345/ 

The mmseqs alignment for S2345 in progress ....
No AMP hits for S2345 were successfully aligned to the reference database. Consider changing the database.
The mmseqs alignment for S2345 was saved to S2345/.
Estimating functional and structural properties for S2345 ....
Parsing the corresponding gene bank file for S2345 ....
writing S2345_contig_1.gbk
writing S2345_contig_1.gbk
writing S2345_contig_1.gbk
writing S2345_contig_1.gbk
writing S2345_contig_1.gbk
writing S2345_contig_2.gbk
writing S2345_contig_2.gbk
writing S2345_contig_2.gbk
writing S2345_contig_3.gbk
writing S2345_contig_3.gbk
writing S2345_contig_3.gbk
writing S2345_contig_3.gbk
writing S2345_contig_3.gbk
writing S2345_contig_3.gbk
writing S2345_contig_4.gbk
writing S2345_contig_4.gbk
writing S2345_contig_4.gbk
writing S2345_contig_6.gbk
writing S2345_contig_8.gbk
writing S2345_contig_9.gbk
writing S2345_contig_10.gbk
writing S2345_contig_14.gbk
writing S2345_contig_20.gbk
writing S2345_contig_20.gbk
writing S2345_contig_20.gbk
The summary file for S2345 was saved to S2345/S2345.tsv.
Success: 'ampcombi parse_tables' completed successfully ! Now run ampcombi complete !

=== Sample 129/301: S2349 ===

 $$$$$$\  $$\      $$\ $$$$$$$\                                    $$\       $$\|
$$  __$$\ $$$\    $$$ |$$  __$$\                                   $$ |      \__|
$ /   $$ |$$$$\  $$$$ |$$ |  $$ | $$$$$$$\  $$$$$$\  $$$$$$\$$$$\  $$$$$$$\  $$\ 
$$$$$$$$ |$$\$$\$$ $$ |$$$$$$$  |$$  _____|$$  __$$\ $$  _$$  _$$\ $$  __$$\ $$ |
$$  __$$ |$$ \$$$  $$ |$$  ____/ $$ /      $$ /  $$ |$$ / $$ / $$ |$$ |  $$ |$$ |
$$ |  $$ |$$ |\$  /$$ |$$ |      $$ |      $$ |  $$ |$$ | $$ | $$ |$$ |  $$ |$$ |
$$ |  $$ |$$ | \_/ $$ |$$ |      \$$$$$$$\ \$$$$$$  |$$ | $$ | $$ |$$$$$$$  |$$ |
\__|  \__|\__|     \__|\__|       \_______| \______/ \__| \__| \__|\_______/ \__|

<--AMP_database> = /work3/josne/github/bacass/assets/databases/amp_DRAMP_database is found and will be used
MMseqs2 directory already exists in /work3/josne/github/bacass/assets/databases/amp_DRAMP_database.

 ########################################################## 
Processing AMP-files from sample: S2349
found macrel file
found ampir file
found amplify file
No InterproScan files were provided. Workflow continuing ....
The fasta containing AMP sequences for S2349 was saved to S2349/ 

The mmseqs alignment for S2349 in progress ....
No AMP hits for S2349 were successfully aligned to the reference database. Consider changing the database.
The mmseqs alignment for S2349 was saved to S2349/.
Estimating functional and structural properties for S2349 ....
Parsing the corresponding gene bank file for S2349 ....
writing S2349_contig_1.gbk
writing S2349_contig_1.gbk
writing S2349_contig_1.gbk
writing S2349_contig_1.gbk
writing S2349_contig_1.gbk
writing S2349_contig_1.gbk
writing S2349_contig_2.gbk
writing S2349_contig_2.gbk
writing S2349_contig_2.gbk
writing S2349_contig_2.gbk
writing S2349_contig_2.gbk
writing S2349_contig_2.gbk
writing S2349_contig_3.gbk
writing S2349_contig_5.gbk
writing S2349_contig_6.gbk
writing S2349_contig_6.gbk
writing S2349_contig_6.gbk
writing S2349_contig_6.gbk
writing S2349_contig_7.gbk
writing S2349_contig_7.gbk
writing S2349_contig_7.gbk
writing S2349_contig_11.gbk
writing S2349_contig_12.gbk
writing S2349_contig_16.gbk
The summary file for S2349 was saved to S2349/S2349.tsv.
Success: 'ampcombi parse_tables' completed successfully ! Now run ampcombi complete !

=== Sample 130/301: S2351 ===

 $$$$$$\  $$\      $$\ $$$$$$$\                                    $$\       $$\|
$$  __$$\ $$$\    $$$ |$$  __$$\                                   $$ |      \__|
$ /   $$ |$$$$\  $$$$ |$$ |  $$ | $$$$$$$\  $$$$$$\  $$$$$$\$$$$\  $$$$$$$\  $$\ 
$$$$$$$$ |$$\$$\$$ $$ |$$$$$$$  |$$  _____|$$  __$$\ $$  _$$  _$$\ $$  __$$\ $$ |
$$  __$$ |$$ \$$$  $$ |$$  ____/ $$ /      $$ /  $$ |$$ / $$ / $$ |$$ |  $$ |$$ |
$$ |  $$ |$$ |\$  /$$ |$$ |      $$ |      $$ |  $$ |$$ | $$ | $$ |$$ |  $$ |$$ |
$$ |  $$ |$$ | \_/ $$ |$$ |      \$$$$$$$\ \$$$$$$  |$$ | $$ | $$ |$$$$$$$  |$$ |
\__|  \__|\__|     \__|\__|       \_______| \______/ \__| \__| \__|\_______/ \__|

<--AMP_database> = /work3/josne/github/bacass/assets/databases/amp_DRAMP_database is found and will be used
MMseqs2 directory already exists in /work3/josne/github/bacass/assets/databases/amp_DRAMP_database.

 ########################################################## 
Processing AMP-files from sample: S2351
found macrel file
found ampir file
found amplify file
No InterproScan files were provided. Workflow continuing ....
The fasta containing AMP sequences for S2351 was saved to S2351/ 

The mmseqs alignment for S2351 in progress ....
No AMP hits for S2351 were successfully aligned to the reference database. Consider changing the database.
The mmseqs alignment for S2351 was saved to S2351/.
Estimating functional and structural properties for S2351 ....
Parsing the corresponding gene bank file for S2351 ....
writing S2351_contig_1.gbk
writing S2351_contig_4.gbk
writing S2351_contig_5.gbk
writing S2351_contig_6.gbk
writing S2351_contig_10.gbk
writing S2351_contig_12.gbk
writing S2351_contig_26.gbk
writing S2351_contig_41.gbk
writing S2351_contig_60.gbk
writing S2351_contig_74.gbk
writing S2351_contig_97.gbk
writing S2351_contig_98.gbk
writing S2351_contig_110.gbk
writing S2351_contig_118.gbk
writing S2351_contig_146.gbk
writing S2351_contig_159.gbk
writing S2351_contig_164.gbk
writing S2351_contig_215.gbk
writing S2351_contig_298.gbk
The summary file for S2351 was saved to S2351/S2351.tsv.
Success: 'ampcombi parse_tables' completed successfully ! Now run ampcombi complete !

=== Sample 131/301: S2352 ===

 $$$$$$\  $$\      $$\ $$$$$$$\                                    $$\       $$\|
$$  __$$\ $$$\    $$$ |$$  __$$\                                   $$ |      \__|
$ /   $$ |$$$$\  $$$$ |$$ |  $$ | $$$$$$$\  $$$$$$\  $$$$$$\$$$$\  $$$$$$$\  $$\ 
$$$$$$$$ |$$\$$\$$ $$ |$$$$$$$  |$$  _____|$$  __$$\ $$  _$$  _$$\ $$  __$$\ $$ |
$$  __$$ |$$ \$$$  $$ |$$  ____/ $$ /      $$ /  $$ |$$ / $$ / $$ |$$ |  $$ |$$ |
$$ |  $$ |$$ |\$  /$$ |$$ |      $$ |      $$ |  $$ |$$ | $$ | $$ |$$ |  $$ |$$ |
$$ |  $$ |$$ | \_/ $$ |$$ |      \$$$$$$$\ \$$$$$$  |$$ | $$ | $$ |$$$$$$$  |$$ |
\__|  \__|\__|     \__|\__|       \_______| \______/ \__| \__| \__|\_______/ \__|

<--AMP_database> = /work3/josne/github/bacass/assets/databases/amp_DRAMP_database is found and will be used
MMseqs2 directory already exists in /work3/josne/github/bacass/assets/databases/amp_DRAMP_database.

 ########################################################## 
Processing AMP-files from sample: S2352
found macrel file
found ampir file
found amplify file
No InterproScan files were provided. Workflow continuing ....
The fasta containing AMP sequences for S2352 was saved to S2352/ 

The mmseqs alignment for S2352 in progress ....
No AMP hits for S2352 were successfully aligned to the reference database. Consider changing the database.
The mmseqs alignment for S2352 was saved to S2352/.
Estimating functional and structural properties for S2352 ....
Parsing the corresponding gene bank file for S2352 ....
writing S2352_contig_1.gbk
writing S2352_contig_1.gbk
writing S2352_contig_1.gbk
writing S2352_contig_1.gbk
writing S2352_contig_1.gbk
writing S2352_contig_1.gbk
writing S2352_contig_1.gbk
writing S2352_contig_2.gbk
writing S2352_contig_2.gbk
writing S2352_contig_2.gbk
writing S2352_contig_2.gbk
writing S2352_contig_2.gbk
writing S2352_contig_2.gbk
writing S2352_contig_3.gbk
writing S2352_contig_3.gbk
writing S2352_contig_3.gbk
writing S2352_contig_3.gbk
writing S2352_contig_4.gbk
writing S2352_contig_5.gbk
writing S2352_contig_6.gbk
writing S2352_contig_6.gbk
writing S2352_contig_6.gbk
writing S2352_contig_6.gbk
writing S2352_contig_7.gbk
writing S2352_contig_8.gbk
writing S2352_contig_9.gbk
writing S2352_contig_11.gbk
writing S2352_contig_13.gbk
The summary file for S2352 was saved to S2352/S2352.tsv.
Success: 'ampcombi parse_tables' completed successfully ! Now run ampcombi complete !

=== Sample 132/301: S2394 ===

 $$$$$$\  $$\      $$\ $$$$$$$\                                    $$\       $$\|
$$  __$$\ $$$\    $$$ |$$  __$$\                                   $$ |      \__|
$ /   $$ |$$$$\  $$$$ |$$ |  $$ | $$$$$$$\  $$$$$$\  $$$$$$\$$$$\  $$$$$$$\  $$\ 
$$$$$$$$ |$$\$$\$$ $$ |$$$$$$$  |$$  _____|$$  __$$\ $$  _$$  _$$\ $$  __$$\ $$ |
$$  __$$ |$$ \$$$  $$ |$$  ____/ $$ /      $$ /  $$ |$$ / $$ / $$ |$$ |  $$ |$$ |
$$ |  $$ |$$ |\$  /$$ |$$ |      $$ |      $$ |  $$ |$$ | $$ | $$ |$$ |  $$ |$$ |
$$ |  $$ |$$ | \_/ $$ |$$ |      \$$$$$$$\ \$$$$$$  |$$ | $$ | $$ |$$$$$$$  |$$ |
\__|  \__|\__|     \__|\__|       \_______| \______/ \__| \__| \__|\_______/ \__|

<--AMP_database> = /work3/josne/github/bacass/assets/databases/amp_DRAMP_database is found and will be used
MMseqs2 directory already exists in /work3/josne/github/bacass/assets/databases/amp_DRAMP_database.

 ########################################################## 
Processing AMP-files from sample: S2394
found macrel file
found ampir file
found amplify file
No InterproScan files were provided. Workflow continuing ....
The fasta containing AMP sequences for S2394 was saved to S2394/ 

The mmseqs alignment for S2394 in progress ....
No AMP hits for S2394 were successfully aligned to the reference database. Consider changing the database.
The mmseqs alignment for S2394 was saved to S2394/.
Estimating functional and structural properties for S2394 ....
Parsing the corresponding gene bank file for S2394 ....
writing S2394_contig_1.gbk
writing S2394_contig_1.gbk
writing S2394_contig_1.gbk
writing S2394_contig_1.gbk
writing S2394_contig_1.gbk
writing S2394_contig_2.gbk
writing S2394_contig_2.gbk
writing S2394_contig_3.gbk
writing S2394_contig_3.gbk
writing S2394_contig_4.gbk
writing S2394_contig_4.gbk
writing S2394_contig_5.gbk
writing S2394_contig_7.gbk
writing S2394_contig_9.gbk
writing S2394_contig_11.gbk
writing S2394_contig_11.gbk
writing S2394_contig_14.gbk
writing S2394_contig_18.gbk
writing S2394_contig_19.gbk
writing S2394_contig_26.gbk
writing S2394_contig_27.gbk
writing S2394_contig_28.gbk
writing S2394_contig_34.gbk
writing S2394_contig_37.gbk
writing S2394_contig_38.gbk
writing S2394_contig_47.gbk
writing S2394_contig_58.gbk
writing S2394_contig_63.gbk
writing S2394_contig_80.gbk
The summary file for S2394 was saved to S2394/S2394.tsv.
Success: 'ampcombi parse_tables' completed successfully ! Now run ampcombi complete !

=== Sample 133/301: S2396 ===

 $$$$$$\  $$\      $$\ $$$$$$$\                                    $$\       $$\|
$$  __$$\ $$$\    $$$ |$$  __$$\                                   $$ |      \__|
$ /   $$ |$$$$\  $$$$ |$$ |  $$ | $$$$$$$\  $$$$$$\  $$$$$$\$$$$\  $$$$$$$\  $$\ 
$$$$$$$$ |$$\$$\$$ $$ |$$$$$$$  |$$  _____|$$  __$$\ $$  _$$  _$$\ $$  __$$\ $$ |
$$  __$$ |$$ \$$$  $$ |$$  ____/ $$ /      $$ /  $$ |$$ / $$ / $$ |$$ |  $$ |$$ |
$$ |  $$ |$$ |\$  /$$ |$$ |      $$ |      $$ |  $$ |$$ | $$ | $$ |$$ |  $$ |$$ |
$$ |  $$ |$$ | \_/ $$ |$$ |      \$$$$$$$\ \$$$$$$  |$$ | $$ | $$ |$$$$$$$  |$$ |
\__|  \__|\__|     \__|\__|       \_______| \______/ \__| \__| \__|\_______/ \__|

<--AMP_database> = /work3/josne/github/bacass/assets/databases/amp_DRAMP_database is found and will be used
MMseqs2 directory already exists in /work3/josne/github/bacass/assets/databases/amp_DRAMP_database.

 ########################################################## 
Processing AMP-files from sample: S2396
found macrel file
found ampir file
found amplify file
No InterproScan files were provided. Workflow continuing ....
The fasta containing AMP sequences for S2396 was saved to S2396/ 

The mmseqs alignment for S2396 in progress ....
No AMP hits for S2396 were successfully aligned to the reference database. Consider changing the database.
The mmseqs alignment for S2396 was saved to S2396/.
Estimating functional and structural properties for S2396 ....
Parsing the corresponding gene bank file for S2396 ....
writing S2396_contig_1.gbk
writing S2396_contig_1.gbk
writing S2396_contig_2.gbk
writing S2396_contig_2.gbk
writing S2396_contig_2.gbk
writing S2396_contig_2.gbk
writing S2396_contig_3.gbk
writing S2396_contig_3.gbk
writing S2396_contig_3.gbk
writing S2396_contig_3.gbk
writing S2396_contig_3.gbk
writing S2396_contig_3.gbk
writing S2396_contig_3.gbk
writing S2396_contig_3.gbk
writing S2396_contig_3.gbk
writing S2396_contig_4.gbk
writing S2396_contig_4.gbk
writing S2396_contig_4.gbk
writing S2396_contig_4.gbk
writing S2396_contig_4.gbk
writing S2396_contig_4.gbk
writing S2396_contig_6.gbk
writing S2396_contig_7.gbk
writing S2396_contig_8.gbk
writing S2396_contig_9.gbk
writing S2396_contig_11.gbk
writing S2396_contig_12.gbk
writing S2396_contig_13.gbk
writing S2396_contig_16.gbk
writing S2396_contig_19.gbk
The summary file for S2396 was saved to S2396/S2396.tsv.
Success: 'ampcombi parse_tables' completed successfully ! Now run ampcombi complete !

=== Sample 134/301: S2407 ===

 $$$$$$\  $$\      $$\ $$$$$$$\                                    $$\       $$\|
$$  __$$\ $$$\    $$$ |$$  __$$\                                   $$ |      \__|
$ /   $$ |$$$$\  $$$$ |$$ |  $$ | $$$$$$$\  $$$$$$\  $$$$$$\$$$$\  $$$$$$$\  $$\ 
$$$$$$$$ |$$\$$\$$ $$ |$$$$$$$  |$$  _____|$$  __$$\ $$  _$$  _$$\ $$  __$$\ $$ |
$$  __$$ |$$ \$$$  $$ |$$  ____/ $$ /      $$ /  $$ |$$ / $$ / $$ |$$ |  $$ |$$ |
$$ |  $$ |$$ |\$  /$$ |$$ |      $$ |      $$ |  $$ |$$ | $$ | $$ |$$ |  $$ |$$ |
$$ |  $$ |$$ | \_/ $$ |$$ |      \$$$$$$$\ \$$$$$$  |$$ | $$ | $$ |$$$$$$$  |$$ |
\__|  \__|\__|     \__|\__|       \_______| \______/ \__| \__| \__|\_______/ \__|

<--AMP_database> = /work3/josne/github/bacass/assets/databases/amp_DRAMP_database is found and will be used
MMseqs2 directory already exists in /work3/josne/github/bacass/assets/databases/amp_DRAMP_database.

 ########################################################## 
Processing AMP-files from sample: S2407
found macrel file
found ampir file
found amplify file
No InterproScan files were provided. Workflow continuing ....
The fasta containing AMP sequences for S2407 was saved to S2407/ 

The mmseqs alignment for S2407 in progress ....
No AMP hits for S2407 were successfully aligned to the reference database. Consider changing the database.
The mmseqs alignment for S2407 was saved to S2407/.
Estimating functional and structural properties for S2407 ....
Parsing the corresponding gene bank file for S2407 ....
writing S2407_contig_1.gbk
writing S2407_contig_1.gbk
writing S2407_contig_1.gbk
writing S2407_contig_2.gbk
writing S2407_contig_2.gbk
writing S2407_contig_2.gbk
writing S2407_contig_2.gbk
writing S2407_contig_2.gbk
writing S2407_contig_2.gbk
writing S2407_contig_3.gbk
writing S2407_contig_3.gbk
writing S2407_contig_3.gbk
writing S2407_contig_4.gbk
writing S2407_contig_4.gbk
writing S2407_contig_4.gbk
writing S2407_contig_4.gbk
writing S2407_contig_4.gbk
writing S2407_contig_5.gbk
writing S2407_contig_5.gbk
writing S2407_contig_5.gbk
writing S2407_contig_6.gbk
writing S2407_contig_6.gbk
writing S2407_contig_8.gbk
writing S2407_contig_8.gbk
writing S2407_contig_9.gbk
writing S2407_contig_12.gbk
writing S2407_contig_14.gbk
writing S2407_contig_15.gbk
writing S2407_contig_17.gbk
writing S2407_contig_19.gbk
writing S2407_contig_20.gbk
writing S2407_contig_21.gbk
writing S2407_contig_22.gbk
The summary file for S2407 was saved to S2407/S2407.tsv.
Success: 'ampcombi parse_tables' completed successfully ! Now run ampcombi complete !

=== Sample 135/301: S2535 ===

 $$$$$$\  $$\      $$\ $$$$$$$\                                    $$\       $$\|
$$  __$$\ $$$\    $$$ |$$  __$$\                                   $$ |      \__|
$ /   $$ |$$$$\  $$$$ |$$ |  $$ | $$$$$$$\  $$$$$$\  $$$$$$\$$$$\  $$$$$$$\  $$\ 
$$$$$$$$ |$$\$$\$$ $$ |$$$$$$$  |$$  _____|$$  __$$\ $$  _$$  _$$\ $$  __$$\ $$ |
$$  __$$ |$$ \$$$  $$ |$$  ____/ $$ /      $$ /  $$ |$$ / $$ / $$ |$$ |  $$ |$$ |
$$ |  $$ |$$ |\$  /$$ |$$ |      $$ |      $$ |  $$ |$$ | $$ | $$ |$$ |  $$ |$$ |
$$ |  $$ |$$ | \_/ $$ |$$ |      \$$$$$$$\ \$$$$$$  |$$ | $$ | $$ |$$$$$$$  |$$ |
\__|  \__|\__|     \__|\__|       \_______| \______/ \__| \__| \__|\_______/ \__|

<--AMP_database> = /work3/josne/github/bacass/assets/databases/amp_DRAMP_database is found and will be used
MMseqs2 directory already exists in /work3/josne/github/bacass/assets/databases/amp_DRAMP_database.

 ########################################################## 
Processing AMP-files from sample: S2535
found macrel file
found ampir file
found amplify file
No InterproScan files were provided. Workflow continuing ....
The fasta containing AMP sequences for S2535 was saved to S2535/ 

The mmseqs alignment for S2535 in progress ....
No AMP hits for S2535 were successfully aligned to the reference database. Consider changing the database.
The mmseqs alignment for S2535 was saved to S2535/.
Estimating functional and structural properties for S2535 ....
Parsing the corresponding gene bank file for S2535 ....
writing S2535_contig_1.gbk
writing S2535_contig_1.gbk
writing S2535_contig_1.gbk
writing S2535_contig_2.gbk
writing S2535_contig_3.gbk
writing S2535_contig_3.gbk
writing S2535_contig_4.gbk
writing S2535_contig_4.gbk
writing S2535_contig_4.gbk
writing S2535_contig_4.gbk
writing S2535_contig_5.gbk
writing S2535_contig_7.gbk
writing S2535_contig_8.gbk
writing S2535_contig_8.gbk
writing S2535_contig_9.gbk
writing S2535_contig_10.gbk
writing S2535_contig_10.gbk
writing S2535_contig_10.gbk
writing S2535_contig_10.gbk
writing S2535_contig_11.gbk
writing S2535_contig_13.gbk
writing S2535_contig_13.gbk
writing S2535_contig_13.gbk
writing S2535_contig_15.gbk
writing S2535_contig_15.gbk
writing S2535_contig_15.gbk
writing S2535_contig_15.gbk
writing S2535_contig_16.gbk
writing S2535_contig_18.gbk
writing S2535_contig_20.gbk
writing S2535_contig_20.gbk
writing S2535_contig_22.gbk
writing S2535_contig_36.gbk
writing S2535_contig_38.gbk
The summary file for S2535 was saved to S2535/S2535.tsv.
Success: 'ampcombi parse_tables' completed successfully ! Now run ampcombi complete !

=== Sample 136/301: S2536 ===

 $$$$$$\  $$\      $$\ $$$$$$$\                                    $$\       $$\|
$$  __$$\ $$$\    $$$ |$$  __$$\                                   $$ |      \__|
$ /   $$ |$$$$\  $$$$ |$$ |  $$ | $$$$$$$\  $$$$$$\  $$$$$$\$$$$\  $$$$$$$\  $$\ 
$$$$$$$$ |$$\$$\$$ $$ |$$$$$$$  |$$  _____|$$  __$$\ $$  _$$  _$$\ $$  __$$\ $$ |
$$  __$$ |$$ \$$$  $$ |$$  ____/ $$ /      $$ /  $$ |$$ / $$ / $$ |$$ |  $$ |$$ |
$$ |  $$ |$$ |\$  /$$ |$$ |      $$ |      $$ |  $$ |$$ | $$ | $$ |$$ |  $$ |$$ |
$$ |  $$ |$$ | \_/ $$ |$$ |      \$$$$$$$\ \$$$$$$  |$$ | $$ | $$ |$$$$$$$  |$$ |
\__|  \__|\__|     \__|\__|       \_______| \______/ \__| \__| \__|\_______/ \__|

<--AMP_database> = /work3/josne/github/bacass/assets/databases/amp_DRAMP_database is found and will be used
MMseqs2 directory already exists in /work3/josne/github/bacass/assets/databases/amp_DRAMP_database.

 ########################################################## 
Processing AMP-files from sample: S2536
found macrel file
found ampir file
found amplify file
No InterproScan files were provided. Workflow continuing ....
The fasta containing AMP sequences for S2536 was saved to S2536/ 

The mmseqs alignment for S2536 in progress ....
No AMP hits for S2536 were successfully aligned to the reference database. Consider changing the database.
The mmseqs alignment for S2536 was saved to S2536/.
Estimating functional and structural properties for S2536 ....
Parsing the corresponding gene bank file for S2536 ....
writing S2536_contig_1.gbk
writing S2536_contig_1.gbk
writing S2536_contig_1.gbk
writing S2536_contig_2.gbk
writing S2536_contig_3.gbk
writing S2536_contig_3.gbk
writing S2536_contig_4.gbk
writing S2536_contig_4.gbk
writing S2536_contig_4.gbk
writing S2536_contig_4.gbk
writing S2536_contig_5.gbk
writing S2536_contig_7.gbk
writing S2536_contig_8.gbk
writing S2536_contig_8.gbk
writing S2536_contig_9.gbk
writing S2536_contig_9.gbk
writing S2536_contig_9.gbk
writing S2536_contig_9.gbk
writing S2536_contig_10.gbk
writing S2536_contig_11.gbk
writing S2536_contig_12.gbk
writing S2536_contig_12.gbk
writing S2536_contig_12.gbk
writing S2536_contig_13.gbk
writing S2536_contig_13.gbk
writing S2536_contig_13.gbk
writing S2536_contig_13.gbk
writing S2536_contig_14.gbk
writing S2536_contig_14.gbk
writing S2536_contig_15.gbk
writing S2536_contig_18.gbk
writing S2536_contig_23.gbk
writing S2536_contig_40.gbk
writing S2536_contig_42.gbk
The summary file for S2536 was saved to S2536/S2536.tsv.
Success: 'ampcombi parse_tables' completed successfully ! Now run ampcombi complete !

=== Sample 137/301: S2537 ===

 $$$$$$\  $$\      $$\ $$$$$$$\                                    $$\       $$\|
$$  __$$\ $$$\    $$$ |$$  __$$\                                   $$ |      \__|
$ /   $$ |$$$$\  $$$$ |$$ |  $$ | $$$$$$$\  $$$$$$\  $$$$$$\$$$$\  $$$$$$$\  $$\ 
$$$$$$$$ |$$\$$\$$ $$ |$$$$$$$  |$$  _____|$$  __$$\ $$  _$$  _$$\ $$  __$$\ $$ |
$$  __$$ |$$ \$$$  $$ |$$  ____/ $$ /      $$ /  $$ |$$ / $$ / $$ |$$ |  $$ |$$ |
$$ |  $$ |$$ |\$  /$$ |$$ |      $$ |      $$ |  $$ |$$ | $$ | $$ |$$ |  $$ |$$ |
$$ |  $$ |$$ | \_/ $$ |$$ |      \$$$$$$$\ \$$$$$$  |$$ | $$ | $$ |$$$$$$$  |$$ |
\__|  \__|\__|     \__|\__|       \_______| \______/ \__| \__| \__|\_______/ \__|

<--AMP_database> = /work3/josne/github/bacass/assets/databases/amp_DRAMP_database is found and will be used
MMseqs2 directory already exists in /work3/josne/github/bacass/assets/databases/amp_DRAMP_database.

 ########################################################## 
Processing AMP-files from sample: S2537
found macrel file
found ampir file
found amplify file
No InterproScan files were provided. Workflow continuing ....
The fasta containing AMP sequences for S2537 was saved to S2537/ 

The mmseqs alignment for S2537 in progress ....
The mmseqs alignment for S2537 was saved to S2537/.
Estimating functional and structural properties for S2537 ....
Parsing the corresponding gene bank file for S2537 ....
writing S2537_contig_1.gbk
writing S2537_contig_1.gbk
writing S2537_contig_1.gbk
writing S2537_contig_1.gbk
writing S2537_contig_2.gbk
writing S2537_contig_3.gbk
writing S2537_contig_3.gbk
writing S2537_contig_3.gbk
writing S2537_contig_4.gbk
writing S2537_contig_4.gbk
writing S2537_contig_4.gbk
writing S2537_contig_4.gbk
writing S2537_contig_4.gbk
writing S2537_contig_4.gbk
writing S2537_contig_4.gbk
writing S2537_contig_5.gbk
writing S2537_contig_5.gbk
writing S2537_contig_6.gbk
writing S2537_contig_6.gbk
writing S2537_contig_7.gbk
writing S2537_contig_9.gbk
writing S2537_contig_9.gbk
writing S2537_contig_11.gbk
writing S2537_contig_13.gbk
writing S2537_contig_13.gbk
writing S2537_contig_13.gbk
writing S2537_contig_13.gbk
writing S2537_contig_15.gbk
writing S2537_contig_16.gbk
writing S2537_contig_16.gbk
writing S2537_contig_16.gbk
writing S2537_contig_19.gbk
writing S2537_contig_24.gbk
writing S2537_contig_26.gbk
writing S2537_contig_26.gbk
writing S2537_contig_27.gbk
writing S2537_contig_32.gbk
writing S2537_contig_37.gbk
The summary file for S2537 was saved to S2537/S2537.tsv.
Success: 'ampcombi parse_tables' completed successfully ! Now run ampcombi complete !

=== Sample 138/301: S2538 ===

 $$$$$$\  $$\      $$\ $$$$$$$\                                    $$\       $$\|
$$  __$$\ $$$\    $$$ |$$  __$$\                                   $$ |      \__|
$ /   $$ |$$$$\  $$$$ |$$ |  $$ | $$$$$$$\  $$$$$$\  $$$$$$\$$$$\  $$$$$$$\  $$\ 
$$$$$$$$ |$$\$$\$$ $$ |$$$$$$$  |$$  _____|$$  __$$\ $$  _$$  _$$\ $$  __$$\ $$ |
$$  __$$ |$$ \$$$  $$ |$$  ____/ $$ /      $$ /  $$ |$$ / $$ / $$ |$$ |  $$ |$$ |
$$ |  $$ |$$ |\$  /$$ |$$ |      $$ |      $$ |  $$ |$$ | $$ | $$ |$$ |  $$ |$$ |
$$ |  $$ |$$ | \_/ $$ |$$ |      \$$$$$$$\ \$$$$$$  |$$ | $$ | $$ |$$$$$$$  |$$ |
\__|  \__|\__|     \__|\__|       \_______| \______/ \__| \__| \__|\_______/ \__|

<--AMP_database> = /work3/josne/github/bacass/assets/databases/amp_DRAMP_database is found and will be used
MMseqs2 directory already exists in /work3/josne/github/bacass/assets/databases/amp_DRAMP_database.

 ########################################################## 
Processing AMP-files from sample: S2538
found macrel file
found ampir file
found amplify file
No InterproScan files were provided. Workflow continuing ....
The fasta containing AMP sequences for S2538 was saved to S2538/ 

The mmseqs alignment for S2538 in progress ....
No AMP hits for S2538 were successfully aligned to the reference database. Consider changing the database.
The mmseqs alignment for S2538 was saved to S2538/.
Estimating functional and structural properties for S2538 ....
Parsing the corresponding gene bank file for S2538 ....
writing S2538_contig_1.gbk
writing S2538_contig_1.gbk
writing S2538_contig_2.gbk
writing S2538_contig_2.gbk
writing S2538_contig_4.gbk
writing S2538_contig_5.gbk
writing S2538_contig_6.gbk
writing S2538_contig_6.gbk
writing S2538_contig_6.gbk
writing S2538_contig_6.gbk
writing S2538_contig_6.gbk
writing S2538_contig_7.gbk
writing S2538_contig_8.gbk
writing S2538_contig_8.gbk
writing S2538_contig_9.gbk
writing S2538_contig_11.gbk
writing S2538_contig_13.gbk
writing S2538_contig_13.gbk
writing S2538_contig_20.gbk
writing S2538_contig_32.gbk
writing S2538_contig_36.gbk
writing S2538_contig_37.gbk
writing S2538_contig_40.gbk
writing S2538_contig_45.gbk
writing S2538_contig_50.gbk
writing S2538_contig_125.gbk
The summary file for S2538 was saved to S2538/S2538.tsv.
Success: 'ampcombi parse_tables' completed successfully ! Now run ampcombi complete !

=== Sample 139/301: S2539_3 ===

 $$$$$$\  $$\      $$\ $$$$$$$\                                    $$\       $$\|
$$  __$$\ $$$\    $$$ |$$  __$$\                                   $$ |      \__|
$ /   $$ |$$$$\  $$$$ |$$ |  $$ | $$$$$$$\  $$$$$$\  $$$$$$\$$$$\  $$$$$$$\  $$\ 
$$$$$$$$ |$$\$$\$$ $$ |$$$$$$$  |$$  _____|$$  __$$\ $$  _$$  _$$\ $$  __$$\ $$ |
$$  __$$ |$$ \$$$  $$ |$$  ____/ $$ /      $$ /  $$ |$$ / $$ / $$ |$$ |  $$ |$$ |
$$ |  $$ |$$ |\$  /$$ |$$ |      $$ |      $$ |  $$ |$$ | $$ | $$ |$$ |  $$ |$$ |
$$ |  $$ |$$ | \_/ $$ |$$ |      \$$$$$$$\ \$$$$$$  |$$ | $$ | $$ |$$$$$$$  |$$ |
\__|  \__|\__|     \__|\__|       \_______| \______/ \__| \__| \__|\_______/ \__|

<--AMP_database> = /work3/josne/github/bacass/assets/databases/amp_DRAMP_database is found and will be used
MMseqs2 directory already exists in /work3/josne/github/bacass/assets/databases/amp_DRAMP_database.

 ########################################################## 
Processing AMP-files from sample: S2539_3
found macrel file
found ampir file
found amplify file
No InterproScan files were provided. Workflow continuing ....
The fasta containing AMP sequences for S2539_3 was saved to S2539_3/ 

The mmseqs alignment for S2539_3 in progress ....
The mmseqs alignment for S2539_3 was saved to S2539_3/.
Estimating functional and structural properties for S2539_3 ....
Parsing the corresponding gene bank file for S2539_3 ....
writing S2539_3_contig_1.gbk
writing S2539_3_contig_1.gbk
writing S2539_3_contig_1.gbk
writing S2539_3_contig_2.gbk
writing S2539_3_contig_2.gbk
writing S2539_3_contig_2.gbk
writing S2539_3_contig_2.gbk
writing S2539_3_contig_2.gbk
writing S2539_3_contig_2.gbk
writing S2539_3_contig_2.gbk
writing S2539_3_contig_2.gbk
writing S2539_3_contig_3.gbk
writing S2539_3_contig_4.gbk
writing S2539_3_contig_6.gbk
writing S2539_3_contig_8.gbk
writing S2539_3_contig_8.gbk
writing S2539_3_contig_11.gbk
writing S2539_3_contig_11.gbk
writing S2539_3_contig_12.gbk
writing S2539_3_contig_12.gbk
writing S2539_3_contig_12.gbk
writing S2539_3_contig_12.gbk
writing S2539_3_contig_12.gbk
writing S2539_3_contig_12.gbk
writing S2539_3_contig_12.gbk
writing S2539_3_contig_14.gbk
writing S2539_3_contig_14.gbk
writing S2539_3_contig_14.gbk
writing S2539_3_contig_14.gbk
writing S2539_3_contig_16.gbk
writing S2539_3_contig_17.gbk
writing S2539_3_contig_20.gbk
The summary file for S2539_3 was saved to S2539_3/S2539_3.tsv.
Success: 'ampcombi parse_tables' completed successfully ! Now run ampcombi complete !

=== Sample 140/301: S2540 ===

 $$$$$$\  $$\      $$\ $$$$$$$\                                    $$\       $$\|
$$  __$$\ $$$\    $$$ |$$  __$$\                                   $$ |      \__|
$ /   $$ |$$$$\  $$$$ |$$ |  $$ | $$$$$$$\  $$$$$$\  $$$$$$\$$$$\  $$$$$$$\  $$\ 
$$$$$$$$ |$$\$$\$$ $$ |$$$$$$$  |$$  _____|$$  __$$\ $$  _$$  _$$\ $$  __$$\ $$ |
$$  __$$ |$$ \$$$  $$ |$$  ____/ $$ /      $$ /  $$ |$$ / $$ / $$ |$$ |  $$ |$$ |
$$ |  $$ |$$ |\$  /$$ |$$ |      $$ |      $$ |  $$ |$$ | $$ | $$ |$$ |  $$ |$$ |
$$ |  $$ |$$ | \_/ $$ |$$ |      \$$$$$$$\ \$$$$$$  |$$ | $$ | $$ |$$$$$$$  |$$ |
\__|  \__|\__|     \__|\__|       \_______| \______/ \__| \__| \__|\_______/ \__|

<--AMP_database> = /work3/josne/github/bacass/assets/databases/amp_DRAMP_database is found and will be used
MMseqs2 directory already exists in /work3/josne/github/bacass/assets/databases/amp_DRAMP_database.

 ########################################################## 
Processing AMP-files from sample: S2540
found macrel file
found ampir file
found amplify file
No InterproScan files were provided. Workflow continuing ....
The fasta containing AMP sequences for S2540 was saved to S2540/ 

The mmseqs alignment for S2540 in progress ....
No AMP hits for S2540 were successfully aligned to the reference database. Consider changing the database.
The mmseqs alignment for S2540 was saved to S2540/.
Estimating functional and structural properties for S2540 ....
Parsing the corresponding gene bank file for S2540 ....
writing S2540_contig_1.gbk
writing S2540_contig_1.gbk
writing S2540_contig_1.gbk
writing S2540_contig_2.gbk
writing S2540_contig_3.gbk
writing S2540_contig_3.gbk
writing S2540_contig_4.gbk
writing S2540_contig_4.gbk
writing S2540_contig_4.gbk
writing S2540_contig_4.gbk
writing S2540_contig_5.gbk
writing S2540_contig_7.gbk
writing S2540_contig_7.gbk
writing S2540_contig_7.gbk
writing S2540_contig_7.gbk
writing S2540_contig_7.gbk
writing S2540_contig_8.gbk
writing S2540_contig_9.gbk
writing S2540_contig_9.gbk
writing S2540_contig_10.gbk
writing S2540_contig_11.gbk
writing S2540_contig_11.gbk
writing S2540_contig_11.gbk
writing S2540_contig_11.gbk
writing S2540_contig_12.gbk
writing S2540_contig_14.gbk
writing S2540_contig_14.gbk
writing S2540_contig_14.gbk
writing S2540_contig_14.gbk
writing S2540_contig_14.gbk
writing S2540_contig_15.gbk
writing S2540_contig_17.gbk
writing S2540_contig_20.gbk
writing S2540_contig_33.gbk
writing S2540_contig_36.gbk
The summary file for S2540 was saved to S2540/S2540.tsv.
Success: 'ampcombi parse_tables' completed successfully ! Now run ampcombi complete !

=== Sample 141/301: S2541 ===

 $$$$$$\  $$\      $$\ $$$$$$$\                                    $$\       $$\|
$$  __$$\ $$$\    $$$ |$$  __$$\                                   $$ |      \__|
$ /   $$ |$$$$\  $$$$ |$$ |  $$ | $$$$$$$\  $$$$$$\  $$$$$$\$$$$\  $$$$$$$\  $$\ 
$$$$$$$$ |$$\$$\$$ $$ |$$$$$$$  |$$  _____|$$  __$$\ $$  _$$  _$$\ $$  __$$\ $$ |
$$  __$$ |$$ \$$$  $$ |$$  ____/ $$ /      $$ /  $$ |$$ / $$ / $$ |$$ |  $$ |$$ |
$$ |  $$ |$$ |\$  /$$ |$$ |      $$ |      $$ |  $$ |$$ | $$ | $$ |$$ |  $$ |$$ |
$$ |  $$ |$$ | \_/ $$ |$$ |      \$$$$$$$\ \$$$$$$  |$$ | $$ | $$ |$$$$$$$  |$$ |
\__|  \__|\__|     \__|\__|       \_______| \______/ \__| \__| \__|\_______/ \__|

<--AMP_database> = /work3/josne/github/bacass/assets/databases/amp_DRAMP_database is found and will be used
MMseqs2 directory already exists in /work3/josne/github/bacass/assets/databases/amp_DRAMP_database.

 ########################################################## 
Processing AMP-files from sample: S2541
found macrel file
found ampir file
found amplify file
No InterproScan files were provided. Workflow continuing ....
The fasta containing AMP sequences for S2541 was saved to S2541/ 

The mmseqs alignment for S2541 in progress ....
No AMP hits for S2541 were successfully aligned to the reference database. Consider changing the database.
The mmseqs alignment for S2541 was saved to S2541/.
Estimating functional and structural properties for S2541 ....
Parsing the corresponding gene bank file for S2541 ....
writing S2541_contig_1.gbk
writing S2541_contig_3.gbk
writing S2541_contig_4.gbk
writing S2541_contig_4.gbk
writing S2541_contig_5.gbk
writing S2541_contig_5.gbk
writing S2541_contig_5.gbk
writing S2541_contig_6.gbk
writing S2541_contig_7.gbk
writing S2541_contig_7.gbk
writing S2541_contig_7.gbk
writing S2541_contig_8.gbk
writing S2541_contig_8.gbk
writing S2541_contig_8.gbk
writing S2541_contig_9.gbk
writing S2541_contig_10.gbk
writing S2541_contig_11.gbk
writing S2541_contig_11.gbk
writing S2541_contig_12.gbk
writing S2541_contig_13.gbk
writing S2541_contig_15.gbk
writing S2541_contig_20.gbk
writing S2541_contig_21.gbk
writing S2541_contig_24.gbk
writing S2541_contig_29.gbk
writing S2541_contig_30.gbk
writing S2541_contig_32.gbk
writing S2541_contig_33.gbk
writing S2541_contig_34.gbk
writing S2541_contig_37.gbk
writing S2541_contig_51.gbk
writing S2541_contig_56.gbk
The summary file for S2541 was saved to S2541/S2541.tsv.
Success: 'ampcombi parse_tables' completed successfully ! Now run ampcombi complete !

=== Sample 142/301: S2543 ===

 $$$$$$\  $$\      $$\ $$$$$$$\                                    $$\       $$\|
$$  __$$\ $$$\    $$$ |$$  __$$\                                   $$ |      \__|
$ /   $$ |$$$$\  $$$$ |$$ |  $$ | $$$$$$$\  $$$$$$\  $$$$$$\$$$$\  $$$$$$$\  $$\ 
$$$$$$$$ |$$\$$\$$ $$ |$$$$$$$  |$$  _____|$$  __$$\ $$  _$$  _$$\ $$  __$$\ $$ |
$$  __$$ |$$ \$$$  $$ |$$  ____/ $$ /      $$ /  $$ |$$ / $$ / $$ |$$ |  $$ |$$ |
$$ |  $$ |$$ |\$  /$$ |$$ |      $$ |      $$ |  $$ |$$ | $$ | $$ |$$ |  $$ |$$ |
$$ |  $$ |$$ | \_/ $$ |$$ |      \$$$$$$$\ \$$$$$$  |$$ | $$ | $$ |$$$$$$$  |$$ |
\__|  \__|\__|     \__|\__|       \_______| \______/ \__| \__| \__|\_______/ \__|

<--AMP_database> = /work3/josne/github/bacass/assets/databases/amp_DRAMP_database is found and will be used
MMseqs2 directory already exists in /work3/josne/github/bacass/assets/databases/amp_DRAMP_database.

 ########################################################## 
Processing AMP-files from sample: S2543
found macrel file
found ampir file
found amplify file
No InterproScan files were provided. Workflow continuing ....
The fasta containing AMP sequences for S2543 was saved to S2543/ 

The mmseqs alignment for S2543 in progress ....
No AMP hits for S2543 were successfully aligned to the reference database. Consider changing the database.
The mmseqs alignment for S2543 was saved to S2543/.
Estimating functional and structural properties for S2543 ....
Parsing the corresponding gene bank file for S2543 ....
writing S2543_contig_2.gbk
writing S2543_contig_4.gbk
writing S2543_contig_5.gbk
writing S2543_contig_5.gbk
writing S2543_contig_5.gbk
writing S2543_contig_6.gbk
writing S2543_contig_6.gbk
writing S2543_contig_7.gbk
writing S2543_contig_8.gbk
writing S2543_contig_9.gbk
writing S2543_contig_10.gbk
writing S2543_contig_11.gbk
writing S2543_contig_12.gbk
writing S2543_contig_14.gbk
writing S2543_contig_14.gbk
writing S2543_contig_14.gbk
writing S2543_contig_14.gbk
writing S2543_contig_14.gbk
writing S2543_contig_17.gbk
writing S2543_contig_19.gbk
writing S2543_contig_20.gbk
writing S2543_contig_22.gbk
writing S2543_contig_22.gbk
writing S2543_contig_22.gbk
writing S2543_contig_27.gbk
writing S2543_contig_34.gbk
writing S2543_contig_35.gbk
writing S2543_contig_36.gbk
writing S2543_contig_36.gbk
writing S2543_contig_36.gbk
writing S2543_contig_39.gbk
writing S2543_contig_39.gbk
writing S2543_contig_40.gbk
writing S2543_contig_42.gbk
writing S2543_contig_43.gbk
writing S2543_contig_72.gbk
writing S2543_contig_75.gbk
writing S2543_contig_76.gbk
writing S2543_contig_84.gbk
The summary file for S2543 was saved to S2543/S2543.tsv.
Success: 'ampcombi parse_tables' completed successfully ! Now run ampcombi complete !

=== Sample 143/301: S2544 ===

 $$$$$$\  $$\      $$\ $$$$$$$\                                    $$\       $$\|
$$  __$$\ $$$\    $$$ |$$  __$$\                                   $$ |      \__|
$ /   $$ |$$$$\  $$$$ |$$ |  $$ | $$$$$$$\  $$$$$$\  $$$$$$\$$$$\  $$$$$$$\  $$\ 
$$$$$$$$ |$$\$$\$$ $$ |$$$$$$$  |$$  _____|$$  __$$\ $$  _$$  _$$\ $$  __$$\ $$ |
$$  __$$ |$$ \$$$  $$ |$$  ____/ $$ /      $$ /  $$ |$$ / $$ / $$ |$$ |  $$ |$$ |
$$ |  $$ |$$ |\$  /$$ |$$ |      $$ |      $$ |  $$ |$$ | $$ | $$ |$$ |  $$ |$$ |
$$ |  $$ |$$ | \_/ $$ |$$ |      \$$$$$$$\ \$$$$$$  |$$ | $$ | $$ |$$$$$$$  |$$ |
\__|  \__|\__|     \__|\__|       \_______| \______/ \__| \__| \__|\_______/ \__|

<--AMP_database> = /work3/josne/github/bacass/assets/databases/amp_DRAMP_database is found and will be used
MMseqs2 directory already exists in /work3/josne/github/bacass/assets/databases/amp_DRAMP_database.

 ########################################################## 
Processing AMP-files from sample: S2544
found macrel file
found ampir file
found amplify file
No InterproScan files were provided. Workflow continuing ....
The fasta containing AMP sequences for S2544 was saved to S2544/ 

The mmseqs alignment for S2544 in progress ....
No AMP hits for S2544 were successfully aligned to the reference database. Consider changing the database.
The mmseqs alignment for S2544 was saved to S2544/.
Estimating functional and structural properties for S2544 ....
Parsing the corresponding gene bank file for S2544 ....
writing S2544_contig_1.gbk
writing S2544_contig_1.gbk
writing S2544_contig_1.gbk
writing S2544_contig_2.gbk
writing S2544_contig_3.gbk
writing S2544_contig_3.gbk
writing S2544_contig_4.gbk
writing S2544_contig_4.gbk
writing S2544_contig_4.gbk
writing S2544_contig_4.gbk
writing S2544_contig_5.gbk
writing S2544_contig_7.gbk
writing S2544_contig_8.gbk
writing S2544_contig_9.gbk
writing S2544_contig_10.gbk
writing S2544_contig_10.gbk
writing S2544_contig_10.gbk
writing S2544_contig_10.gbk
writing S2544_contig_11.gbk
writing S2544_contig_12.gbk
writing S2544_contig_12.gbk
writing S2544_contig_12.gbk
writing S2544_contig_13.gbk
writing S2544_contig_13.gbk
writing S2544_contig_13.gbk
writing S2544_contig_13.gbk
writing S2544_contig_13.gbk
writing S2544_contig_14.gbk
writing S2544_contig_14.gbk
writing S2544_contig_15.gbk
writing S2544_contig_18.gbk
writing S2544_contig_21.gbk
writing S2544_contig_22.gbk
writing S2544_contig_36.gbk
writing S2544_contig_38.gbk
The summary file for S2544 was saved to S2544/S2544.tsv.
Success: 'ampcombi parse_tables' completed successfully ! Now run ampcombi complete !

=== Sample 144/301: S2545 ===

 $$$$$$\  $$\      $$\ $$$$$$$\                                    $$\       $$\|
$$  __$$\ $$$\    $$$ |$$  __$$\                                   $$ |      \__|
$ /   $$ |$$$$\  $$$$ |$$ |  $$ | $$$$$$$\  $$$$$$\  $$$$$$\$$$$\  $$$$$$$\  $$\ 
$$$$$$$$ |$$\$$\$$ $$ |$$$$$$$  |$$  _____|$$  __$$\ $$  _$$  _$$\ $$  __$$\ $$ |
$$  __$$ |$$ \$$$  $$ |$$  ____/ $$ /      $$ /  $$ |$$ / $$ / $$ |$$ |  $$ |$$ |
$$ |  $$ |$$ |\$  /$$ |$$ |      $$ |      $$ |  $$ |$$ | $$ | $$ |$$ |  $$ |$$ |
$$ |  $$ |$$ | \_/ $$ |$$ |      \$$$$$$$\ \$$$$$$  |$$ | $$ | $$ |$$$$$$$  |$$ |
\__|  \__|\__|     \__|\__|       \_______| \______/ \__| \__| \__|\_______/ \__|

<--AMP_database> = /work3/josne/github/bacass/assets/databases/amp_DRAMP_database is found and will be used
MMseqs2 directory already exists in /work3/josne/github/bacass/assets/databases/amp_DRAMP_database.

 ########################################################## 
Processing AMP-files from sample: S2545
found macrel file
found ampir file
found amplify file
No InterproScan files were provided. Workflow continuing ....
The fasta containing AMP sequences for S2545 was saved to S2545/ 

The mmseqs alignment for S2545 in progress ....
No AMP hits for S2545 were successfully aligned to the reference database. Consider changing the database.
The mmseqs alignment for S2545 was saved to S2545/.
Estimating functional and structural properties for S2545 ....
Parsing the corresponding gene bank file for S2545 ....
writing S2545_contig_1.gbk
writing S2545_contig_2.gbk
writing S2545_contig_2.gbk
writing S2545_contig_2.gbk
writing S2545_contig_2.gbk
writing S2545_contig_2.gbk
writing S2545_contig_3.gbk
writing S2545_contig_3.gbk
writing S2545_contig_3.gbk
writing S2545_contig_3.gbk
writing S2545_contig_3.gbk
writing S2545_contig_3.gbk
writing S2545_contig_5.gbk
writing S2545_contig_6.gbk
writing S2545_contig_6.gbk
writing S2545_contig_6.gbk
writing S2545_contig_6.gbk
writing S2545_contig_7.gbk
writing S2545_contig_7.gbk
writing S2545_contig_7.gbk
writing S2545_contig_7.gbk
writing S2545_contig_8.gbk
writing S2545_contig_9.gbk
writing S2545_contig_9.gbk
writing S2545_contig_12.gbk
writing S2545_contig_12.gbk
writing S2545_contig_12.gbk
writing S2545_contig_13.gbk
writing S2545_contig_13.gbk
writing S2545_contig_14.gbk
writing S2545_contig_14.gbk
writing S2545_contig_16.gbk
writing S2545_contig_17.gbk
writing S2545_contig_21.gbk
writing S2545_contig_22.gbk
writing S2545_contig_24.gbk
writing S2545_contig_27.gbk
writing S2545_contig_30.gbk
writing S2545_contig_33.gbk
The summary file for S2545 was saved to S2545/S2545.tsv.
Success: 'ampcombi parse_tables' completed successfully ! Now run ampcombi complete !

=== Sample 145/301: S2600 ===

 $$$$$$\  $$\      $$\ $$$$$$$\                                    $$\       $$\|
$$  __$$\ $$$\    $$$ |$$  __$$\                                   $$ |      \__|
$ /   $$ |$$$$\  $$$$ |$$ |  $$ | $$$$$$$\  $$$$$$\  $$$$$$\$$$$\  $$$$$$$\  $$\ 
$$$$$$$$ |$$\$$\$$ $$ |$$$$$$$  |$$  _____|$$  __$$\ $$  _$$  _$$\ $$  __$$\ $$ |
$$  __$$ |$$ \$$$  $$ |$$  ____/ $$ /      $$ /  $$ |$$ / $$ / $$ |$$ |  $$ |$$ |
$$ |  $$ |$$ |\$  /$$ |$$ |      $$ |      $$ |  $$ |$$ | $$ | $$ |$$ |  $$ |$$ |
$$ |  $$ |$$ | \_/ $$ |$$ |      \$$$$$$$\ \$$$$$$  |$$ | $$ | $$ |$$$$$$$  |$$ |
\__|  \__|\__|     \__|\__|       \_______| \______/ \__| \__| \__|\_______/ \__|

<--AMP_database> = /work3/josne/github/bacass/assets/databases/amp_DRAMP_database is found and will be used
MMseqs2 directory already exists in /work3/josne/github/bacass/assets/databases/amp_DRAMP_database.

 ########################################################## 
Processing AMP-files from sample: S2600
found macrel file
found ampir file
found amplify file
No InterproScan files were provided. Workflow continuing ....
The fasta containing AMP sequences for S2600 was saved to S2600/ 

The mmseqs alignment for S2600 in progress ....
No AMP hits for S2600 were successfully aligned to the reference database. Consider changing the database.
The mmseqs alignment for S2600 was saved to S2600/.
Estimating functional and structural properties for S2600 ....
Parsing the corresponding gene bank file for S2600 ....
writing S2600_contig_1.gbk
writing S2600_contig_1.gbk
writing S2600_contig_1.gbk
writing S2600_contig_1.gbk
writing S2600_contig_1.gbk
writing S2600_contig_1.gbk
writing S2600_contig_2.gbk
writing S2600_contig_2.gbk
writing S2600_contig_2.gbk
writing S2600_contig_2.gbk
writing S2600_contig_3.gbk
writing S2600_contig_3.gbk
writing S2600_contig_3.gbk
writing S2600_contig_4.gbk
writing S2600_contig_4.gbk
writing S2600_contig_4.gbk
writing S2600_contig_5.gbk
writing S2600_contig_5.gbk
writing S2600_contig_5.gbk
writing S2600_contig_5.gbk
writing S2600_contig_7.gbk
writing S2600_contig_7.gbk
writing S2600_contig_8.gbk
writing S2600_contig_8.gbk
writing S2600_contig_9.gbk
writing S2600_contig_9.gbk
writing S2600_contig_12.gbk
writing S2600_contig_13.gbk
writing S2600_contig_14.gbk
writing S2600_contig_19.gbk
The summary file for S2600 was saved to S2600/S2600.tsv.
Success: 'ampcombi parse_tables' completed successfully ! Now run ampcombi complete !

=== Sample 146/301: S2601 ===

 $$$$$$\  $$\      $$\ $$$$$$$\                                    $$\       $$\|
$$  __$$\ $$$\    $$$ |$$  __$$\                                   $$ |      \__|
$ /   $$ |$$$$\  $$$$ |$$ |  $$ | $$$$$$$\  $$$$$$\  $$$$$$\$$$$\  $$$$$$$\  $$\ 
$$$$$$$$ |$$\$$\$$ $$ |$$$$$$$  |$$  _____|$$  __$$\ $$  _$$  _$$\ $$  __$$\ $$ |
$$  __$$ |$$ \$$$  $$ |$$  ____/ $$ /      $$ /  $$ |$$ / $$ / $$ |$$ |  $$ |$$ |
$$ |  $$ |$$ |\$  /$$ |$$ |      $$ |      $$ |  $$ |$$ | $$ | $$ |$$ |  $$ |$$ |
$$ |  $$ |$$ | \_/ $$ |$$ |      \$$$$$$$\ \$$$$$$  |$$ | $$ | $$ |$$$$$$$  |$$ |
\__|  \__|\__|     \__|\__|       \_______| \______/ \__| \__| \__|\_______/ \__|

<--AMP_database> = /work3/josne/github/bacass/assets/databases/amp_DRAMP_database is found and will be used
MMseqs2 directory already exists in /work3/josne/github/bacass/assets/databases/amp_DRAMP_database.

 ########################################################## 
Processing AMP-files from sample: S2601
found macrel file
found ampir file
found amplify file
No InterproScan files were provided. Workflow continuing ....
The fasta containing AMP sequences for S2601 was saved to S2601/ 

The mmseqs alignment for S2601 in progress ....
No AMP hits for S2601 were successfully aligned to the reference database. Consider changing the database.
The mmseqs alignment for S2601 was saved to S2601/.
Estimating functional and structural properties for S2601 ....
Parsing the corresponding gene bank file for S2601 ....
writing S2601_contig_1.gbk
writing S2601_contig_1.gbk
writing S2601_contig_1.gbk
writing S2601_contig_2.gbk
writing S2601_contig_2.gbk
writing S2601_contig_2.gbk
writing S2601_contig_2.gbk
writing S2601_contig_2.gbk
writing S2601_contig_2.gbk
writing S2601_contig_3.gbk
writing S2601_contig_3.gbk
writing S2601_contig_4.gbk
writing S2601_contig_4.gbk
writing S2601_contig_5.gbk
writing S2601_contig_5.gbk
writing S2601_contig_5.gbk
writing S2601_contig_6.gbk
writing S2601_contig_7.gbk
writing S2601_contig_7.gbk
writing S2601_contig_7.gbk
writing S2601_contig_7.gbk
writing S2601_contig_9.gbk
writing S2601_contig_9.gbk
writing S2601_contig_10.gbk
writing S2601_contig_10.gbk
writing S2601_contig_13.gbk
writing S2601_contig_14.gbk
writing S2601_contig_16.gbk
writing S2601_contig_22.gbk
writing S2601_contig_23.gbk
writing S2601_contig_23.gbk
The summary file for S2601 was saved to S2601/S2601.tsv.
Success: 'ampcombi parse_tables' completed successfully ! Now run ampcombi complete !

=== Sample 147/301: S2603 ===

 $$$$$$\  $$\      $$\ $$$$$$$\                                    $$\       $$\|
$$  __$$\ $$$\    $$$ |$$  __$$\                                   $$ |      \__|
$ /   $$ |$$$$\  $$$$ |$$ |  $$ | $$$$$$$\  $$$$$$\  $$$$$$\$$$$\  $$$$$$$\  $$\ 
$$$$$$$$ |$$\$$\$$ $$ |$$$$$$$  |$$  _____|$$  __$$\ $$  _$$  _$$\ $$  __$$\ $$ |
$$  __$$ |$$ \$$$  $$ |$$  ____/ $$ /      $$ /  $$ |$$ / $$ / $$ |$$ |  $$ |$$ |
$$ |  $$ |$$ |\$  /$$ |$$ |      $$ |      $$ |  $$ |$$ | $$ | $$ |$$ |  $$ |$$ |
$$ |  $$ |$$ | \_/ $$ |$$ |      \$$$$$$$\ \$$$$$$  |$$ | $$ | $$ |$$$$$$$  |$$ |
\__|  \__|\__|     \__|\__|       \_______| \______/ \__| \__| \__|\_______/ \__|

<--AMP_database> = /work3/josne/github/bacass/assets/databases/amp_DRAMP_database is found and will be used
MMseqs2 directory already exists in /work3/josne/github/bacass/assets/databases/amp_DRAMP_database.

 ########################################################## 
Processing AMP-files from sample: S2603
found macrel file
found ampir file
found amplify file
No InterproScan files were provided. Workflow continuing ....
The fasta containing AMP sequences for S2603 was saved to S2603/ 

The mmseqs alignment for S2603 in progress ....
No AMP hits for S2603 were successfully aligned to the reference database. Consider changing the database.
The mmseqs alignment for S2603 was saved to S2603/.
Estimating functional and structural properties for S2603 ....
Parsing the corresponding gene bank file for S2603 ....
writing S2603_contig_1.gbk
writing S2603_contig_1.gbk
writing S2603_contig_1.gbk
writing S2603_contig_1.gbk
writing S2603_contig_2.gbk
writing S2603_contig_2.gbk
writing S2603_contig_2.gbk
writing S2603_contig_2.gbk
writing S2603_contig_3.gbk
writing S2603_contig_3.gbk
writing S2603_contig_3.gbk
writing S2603_contig_4.gbk
writing S2603_contig_4.gbk
writing S2603_contig_4.gbk
writing S2603_contig_4.gbk
writing S2603_contig_6.gbk
writing S2603_contig_7.gbk
writing S2603_contig_8.gbk
writing S2603_contig_8.gbk
writing S2603_contig_9.gbk
writing S2603_contig_9.gbk
writing S2603_contig_10.gbk
writing S2603_contig_11.gbk
writing S2603_contig_12.gbk
writing S2603_contig_12.gbk
writing S2603_contig_15.gbk
writing S2603_contig_16.gbk
The summary file for S2603 was saved to S2603/S2603.tsv.
Success: 'ampcombi parse_tables' completed successfully ! Now run ampcombi complete !

=== Sample 148/301: S2604 ===

 $$$$$$\  $$\      $$\ $$$$$$$\                                    $$\       $$\|
$$  __$$\ $$$\    $$$ |$$  __$$\                                   $$ |      \__|
$ /   $$ |$$$$\  $$$$ |$$ |  $$ | $$$$$$$\  $$$$$$\  $$$$$$\$$$$\  $$$$$$$\  $$\ 
$$$$$$$$ |$$\$$\$$ $$ |$$$$$$$  |$$  _____|$$  __$$\ $$  _$$  _$$\ $$  __$$\ $$ |
$$  __$$ |$$ \$$$  $$ |$$  ____/ $$ /      $$ /  $$ |$$ / $$ / $$ |$$ |  $$ |$$ |
$$ |  $$ |$$ |\$  /$$ |$$ |      $$ |      $$ |  $$ |$$ | $$ | $$ |$$ |  $$ |$$ |
$$ |  $$ |$$ | \_/ $$ |$$ |      \$$$$$$$\ \$$$$$$  |$$ | $$ | $$ |$$$$$$$  |$$ |
\__|  \__|\__|     \__|\__|       \_______| \______/ \__| \__| \__|\_______/ \__|

<--AMP_database> = /work3/josne/github/bacass/assets/databases/amp_DRAMP_database is found and will be used
MMseqs2 directory already exists in /work3/josne/github/bacass/assets/databases/amp_DRAMP_database.

 ########################################################## 
Processing AMP-files from sample: S2604
found macrel file
found ampir file
found amplify file
No InterproScan files were provided. Workflow continuing ....
The fasta containing AMP sequences for S2604 was saved to S2604/ 

The mmseqs alignment for S2604 in progress ....
No AMP hits for S2604 were successfully aligned to the reference database. Consider changing the database.
The mmseqs alignment for S2604 was saved to S2604/.
Estimating functional and structural properties for S2604 ....
Parsing the corresponding gene bank file for S2604 ....
writing S2604_contig_1.gbk
writing S2604_contig_1.gbk
writing S2604_contig_1.gbk
writing S2604_contig_1.gbk
writing S2604_contig_2.gbk
writing S2604_contig_2.gbk
writing S2604_contig_2.gbk
writing S2604_contig_2.gbk
writing S2604_contig_3.gbk
writing S2604_contig_3.gbk
writing S2604_contig_3.gbk
writing S2604_contig_3.gbk
writing S2604_contig_4.gbk
writing S2604_contig_4.gbk
writing S2604_contig_4.gbk
writing S2604_contig_5.gbk
writing S2604_contig_5.gbk
writing S2604_contig_5.gbk
writing S2604_contig_5.gbk
writing S2604_contig_7.gbk
writing S2604_contig_7.gbk
writing S2604_contig_8.gbk
writing S2604_contig_8.gbk
writing S2604_contig_9.gbk
writing S2604_contig_9.gbk
writing S2604_contig_10.gbk
writing S2604_contig_10.gbk
writing S2604_contig_13.gbk
writing S2604_contig_14.gbk
The summary file for S2604 was saved to S2604/S2604.tsv.
Success: 'ampcombi parse_tables' completed successfully ! Now run ampcombi complete !

=== Sample 149/301: S2605 ===

 $$$$$$\  $$\      $$\ $$$$$$$\                                    $$\       $$\|
$$  __$$\ $$$\    $$$ |$$  __$$\                                   $$ |      \__|
$ /   $$ |$$$$\  $$$$ |$$ |  $$ | $$$$$$$\  $$$$$$\  $$$$$$\$$$$\  $$$$$$$\  $$\ 
$$$$$$$$ |$$\$$\$$ $$ |$$$$$$$  |$$  _____|$$  __$$\ $$  _$$  _$$\ $$  __$$\ $$ |
$$  __$$ |$$ \$$$  $$ |$$  ____/ $$ /      $$ /  $$ |$$ / $$ / $$ |$$ |  $$ |$$ |
$$ |  $$ |$$ |\$  /$$ |$$ |      $$ |      $$ |  $$ |$$ | $$ | $$ |$$ |  $$ |$$ |
$$ |  $$ |$$ | \_/ $$ |$$ |      \$$$$$$$\ \$$$$$$  |$$ | $$ | $$ |$$$$$$$  |$$ |
\__|  \__|\__|     \__|\__|       \_______| \______/ \__| \__| \__|\_______/ \__|

<--AMP_database> = /work3/josne/github/bacass/assets/databases/amp_DRAMP_database is found and will be used
MMseqs2 directory already exists in /work3/josne/github/bacass/assets/databases/amp_DRAMP_database.

 ########################################################## 
Processing AMP-files from sample: S2605
found macrel file
found ampir file
found amplify file
No InterproScan files were provided. Workflow continuing ....
The fasta containing AMP sequences for S2605 was saved to S2605/ 

The mmseqs alignment for S2605 in progress ....
No AMP hits for S2605 were successfully aligned to the reference database. Consider changing the database.
The mmseqs alignment for S2605 was saved to S2605/.
Estimating functional and structural properties for S2605 ....
Parsing the corresponding gene bank file for S2605 ....
writing S2605_contig_1.gbk
writing S2605_contig_1.gbk
writing S2605_contig_1.gbk
writing S2605_contig_1.gbk
writing S2605_contig_1.gbk
writing S2605_contig_2.gbk
writing S2605_contig_2.gbk
writing S2605_contig_2.gbk
writing S2605_contig_3.gbk
writing S2605_contig_4.gbk
writing S2605_contig_5.gbk
writing S2605_contig_5.gbk
writing S2605_contig_6.gbk
writing S2605_contig_6.gbk
writing S2605_contig_8.gbk
writing S2605_contig_9.gbk
writing S2605_contig_11.gbk
writing S2605_contig_19.gbk
The summary file for S2605 was saved to S2605/S2605.tsv.
Success: 'ampcombi parse_tables' completed successfully ! Now run ampcombi complete !

=== Sample 150/301: S2606 ===

 $$$$$$\  $$\      $$\ $$$$$$$\                                    $$\       $$\|
$$  __$$\ $$$\    $$$ |$$  __$$\                                   $$ |      \__|
$ /   $$ |$$$$\  $$$$ |$$ |  $$ | $$$$$$$\  $$$$$$\  $$$$$$\$$$$\  $$$$$$$\  $$\ 
$$$$$$$$ |$$\$$\$$ $$ |$$$$$$$  |$$  _____|$$  __$$\ $$  _$$  _$$\ $$  __$$\ $$ |
$$  __$$ |$$ \$$$  $$ |$$  ____/ $$ /      $$ /  $$ |$$ / $$ / $$ |$$ |  $$ |$$ |
$$ |  $$ |$$ |\$  /$$ |$$ |      $$ |      $$ |  $$ |$$ | $$ | $$ |$$ |  $$ |$$ |
$$ |  $$ |$$ | \_/ $$ |$$ |      \$$$$$$$\ \$$$$$$  |$$ | $$ | $$ |$$$$$$$  |$$ |
\__|  \__|\__|     \__|\__|       \_______| \______/ \__| \__| \__|\_______/ \__|

<--AMP_database> = /work3/josne/github/bacass/assets/databases/amp_DRAMP_database is found and will be used
MMseqs2 directory already exists in /work3/josne/github/bacass/assets/databases/amp_DRAMP_database.

 ########################################################## 
Processing AMP-files from sample: S2606
found macrel file
found ampir file
found amplify file
No InterproScan files were provided. Workflow continuing ....
The fasta containing AMP sequences for S2606 was saved to S2606/ 

The mmseqs alignment for S2606 in progress ....
No AMP hits for S2606 were successfully aligned to the reference database. Consider changing the database.
The mmseqs alignment for S2606 was saved to S2606/.
Estimating functional and structural properties for S2606 ....
Parsing the corresponding gene bank file for S2606 ....
writing S2606_contig_1.gbk
writing S2606_contig_1.gbk
writing S2606_contig_1.gbk
writing S2606_contig_1.gbk
writing S2606_contig_1.gbk
writing S2606_contig_2.gbk
writing S2606_contig_2.gbk
writing S2606_contig_2.gbk
writing S2606_contig_3.gbk
writing S2606_contig_3.gbk
writing S2606_contig_4.gbk
writing S2606_contig_4.gbk
writing S2606_contig_5.gbk
writing S2606_contig_6.gbk
writing S2606_contig_6.gbk
writing S2606_contig_8.gbk
writing S2606_contig_9.gbk
writing S2606_contig_18.gbk
The summary file for S2606 was saved to S2606/S2606.tsv.
Success: 'ampcombi parse_tables' completed successfully ! Now run ampcombi complete !

=== Sample 151/301: S2674 ===

 $$$$$$\  $$\      $$\ $$$$$$$\                                    $$\       $$\|
$$  __$$\ $$$\    $$$ |$$  __$$\                                   $$ |      \__|
$ /   $$ |$$$$\  $$$$ |$$ |  $$ | $$$$$$$\  $$$$$$\  $$$$$$\$$$$\  $$$$$$$\  $$\ 
$$$$$$$$ |$$\$$\$$ $$ |$$$$$$$  |$$  _____|$$  __$$\ $$  _$$  _$$\ $$  __$$\ $$ |
$$  __$$ |$$ \$$$  $$ |$$  ____/ $$ /      $$ /  $$ |$$ / $$ / $$ |$$ |  $$ |$$ |
$$ |  $$ |$$ |\$  /$$ |$$ |      $$ |      $$ |  $$ |$$ | $$ | $$ |$$ |  $$ |$$ |
$$ |  $$ |$$ | \_/ $$ |$$ |      \$$$$$$$\ \$$$$$$  |$$ | $$ | $$ |$$$$$$$  |$$ |
\__|  \__|\__|     \__|\__|       \_______| \______/ \__| \__| \__|\_______/ \__|

<--AMP_database> = /work3/josne/github/bacass/assets/databases/amp_DRAMP_database is found and will be used
MMseqs2 directory already exists in /work3/josne/github/bacass/assets/databases/amp_DRAMP_database.

 ########################################################## 
Processing AMP-files from sample: S2674
found macrel file
found ampir file
found amplify file
No InterproScan files were provided. Workflow continuing ....
The fasta containing AMP sequences for S2674 was saved to S2674/ 

The mmseqs alignment for S2674 in progress ....
No AMP hits for S2674 were successfully aligned to the reference database. Consider changing the database.
The mmseqs alignment for S2674 was saved to S2674/.
Estimating functional and structural properties for S2674 ....
Parsing the corresponding gene bank file for S2674 ....
writing S2674_contig_1.gbk
writing S2674_contig_1.gbk
writing S2674_contig_1.gbk
writing S2674_contig_1.gbk
writing S2674_contig_1.gbk
writing S2674_contig_1.gbk
writing S2674_contig_2.gbk
writing S2674_contig_2.gbk
writing S2674_contig_2.gbk
writing S2674_contig_5.gbk
writing S2674_contig_5.gbk
writing S2674_contig_5.gbk
writing S2674_contig_5.gbk
writing S2674_contig_6.gbk
writing S2674_contig_7.gbk
writing S2674_contig_7.gbk
writing S2674_contig_8.gbk
writing S2674_contig_8.gbk
writing S2674_contig_8.gbk
writing S2674_contig_9.gbk
writing S2674_contig_11.gbk
writing S2674_contig_12.gbk
writing S2674_contig_12.gbk
writing S2674_contig_17.gbk
writing S2674_contig_25.gbk
writing S2674_contig_26.gbk
writing S2674_contig_29.gbk
writing S2674_contig_29.gbk
writing S2674_contig_29.gbk
writing S2674_contig_31.gbk
writing S2674_contig_44.gbk
The summary file for S2674 was saved to S2674/S2674.tsv.
Success: 'ampcombi parse_tables' completed successfully ! Now run ampcombi complete !

=== Sample 152/301: S2675 ===

 $$$$$$\  $$\      $$\ $$$$$$$\                                    $$\       $$\|
$$  __$$\ $$$\    $$$ |$$  __$$\                                   $$ |      \__|
$ /   $$ |$$$$\  $$$$ |$$ |  $$ | $$$$$$$\  $$$$$$\  $$$$$$\$$$$\  $$$$$$$\  $$\ 
$$$$$$$$ |$$\$$\$$ $$ |$$$$$$$  |$$  _____|$$  __$$\ $$  _$$  _$$\ $$  __$$\ $$ |
$$  __$$ |$$ \$$$  $$ |$$  ____/ $$ /      $$ /  $$ |$$ / $$ / $$ |$$ |  $$ |$$ |
$$ |  $$ |$$ |\$  /$$ |$$ |      $$ |      $$ |  $$ |$$ | $$ | $$ |$$ |  $$ |$$ |
$$ |  $$ |$$ | \_/ $$ |$$ |      \$$$$$$$\ \$$$$$$  |$$ | $$ | $$ |$$$$$$$  |$$ |
\__|  \__|\__|     \__|\__|       \_______| \______/ \__| \__| \__|\_______/ \__|

<--AMP_database> = /work3/josne/github/bacass/assets/databases/amp_DRAMP_database is found and will be used
MMseqs2 directory already exists in /work3/josne/github/bacass/assets/databases/amp_DRAMP_database.

 ########################################################## 
Processing AMP-files from sample: S2675
found macrel file
found ampir file
found amplify file
No InterproScan files were provided. Workflow continuing ....
The fasta containing AMP sequences for S2675 was saved to S2675/ 

The mmseqs alignment for S2675 in progress ....
No AMP hits for S2675 were successfully aligned to the reference database. Consider changing the database.
The mmseqs alignment for S2675 was saved to S2675/.
Estimating functional and structural properties for S2675 ....
Parsing the corresponding gene bank file for S2675 ....
writing S2675_contig_1.gbk
writing S2675_contig_1.gbk
writing S2675_contig_1.gbk
writing S2675_contig_1.gbk
writing S2675_contig_1.gbk
writing S2675_contig_1.gbk
writing S2675_contig_2.gbk
writing S2675_contig_2.gbk
writing S2675_contig_2.gbk
writing S2675_contig_2.gbk
writing S2675_contig_2.gbk
writing S2675_contig_2.gbk
writing S2675_contig_4.gbk
writing S2675_contig_4.gbk
writing S2675_contig_5.gbk
writing S2675_contig_6.gbk
writing S2675_contig_6.gbk
writing S2675_contig_6.gbk
writing S2675_contig_6.gbk
writing S2675_contig_8.gbk
writing S2675_contig_8.gbk
writing S2675_contig_10.gbk
writing S2675_contig_11.gbk
writing S2675_contig_11.gbk
writing S2675_contig_11.gbk
writing S2675_contig_11.gbk
writing S2675_contig_16.gbk
writing S2675_contig_18.gbk
writing S2675_contig_19.gbk
writing S2675_contig_21.gbk
The summary file for S2675 was saved to S2675/S2675.tsv.
Success: 'ampcombi parse_tables' completed successfully ! Now run ampcombi complete !

=== Sample 153/301: S2677 ===

 $$$$$$\  $$\      $$\ $$$$$$$\                                    $$\       $$\|
$$  __$$\ $$$\    $$$ |$$  __$$\                                   $$ |      \__|
$ /   $$ |$$$$\  $$$$ |$$ |  $$ | $$$$$$$\  $$$$$$\  $$$$$$\$$$$\  $$$$$$$\  $$\ 
$$$$$$$$ |$$\$$\$$ $$ |$$$$$$$  |$$  _____|$$  __$$\ $$  _$$  _$$\ $$  __$$\ $$ |
$$  __$$ |$$ \$$$  $$ |$$  ____/ $$ /      $$ /  $$ |$$ / $$ / $$ |$$ |  $$ |$$ |
$$ |  $$ |$$ |\$  /$$ |$$ |      $$ |      $$ |  $$ |$$ | $$ | $$ |$$ |  $$ |$$ |
$$ |  $$ |$$ | \_/ $$ |$$ |      \$$$$$$$\ \$$$$$$  |$$ | $$ | $$ |$$$$$$$  |$$ |
\__|  \__|\__|     \__|\__|       \_______| \______/ \__| \__| \__|\_______/ \__|

<--AMP_database> = /work3/josne/github/bacass/assets/databases/amp_DRAMP_database is found and will be used
MMseqs2 directory already exists in /work3/josne/github/bacass/assets/databases/amp_DRAMP_database.

 ########################################################## 
Processing AMP-files from sample: S2677
found macrel file
found ampir file
found amplify file
No InterproScan files were provided. Workflow continuing ....
The fasta containing AMP sequences for S2677 was saved to S2677/ 

The mmseqs alignment for S2677 in progress ....
No AMP hits for S2677 were successfully aligned to the reference database. Consider changing the database.
The mmseqs alignment for S2677 was saved to S2677/.
Estimating functional and structural properties for S2677 ....
Parsing the corresponding gene bank file for S2677 ....
writing S2677_contig_1.gbk
writing S2677_contig_1.gbk
writing S2677_contig_1.gbk
writing S2677_contig_1.gbk
writing S2677_contig_1.gbk
writing S2677_contig_1.gbk
writing S2677_contig_4.gbk
writing S2677_contig_5.gbk
writing S2677_contig_6.gbk
writing S2677_contig_7.gbk
writing S2677_contig_7.gbk
writing S2677_contig_8.gbk
writing S2677_contig_8.gbk
writing S2677_contig_8.gbk
writing S2677_contig_9.gbk
writing S2677_contig_9.gbk
writing S2677_contig_9.gbk
writing S2677_contig_10.gbk
writing S2677_contig_10.gbk
writing S2677_contig_11.gbk
writing S2677_contig_11.gbk
writing S2677_contig_13.gbk
writing S2677_contig_19.gbk
writing S2677_contig_21.gbk
writing S2677_contig_24.gbk
writing S2677_contig_28.gbk
The summary file for S2677 was saved to S2677/S2677.tsv.
Success: 'ampcombi parse_tables' completed successfully ! Now run ampcombi complete !

=== Sample 154/301: S2681 ===

 $$$$$$\  $$\      $$\ $$$$$$$\                                    $$\       $$\|
$$  __$$\ $$$\    $$$ |$$  __$$\                                   $$ |      \__|
$ /   $$ |$$$$\  $$$$ |$$ |  $$ | $$$$$$$\  $$$$$$\  $$$$$$\$$$$\  $$$$$$$\  $$\ 
$$$$$$$$ |$$\$$\$$ $$ |$$$$$$$  |$$  _____|$$  __$$\ $$  _$$  _$$\ $$  __$$\ $$ |
$$  __$$ |$$ \$$$  $$ |$$  ____/ $$ /      $$ /  $$ |$$ / $$ / $$ |$$ |  $$ |$$ |
$$ |  $$ |$$ |\$  /$$ |$$ |      $$ |      $$ |  $$ |$$ | $$ | $$ |$$ |  $$ |$$ |
$$ |  $$ |$$ | \_/ $$ |$$ |      \$$$$$$$\ \$$$$$$  |$$ | $$ | $$ |$$$$$$$  |$$ |
\__|  \__|\__|     \__|\__|       \_______| \______/ \__| \__| \__|\_______/ \__|

<--AMP_database> = /work3/josne/github/bacass/assets/databases/amp_DRAMP_database is found and will be used
MMseqs2 directory already exists in /work3/josne/github/bacass/assets/databases/amp_DRAMP_database.

 ########################################################## 
Processing AMP-files from sample: S2681
found macrel file
found ampir file
found amplify file
No InterproScan files were provided. Workflow continuing ....
The fasta containing AMP sequences for S2681 was saved to S2681/ 

The mmseqs alignment for S2681 in progress ....
No AMP hits for S2681 were successfully aligned to the reference database. Consider changing the database.
The mmseqs alignment for S2681 was saved to S2681/.
Estimating functional and structural properties for S2681 ....
Parsing the corresponding gene bank file for S2681 ....
writing S2681_contig_1.gbk
writing S2681_contig_1.gbk
writing S2681_contig_1.gbk
writing S2681_contig_1.gbk
writing S2681_contig_2.gbk
writing S2681_contig_2.gbk
writing S2681_contig_2.gbk
writing S2681_contig_3.gbk
writing S2681_contig_3.gbk
writing S2681_contig_4.gbk
writing S2681_contig_4.gbk
writing S2681_contig_5.gbk
writing S2681_contig_6.gbk
writing S2681_contig_8.gbk
writing S2681_contig_8.gbk
writing S2681_contig_13.gbk
writing S2681_contig_14.gbk
writing S2681_contig_21.gbk
writing S2681_contig_22.gbk
writing S2681_contig_23.gbk
writing S2681_contig_29.gbk
The summary file for S2681 was saved to S2681/S2681.tsv.
Success: 'ampcombi parse_tables' completed successfully ! Now run ampcombi complete !

=== Sample 155/301: S2685 ===

 $$$$$$\  $$\      $$\ $$$$$$$\                                    $$\       $$\|
$$  __$$\ $$$\    $$$ |$$  __$$\                                   $$ |      \__|
$ /   $$ |$$$$\  $$$$ |$$ |  $$ | $$$$$$$\  $$$$$$\  $$$$$$\$$$$\  $$$$$$$\  $$\ 
$$$$$$$$ |$$\$$\$$ $$ |$$$$$$$  |$$  _____|$$  __$$\ $$  _$$  _$$\ $$  __$$\ $$ |
$$  __$$ |$$ \$$$  $$ |$$  ____/ $$ /      $$ /  $$ |$$ / $$ / $$ |$$ |  $$ |$$ |
$$ |  $$ |$$ |\$  /$$ |$$ |      $$ |      $$ |  $$ |$$ | $$ | $$ |$$ |  $$ |$$ |
$$ |  $$ |$$ | \_/ $$ |$$ |      \$$$$$$$\ \$$$$$$  |$$ | $$ | $$ |$$$$$$$  |$$ |
\__|  \__|\__|     \__|\__|       \_______| \______/ \__| \__| \__|\_______/ \__|

<--AMP_database> = /work3/josne/github/bacass/assets/databases/amp_DRAMP_database is found and will be used
MMseqs2 directory already exists in /work3/josne/github/bacass/assets/databases/amp_DRAMP_database.

 ########################################################## 
Processing AMP-files from sample: S2685
found macrel file
found ampir file
found amplify file
No InterproScan files were provided. Workflow continuing ....
The fasta containing AMP sequences for S2685 was saved to S2685/ 

The mmseqs alignment for S2685 in progress ....
No AMP hits for S2685 were successfully aligned to the reference database. Consider changing the database.
The mmseqs alignment for S2685 was saved to S2685/.
Estimating functional and structural properties for S2685 ....
Parsing the corresponding gene bank file for S2685 ....
writing S2685_contig_1.gbk
writing S2685_contig_1.gbk
writing S2685_contig_1.gbk
writing S2685_contig_1.gbk
writing S2685_contig_1.gbk
writing S2685_contig_2.gbk
writing S2685_contig_2.gbk
writing S2685_contig_2.gbk
writing S2685_contig_2.gbk
writing S2685_contig_3.gbk
writing S2685_contig_3.gbk
writing S2685_contig_3.gbk
writing S2685_contig_3.gbk
writing S2685_contig_3.gbk
writing S2685_contig_3.gbk
writing S2685_contig_3.gbk
writing S2685_contig_3.gbk
writing S2685_contig_4.gbk
writing S2685_contig_4.gbk
writing S2685_contig_4.gbk
writing S2685_contig_6.gbk
writing S2685_contig_6.gbk
writing S2685_contig_7.gbk
writing S2685_contig_8.gbk
writing S2685_contig_8.gbk
writing S2685_contig_9.gbk
writing S2685_contig_9.gbk
writing S2685_contig_13.gbk
The summary file for S2685 was saved to S2685/S2685.tsv.
Success: 'ampcombi parse_tables' completed successfully ! Now run ampcombi complete !

=== Sample 156/301: S2686 ===

 $$$$$$\  $$\      $$\ $$$$$$$\                                    $$\       $$\|
$$  __$$\ $$$\    $$$ |$$  __$$\                                   $$ |      \__|
$ /   $$ |$$$$\  $$$$ |$$ |  $$ | $$$$$$$\  $$$$$$\  $$$$$$\$$$$\  $$$$$$$\  $$\ 
$$$$$$$$ |$$\$$\$$ $$ |$$$$$$$  |$$  _____|$$  __$$\ $$  _$$  _$$\ $$  __$$\ $$ |
$$  __$$ |$$ \$$$  $$ |$$  ____/ $$ /      $$ /  $$ |$$ / $$ / $$ |$$ |  $$ |$$ |
$$ |  $$ |$$ |\$  /$$ |$$ |      $$ |      $$ |  $$ |$$ | $$ | $$ |$$ |  $$ |$$ |
$$ |  $$ |$$ | \_/ $$ |$$ |      \$$$$$$$\ \$$$$$$  |$$ | $$ | $$ |$$$$$$$  |$$ |
\__|  \__|\__|     \__|\__|       \_______| \______/ \__| \__| \__|\_______/ \__|

<--AMP_database> = /work3/josne/github/bacass/assets/databases/amp_DRAMP_database is found and will be used
MMseqs2 directory already exists in /work3/josne/github/bacass/assets/databases/amp_DRAMP_database.

 ########################################################## 
Processing AMP-files from sample: S2686
found macrel file
found ampir file
found amplify file
No InterproScan files were provided. Workflow continuing ....
The fasta containing AMP sequences for S2686 was saved to S2686/ 

The mmseqs alignment for S2686 in progress ....
No AMP hits for S2686 were successfully aligned to the reference database. Consider changing the database.
The mmseqs alignment for S2686 was saved to S2686/.
Estimating functional and structural properties for S2686 ....
Parsing the corresponding gene bank file for S2686 ....
writing S2686_contig_1.gbk
writing S2686_contig_1.gbk
writing S2686_contig_1.gbk
writing S2686_contig_2.gbk
writing S2686_contig_4.gbk
writing S2686_contig_4.gbk
writing S2686_contig_4.gbk
writing S2686_contig_6.gbk
writing S2686_contig_6.gbk
writing S2686_contig_7.gbk
writing S2686_contig_7.gbk
writing S2686_contig_8.gbk
writing S2686_contig_8.gbk
writing S2686_contig_9.gbk
writing S2686_contig_10.gbk
writing S2686_contig_14.gbk
writing S2686_contig_14.gbk
writing S2686_contig_15.gbk
writing S2686_contig_22.gbk
writing S2686_contig_24.gbk
The summary file for S2686 was saved to S2686/S2686.tsv.
Success: 'ampcombi parse_tables' completed successfully ! Now run ampcombi complete !

=== Sample 157/301: S2687 ===

 $$$$$$\  $$\      $$\ $$$$$$$\                                    $$\       $$\|
$$  __$$\ $$$\    $$$ |$$  __$$\                                   $$ |      \__|
$ /   $$ |$$$$\  $$$$ |$$ |  $$ | $$$$$$$\  $$$$$$\  $$$$$$\$$$$\  $$$$$$$\  $$\ 
$$$$$$$$ |$$\$$\$$ $$ |$$$$$$$  |$$  _____|$$  __$$\ $$  _$$  _$$\ $$  __$$\ $$ |
$$  __$$ |$$ \$$$  $$ |$$  ____/ $$ /      $$ /  $$ |$$ / $$ / $$ |$$ |  $$ |$$ |
$$ |  $$ |$$ |\$  /$$ |$$ |      $$ |      $$ |  $$ |$$ | $$ | $$ |$$ |  $$ |$$ |
$$ |  $$ |$$ | \_/ $$ |$$ |      \$$$$$$$\ \$$$$$$  |$$ | $$ | $$ |$$$$$$$  |$$ |
\__|  \__|\__|     \__|\__|       \_______| \______/ \__| \__| \__|\_______/ \__|

<--AMP_database> = /work3/josne/github/bacass/assets/databases/amp_DRAMP_database is found and will be used
MMseqs2 directory already exists in /work3/josne/github/bacass/assets/databases/amp_DRAMP_database.

 ########################################################## 
Processing AMP-files from sample: S2687
found macrel file
found ampir file
found amplify file
No InterproScan files were provided. Workflow continuing ....
The fasta containing AMP sequences for S2687 was saved to S2687/ 

The mmseqs alignment for S2687 in progress ....
No AMP hits for S2687 were successfully aligned to the reference database. Consider changing the database.
The mmseqs alignment for S2687 was saved to S2687/.
Estimating functional and structural properties for S2687 ....
Parsing the corresponding gene bank file for S2687 ....
writing S2687_contig_1.gbk
writing S2687_contig_1.gbk
writing S2687_contig_1.gbk
writing S2687_contig_1.gbk
writing S2687_contig_1.gbk
writing S2687_contig_1.gbk
writing S2687_contig_2.gbk
writing S2687_contig_2.gbk
writing S2687_contig_2.gbk
writing S2687_contig_2.gbk
writing S2687_contig_3.gbk
writing S2687_contig_3.gbk
writing S2687_contig_3.gbk
writing S2687_contig_4.gbk
writing S2687_contig_4.gbk
writing S2687_contig_4.gbk
writing S2687_contig_4.gbk
writing S2687_contig_4.gbk
writing S2687_contig_8.gbk
writing S2687_contig_11.gbk
writing S2687_contig_11.gbk
writing S2687_contig_14.gbk
The summary file for S2687 was saved to S2687/S2687.tsv.
Success: 'ampcombi parse_tables' completed successfully ! Now run ampcombi complete !

=== Sample 158/301: S2688 ===

 $$$$$$\  $$\      $$\ $$$$$$$\                                    $$\       $$\|
$$  __$$\ $$$\    $$$ |$$  __$$\                                   $$ |      \__|
$ /   $$ |$$$$\  $$$$ |$$ |  $$ | $$$$$$$\  $$$$$$\  $$$$$$\$$$$\  $$$$$$$\  $$\ 
$$$$$$$$ |$$\$$\$$ $$ |$$$$$$$  |$$  _____|$$  __$$\ $$  _$$  _$$\ $$  __$$\ $$ |
$$  __$$ |$$ \$$$  $$ |$$  ____/ $$ /      $$ /  $$ |$$ / $$ / $$ |$$ |  $$ |$$ |
$$ |  $$ |$$ |\$  /$$ |$$ |      $$ |      $$ |  $$ |$$ | $$ | $$ |$$ |  $$ |$$ |
$$ |  $$ |$$ | \_/ $$ |$$ |      \$$$$$$$\ \$$$$$$  |$$ | $$ | $$ |$$$$$$$  |$$ |
\__|  \__|\__|     \__|\__|       \_______| \______/ \__| \__| \__|\_______/ \__|

<--AMP_database> = /work3/josne/github/bacass/assets/databases/amp_DRAMP_database is found and will be used
MMseqs2 directory already exists in /work3/josne/github/bacass/assets/databases/amp_DRAMP_database.

 ########################################################## 
Processing AMP-files from sample: S2688
found macrel file
found ampir file
found amplify file
No InterproScan files were provided. Workflow continuing ....
The fasta containing AMP sequences for S2688 was saved to S2688/ 

The mmseqs alignment for S2688 in progress ....
No AMP hits for S2688 were successfully aligned to the reference database. Consider changing the database.
The mmseqs alignment for S2688 was saved to S2688/.
Estimating functional and structural properties for S2688 ....
Parsing the corresponding gene bank file for S2688 ....
writing S2688_contig_1.gbk
writing S2688_contig_1.gbk
writing S2688_contig_1.gbk
writing S2688_contig_1.gbk
writing S2688_contig_1.gbk
writing S2688_contig_1.gbk
writing S2688_contig_2.gbk
writing S2688_contig_2.gbk
writing S2688_contig_2.gbk
writing S2688_contig_2.gbk
writing S2688_contig_3.gbk
writing S2688_contig_3.gbk
writing S2688_contig_3.gbk
writing S2688_contig_4.gbk
writing S2688_contig_4.gbk
writing S2688_contig_4.gbk
writing S2688_contig_4.gbk
writing S2688_contig_4.gbk
writing S2688_contig_8.gbk
writing S2688_contig_13.gbk
writing S2688_contig_17.gbk
The summary file for S2688 was saved to S2688/S2688.tsv.
Success: 'ampcombi parse_tables' completed successfully ! Now run ampcombi complete !

=== Sample 159/301: S2689 ===

 $$$$$$\  $$\      $$\ $$$$$$$\                                    $$\       $$\|
$$  __$$\ $$$\    $$$ |$$  __$$\                                   $$ |      \__|
$ /   $$ |$$$$\  $$$$ |$$ |  $$ | $$$$$$$\  $$$$$$\  $$$$$$\$$$$\  $$$$$$$\  $$\ 
$$$$$$$$ |$$\$$\$$ $$ |$$$$$$$  |$$  _____|$$  __$$\ $$  _$$  _$$\ $$  __$$\ $$ |
$$  __$$ |$$ \$$$  $$ |$$  ____/ $$ /      $$ /  $$ |$$ / $$ / $$ |$$ |  $$ |$$ |
$$ |  $$ |$$ |\$  /$$ |$$ |      $$ |      $$ |  $$ |$$ | $$ | $$ |$$ |  $$ |$$ |
$$ |  $$ |$$ | \_/ $$ |$$ |      \$$$$$$$\ \$$$$$$  |$$ | $$ | $$ |$$$$$$$  |$$ |
\__|  \__|\__|     \__|\__|       \_______| \______/ \__| \__| \__|\_______/ \__|

<--AMP_database> = /work3/josne/github/bacass/assets/databases/amp_DRAMP_database is found and will be used
MMseqs2 directory already exists in /work3/josne/github/bacass/assets/databases/amp_DRAMP_database.

 ########################################################## 
Processing AMP-files from sample: S2689
found macrel file
found ampir file
found amplify file
No InterproScan files were provided. Workflow continuing ....
The fasta containing AMP sequences for S2689 was saved to S2689/ 

The mmseqs alignment for S2689 in progress ....
No AMP hits for S2689 were successfully aligned to the reference database. Consider changing the database.
The mmseqs alignment for S2689 was saved to S2689/.
Estimating functional and structural properties for S2689 ....
Parsing the corresponding gene bank file for S2689 ....
writing S2689_contig_1.gbk
writing S2689_contig_1.gbk
writing S2689_contig_2.gbk
writing S2689_contig_2.gbk
writing S2689_contig_2.gbk
writing S2689_contig_4.gbk
writing S2689_contig_4.gbk
writing S2689_contig_5.gbk
writing S2689_contig_6.gbk
writing S2689_contig_6.gbk
writing S2689_contig_9.gbk
writing S2689_contig_14.gbk
writing S2689_contig_15.gbk
writing S2689_contig_23.gbk
The summary file for S2689 was saved to S2689/S2689.tsv.
Success: 'ampcombi parse_tables' completed successfully ! Now run ampcombi complete !

=== Sample 160/301: S2690 ===

 $$$$$$\  $$\      $$\ $$$$$$$\                                    $$\       $$\|
$$  __$$\ $$$\    $$$ |$$  __$$\                                   $$ |      \__|
$ /   $$ |$$$$\  $$$$ |$$ |  $$ | $$$$$$$\  $$$$$$\  $$$$$$\$$$$\  $$$$$$$\  $$\ 
$$$$$$$$ |$$\$$\$$ $$ |$$$$$$$  |$$  _____|$$  __$$\ $$  _$$  _$$\ $$  __$$\ $$ |
$$  __$$ |$$ \$$$  $$ |$$  ____/ $$ /      $$ /  $$ |$$ / $$ / $$ |$$ |  $$ |$$ |
$$ |  $$ |$$ |\$  /$$ |$$ |      $$ |      $$ |  $$ |$$ | $$ | $$ |$$ |  $$ |$$ |
$$ |  $$ |$$ | \_/ $$ |$$ |      \$$$$$$$\ \$$$$$$  |$$ | $$ | $$ |$$$$$$$  |$$ |
\__|  \__|\__|     \__|\__|       \_______| \______/ \__| \__| \__|\_______/ \__|

<--AMP_database> = /work3/josne/github/bacass/assets/databases/amp_DRAMP_database is found and will be used
MMseqs2 directory already exists in /work3/josne/github/bacass/assets/databases/amp_DRAMP_database.

 ########################################################## 
Processing AMP-files from sample: S2690
found macrel file
found ampir file
found amplify file
No InterproScan files were provided. Workflow continuing ....
The fasta containing AMP sequences for S2690 was saved to S2690/ 

The mmseqs alignment for S2690 in progress ....
No AMP hits for S2690 were successfully aligned to the reference database. Consider changing the database.
The mmseqs alignment for S2690 was saved to S2690/.
Estimating functional and structural properties for S2690 ....
Parsing the corresponding gene bank file for S2690 ....
writing S2690_contig_1.gbk
writing S2690_contig_1.gbk
writing S2690_contig_1.gbk
writing S2690_contig_1.gbk
writing S2690_contig_1.gbk
writing S2690_contig_1.gbk
writing S2690_contig_2.gbk
writing S2690_contig_2.gbk
writing S2690_contig_2.gbk
writing S2690_contig_2.gbk
writing S2690_contig_2.gbk
writing S2690_contig_3.gbk
writing S2690_contig_3.gbk
writing S2690_contig_4.gbk
writing S2690_contig_4.gbk
writing S2690_contig_4.gbk
writing S2690_contig_4.gbk
writing S2690_contig_4.gbk
writing S2690_contig_5.gbk
writing S2690_contig_7.gbk
writing S2690_contig_8.gbk
writing S2690_contig_8.gbk
writing S2690_contig_11.gbk
writing S2690_contig_16.gbk
The summary file for S2690 was saved to S2690/S2690.tsv.
Success: 'ampcombi parse_tables' completed successfully ! Now run ampcombi complete !

=== Sample 161/301: S2718 ===

 $$$$$$\  $$\      $$\ $$$$$$$\                                    $$\       $$\|
$$  __$$\ $$$\    $$$ |$$  __$$\                                   $$ |      \__|
$ /   $$ |$$$$\  $$$$ |$$ |  $$ | $$$$$$$\  $$$$$$\  $$$$$$\$$$$\  $$$$$$$\  $$\ 
$$$$$$$$ |$$\$$\$$ $$ |$$$$$$$  |$$  _____|$$  __$$\ $$  _$$  _$$\ $$  __$$\ $$ |
$$  __$$ |$$ \$$$  $$ |$$  ____/ $$ /      $$ /  $$ |$$ / $$ / $$ |$$ |  $$ |$$ |
$$ |  $$ |$$ |\$  /$$ |$$ |      $$ |      $$ |  $$ |$$ | $$ | $$ |$$ |  $$ |$$ |
$$ |  $$ |$$ | \_/ $$ |$$ |      \$$$$$$$\ \$$$$$$  |$$ | $$ | $$ |$$$$$$$  |$$ |
\__|  \__|\__|     \__|\__|       \_______| \______/ \__| \__| \__|\_______/ \__|

<--AMP_database> = /work3/josne/github/bacass/assets/databases/amp_DRAMP_database is found and will be used
MMseqs2 directory already exists in /work3/josne/github/bacass/assets/databases/amp_DRAMP_database.

 ########################################################## 
Processing AMP-files from sample: S2718
found macrel file
found ampir file
found amplify file
No InterproScan files were provided. Workflow continuing ....
The fasta containing AMP sequences for S2718 was saved to S2718/ 

The mmseqs alignment for S2718 in progress ....
No AMP hits for S2718 were successfully aligned to the reference database. Consider changing the database.
The mmseqs alignment for S2718 was saved to S2718/.
Estimating functional and structural properties for S2718 ....
Parsing the corresponding gene bank file for S2718 ....
writing S2718_contig_1.gbk
writing S2718_contig_1.gbk
writing S2718_contig_1.gbk
writing S2718_contig_1.gbk
writing S2718_contig_2.gbk
writing S2718_contig_2.gbk
writing S2718_contig_2.gbk
writing S2718_contig_2.gbk
writing S2718_contig_2.gbk
writing S2718_contig_2.gbk
writing S2718_contig_2.gbk
writing S2718_contig_2.gbk
writing S2718_contig_3.gbk
writing S2718_contig_3.gbk
writing S2718_contig_3.gbk
writing S2718_contig_3.gbk
writing S2718_contig_3.gbk
writing S2718_contig_4.gbk
writing S2718_contig_4.gbk
writing S2718_contig_4.gbk
writing S2718_contig_4.gbk
writing S2718_contig_5.gbk
writing S2718_contig_6.gbk
writing S2718_contig_6.gbk
writing S2718_contig_8.gbk
writing S2718_contig_9.gbk
writing S2718_contig_10.gbk
writing S2718_contig_10.gbk
writing S2718_contig_21.gbk
The summary file for S2718 was saved to S2718/S2718.tsv.
Success: 'ampcombi parse_tables' completed successfully ! Now run ampcombi complete !

=== Sample 162/301: S2719 ===

 $$$$$$\  $$\      $$\ $$$$$$$\                                    $$\       $$\|
$$  __$$\ $$$\    $$$ |$$  __$$\                                   $$ |      \__|
$ /   $$ |$$$$\  $$$$ |$$ |  $$ | $$$$$$$\  $$$$$$\  $$$$$$\$$$$\  $$$$$$$\  $$\ 
$$$$$$$$ |$$\$$\$$ $$ |$$$$$$$  |$$  _____|$$  __$$\ $$  _$$  _$$\ $$  __$$\ $$ |
$$  __$$ |$$ \$$$  $$ |$$  ____/ $$ /      $$ /  $$ |$$ / $$ / $$ |$$ |  $$ |$$ |
$$ |  $$ |$$ |\$  /$$ |$$ |      $$ |      $$ |  $$ |$$ | $$ | $$ |$$ |  $$ |$$ |
$$ |  $$ |$$ | \_/ $$ |$$ |      \$$$$$$$\ \$$$$$$  |$$ | $$ | $$ |$$$$$$$  |$$ |
\__|  \__|\__|     \__|\__|       \_______| \______/ \__| \__| \__|\_______/ \__|

<--AMP_database> = /work3/josne/github/bacass/assets/databases/amp_DRAMP_database is found and will be used
MMseqs2 directory already exists in /work3/josne/github/bacass/assets/databases/amp_DRAMP_database.

 ########################################################## 
Processing AMP-files from sample: S2719
found macrel file
found ampir file
found amplify file
No InterproScan files were provided. Workflow continuing ....
The fasta containing AMP sequences for S2719 was saved to S2719/ 

The mmseqs alignment for S2719 in progress ....
No AMP hits for S2719 were successfully aligned to the reference database. Consider changing the database.
The mmseqs alignment for S2719 was saved to S2719/.
Estimating functional and structural properties for S2719 ....
Parsing the corresponding gene bank file for S2719 ....
writing S2719_contig_1.gbk
writing S2719_contig_1.gbk
writing S2719_contig_1.gbk
writing S2719_contig_1.gbk
writing S2719_contig_1.gbk
writing S2719_contig_1.gbk
writing S2719_contig_1.gbk
writing S2719_contig_1.gbk
writing S2719_contig_1.gbk
writing S2719_contig_2.gbk
writing S2719_contig_2.gbk
writing S2719_contig_2.gbk
writing S2719_contig_3.gbk
writing S2719_contig_3.gbk
writing S2719_contig_4.gbk
writing S2719_contig_4.gbk
writing S2719_contig_5.gbk
writing S2719_contig_6.gbk
writing S2719_contig_7.gbk
writing S2719_contig_9.gbk
writing S2719_contig_10.gbk
writing S2719_contig_10.gbk
writing S2719_contig_10.gbk
writing S2719_contig_11.gbk
writing S2719_contig_12.gbk
writing S2719_contig_16.gbk
The summary file for S2719 was saved to S2719/S2719.tsv.
Success: 'ampcombi parse_tables' completed successfully ! Now run ampcombi complete !

=== Sample 163/301: S2720 ===

 $$$$$$\  $$\      $$\ $$$$$$$\                                    $$\       $$\|
$$  __$$\ $$$\    $$$ |$$  __$$\                                   $$ |      \__|
$ /   $$ |$$$$\  $$$$ |$$ |  $$ | $$$$$$$\  $$$$$$\  $$$$$$\$$$$\  $$$$$$$\  $$\ 
$$$$$$$$ |$$\$$\$$ $$ |$$$$$$$  |$$  _____|$$  __$$\ $$  _$$  _$$\ $$  __$$\ $$ |
$$  __$$ |$$ \$$$  $$ |$$  ____/ $$ /      $$ /  $$ |$$ / $$ / $$ |$$ |  $$ |$$ |
$$ |  $$ |$$ |\$  /$$ |$$ |      $$ |      $$ |  $$ |$$ | $$ | $$ |$$ |  $$ |$$ |
$$ |  $$ |$$ | \_/ $$ |$$ |      \$$$$$$$\ \$$$$$$  |$$ | $$ | $$ |$$$$$$$  |$$ |
\__|  \__|\__|     \__|\__|       \_______| \______/ \__| \__| \__|\_______/ \__|

<--AMP_database> = /work3/josne/github/bacass/assets/databases/amp_DRAMP_database is found and will be used
MMseqs2 directory already exists in /work3/josne/github/bacass/assets/databases/amp_DRAMP_database.

 ########################################################## 
Processing AMP-files from sample: S2720
found macrel file
found ampir file
found amplify file
No InterproScan files were provided. Workflow continuing ....
The fasta containing AMP sequences for S2720 was saved to S2720/ 

The mmseqs alignment for S2720 in progress ....
No AMP hits for S2720 were successfully aligned to the reference database. Consider changing the database.
The mmseqs alignment for S2720 was saved to S2720/.
Estimating functional and structural properties for S2720 ....
Parsing the corresponding gene bank file for S2720 ....
writing S2720_contig_1.gbk
writing S2720_contig_1.gbk
writing S2720_contig_1.gbk
writing S2720_contig_1.gbk
writing S2720_contig_1.gbk
writing S2720_contig_1.gbk
writing S2720_contig_2.gbk
writing S2720_contig_4.gbk
writing S2720_contig_4.gbk
writing S2720_contig_4.gbk
writing S2720_contig_5.gbk
writing S2720_contig_5.gbk
writing S2720_contig_5.gbk
writing S2720_contig_6.gbk
writing S2720_contig_6.gbk
writing S2720_contig_6.gbk
writing S2720_contig_7.gbk
writing S2720_contig_7.gbk
writing S2720_contig_7.gbk
writing S2720_contig_8.gbk
writing S2720_contig_8.gbk
writing S2720_contig_9.gbk
writing S2720_contig_9.gbk
writing S2720_contig_10.gbk
writing S2720_contig_12.gbk
writing S2720_contig_12.gbk
writing S2720_contig_16.gbk
writing S2720_contig_16.gbk
writing S2720_contig_20.gbk
writing S2720_contig_24.gbk
writing S2720_contig_51.gbk
The summary file for S2720 was saved to S2720/S2720.tsv.
Success: 'ampcombi parse_tables' completed successfully ! Now run ampcombi complete !

=== Sample 164/301: S2723 ===

 $$$$$$\  $$\      $$\ $$$$$$$\                                    $$\       $$\|
$$  __$$\ $$$\    $$$ |$$  __$$\                                   $$ |      \__|
$ /   $$ |$$$$\  $$$$ |$$ |  $$ | $$$$$$$\  $$$$$$\  $$$$$$\$$$$\  $$$$$$$\  $$\ 
$$$$$$$$ |$$\$$\$$ $$ |$$$$$$$  |$$  _____|$$  __$$\ $$  _$$  _$$\ $$  __$$\ $$ |
$$  __$$ |$$ \$$$  $$ |$$  ____/ $$ /      $$ /  $$ |$$ / $$ / $$ |$$ |  $$ |$$ |
$$ |  $$ |$$ |\$  /$$ |$$ |      $$ |      $$ |  $$ |$$ | $$ | $$ |$$ |  $$ |$$ |
$$ |  $$ |$$ | \_/ $$ |$$ |      \$$$$$$$\ \$$$$$$  |$$ | $$ | $$ |$$$$$$$  |$$ |
\__|  \__|\__|     \__|\__|       \_______| \______/ \__| \__| \__|\_______/ \__|

<--AMP_database> = /work3/josne/github/bacass/assets/databases/amp_DRAMP_database is found and will be used
MMseqs2 directory already exists in /work3/josne/github/bacass/assets/databases/amp_DRAMP_database.

 ########################################################## 
Processing AMP-files from sample: S2723
found macrel file
found ampir file
found amplify file
No InterproScan files were provided. Workflow continuing ....
The fasta containing AMP sequences for S2723 was saved to S2723/ 

The mmseqs alignment for S2723 in progress ....
No AMP hits for S2723 were successfully aligned to the reference database. Consider changing the database.
The mmseqs alignment for S2723 was saved to S2723/.
Estimating functional and structural properties for S2723 ....
Parsing the corresponding gene bank file for S2723 ....
writing S2723_contig_1.gbk
writing S2723_contig_1.gbk
writing S2723_contig_1.gbk
writing S2723_contig_2.gbk
writing S2723_contig_2.gbk
writing S2723_contig_4.gbk
writing S2723_contig_5.gbk
writing S2723_contig_5.gbk
writing S2723_contig_5.gbk
writing S2723_contig_7.gbk
writing S2723_contig_8.gbk
writing S2723_contig_10.gbk
writing S2723_contig_10.gbk
writing S2723_contig_10.gbk
writing S2723_contig_13.gbk
writing S2723_contig_15.gbk
writing S2723_contig_19.gbk
writing S2723_contig_19.gbk
writing S2723_contig_24.gbk
writing S2723_contig_25.gbk
writing S2723_contig_27.gbk
writing S2723_contig_29.gbk
writing S2723_contig_36.gbk
The summary file for S2723 was saved to S2723/S2723.tsv.
Success: 'ampcombi parse_tables' completed successfully ! Now run ampcombi complete !

=== Sample 165/301: S2725 ===

 $$$$$$\  $$\      $$\ $$$$$$$\                                    $$\       $$\|
$$  __$$\ $$$\    $$$ |$$  __$$\                                   $$ |      \__|
$ /   $$ |$$$$\  $$$$ |$$ |  $$ | $$$$$$$\  $$$$$$\  $$$$$$\$$$$\  $$$$$$$\  $$\ 
$$$$$$$$ |$$\$$\$$ $$ |$$$$$$$  |$$  _____|$$  __$$\ $$  _$$  _$$\ $$  __$$\ $$ |
$$  __$$ |$$ \$$$  $$ |$$  ____/ $$ /      $$ /  $$ |$$ / $$ / $$ |$$ |  $$ |$$ |
$$ |  $$ |$$ |\$  /$$ |$$ |      $$ |      $$ |  $$ |$$ | $$ | $$ |$$ |  $$ |$$ |
$$ |  $$ |$$ | \_/ $$ |$$ |      \$$$$$$$\ \$$$$$$  |$$ | $$ | $$ |$$$$$$$  |$$ |
\__|  \__|\__|     \__|\__|       \_______| \______/ \__| \__| \__|\_______/ \__|

<--AMP_database> = /work3/josne/github/bacass/assets/databases/amp_DRAMP_database is found and will be used
MMseqs2 directory already exists in /work3/josne/github/bacass/assets/databases/amp_DRAMP_database.

 ########################################################## 
Processing AMP-files from sample: S2725
found macrel file
found ampir file
found amplify file
No InterproScan files were provided. Workflow continuing ....
The fasta containing AMP sequences for S2725 was saved to S2725/ 

The mmseqs alignment for S2725 in progress ....
No AMP hits for S2725 were successfully aligned to the reference database. Consider changing the database.
The mmseqs alignment for S2725 was saved to S2725/.
Estimating functional and structural properties for S2725 ....
Parsing the corresponding gene bank file for S2725 ....
writing S2725_contig_1.gbk
writing S2725_contig_1.gbk
writing S2725_contig_1.gbk
writing S2725_contig_1.gbk
writing S2725_contig_1.gbk
writing S2725_contig_1.gbk
writing S2725_contig_2.gbk
writing S2725_contig_2.gbk
writing S2725_contig_2.gbk
writing S2725_contig_2.gbk
writing S2725_contig_2.gbk
writing S2725_contig_2.gbk
writing S2725_contig_4.gbk
writing S2725_contig_4.gbk
writing S2725_contig_4.gbk
writing S2725_contig_5.gbk
writing S2725_contig_5.gbk
writing S2725_contig_6.gbk
writing S2725_contig_6.gbk
writing S2725_contig_7.gbk
writing S2725_contig_8.gbk
writing S2725_contig_9.gbk
writing S2725_contig_9.gbk
writing S2725_contig_11.gbk
writing S2725_contig_13.gbk
writing S2725_contig_14.gbk
writing S2725_contig_15.gbk
writing S2725_contig_17.gbk
writing S2725_contig_24.gbk
writing S2725_contig_25.gbk
writing S2725_contig_27.gbk
The summary file for S2725 was saved to S2725/S2725.tsv.
Success: 'ampcombi parse_tables' completed successfully ! Now run ampcombi complete !

=== Sample 166/301: S2726 ===

 $$$$$$\  $$\      $$\ $$$$$$$\                                    $$\       $$\|
$$  __$$\ $$$\    $$$ |$$  __$$\                                   $$ |      \__|
$ /   $$ |$$$$\  $$$$ |$$ |  $$ | $$$$$$$\  $$$$$$\  $$$$$$\$$$$\  $$$$$$$\  $$\ 
$$$$$$$$ |$$\$$\$$ $$ |$$$$$$$  |$$  _____|$$  __$$\ $$  _$$  _$$\ $$  __$$\ $$ |
$$  __$$ |$$ \$$$  $$ |$$  ____/ $$ /      $$ /  $$ |$$ / $$ / $$ |$$ |  $$ |$$ |
$$ |  $$ |$$ |\$  /$$ |$$ |      $$ |      $$ |  $$ |$$ | $$ | $$ |$$ |  $$ |$$ |
$$ |  $$ |$$ | \_/ $$ |$$ |      \$$$$$$$\ \$$$$$$  |$$ | $$ | $$ |$$$$$$$  |$$ |
\__|  \__|\__|     \__|\__|       \_______| \______/ \__| \__| \__|\_______/ \__|

<--AMP_database> = /work3/josne/github/bacass/assets/databases/amp_DRAMP_database is found and will be used
MMseqs2 directory already exists in /work3/josne/github/bacass/assets/databases/amp_DRAMP_database.

 ########################################################## 
Processing AMP-files from sample: S2726
found macrel file
found ampir file
found amplify file
No InterproScan files were provided. Workflow continuing ....
The fasta containing AMP sequences for S2726 was saved to S2726/ 

The mmseqs alignment for S2726 in progress ....
No AMP hits for S2726 were successfully aligned to the reference database. Consider changing the database.
The mmseqs alignment for S2726 was saved to S2726/.
Estimating functional and structural properties for S2726 ....
Parsing the corresponding gene bank file for S2726 ....
writing S2726_contig_1.gbk
writing S2726_contig_1.gbk
writing S2726_contig_1.gbk
writing S2726_contig_1.gbk
writing S2726_contig_1.gbk
writing S2726_contig_1.gbk
writing S2726_contig_1.gbk
writing S2726_contig_1.gbk
writing S2726_contig_2.gbk
writing S2726_contig_2.gbk
writing S2726_contig_3.gbk
writing S2726_contig_3.gbk
writing S2726_contig_4.gbk
writing S2726_contig_4.gbk
writing S2726_contig_6.gbk
writing S2726_contig_7.gbk
writing S2726_contig_9.gbk
writing S2726_contig_9.gbk
writing S2726_contig_10.gbk
writing S2726_contig_10.gbk
writing S2726_contig_12.gbk
writing S2726_contig_15.gbk
writing S2726_contig_19.gbk
writing S2726_contig_20.gbk
writing S2726_contig_22.gbk
The summary file for S2726 was saved to S2726/S2726.tsv.
Success: 'ampcombi parse_tables' completed successfully ! Now run ampcombi complete !

=== Sample 167/301: S2753 ===

 $$$$$$\  $$\      $$\ $$$$$$$\                                    $$\       $$\|
$$  __$$\ $$$\    $$$ |$$  __$$\                                   $$ |      \__|
$ /   $$ |$$$$\  $$$$ |$$ |  $$ | $$$$$$$\  $$$$$$\  $$$$$$\$$$$\  $$$$$$$\  $$\ 
$$$$$$$$ |$$\$$\$$ $$ |$$$$$$$  |$$  _____|$$  __$$\ $$  _$$  _$$\ $$  __$$\ $$ |
$$  __$$ |$$ \$$$  $$ |$$  ____/ $$ /      $$ /  $$ |$$ / $$ / $$ |$$ |  $$ |$$ |
$$ |  $$ |$$ |\$  /$$ |$$ |      $$ |      $$ |  $$ |$$ | $$ | $$ |$$ |  $$ |$$ |
$$ |  $$ |$$ | \_/ $$ |$$ |      \$$$$$$$\ \$$$$$$  |$$ | $$ | $$ |$$$$$$$  |$$ |
\__|  \__|\__|     \__|\__|       \_______| \______/ \__| \__| \__|\_______/ \__|

<--AMP_database> = /work3/josne/github/bacass/assets/databases/amp_DRAMP_database is found and will be used
MMseqs2 directory already exists in /work3/josne/github/bacass/assets/databases/amp_DRAMP_database.

 ########################################################## 
Processing AMP-files from sample: S2753
found macrel file
found ampir file
found amplify file
No InterproScan files were provided. Workflow continuing ....
The fasta containing AMP sequences for S2753 was saved to S2753/ 

The mmseqs alignment for S2753 in progress ....
No AMP hits for S2753 were successfully aligned to the reference database. Consider changing the database.
The mmseqs alignment for S2753 was saved to S2753/.
Estimating functional and structural properties for S2753 ....
Parsing the corresponding gene bank file for S2753 ....
writing S2753_contig_1.gbk
writing S2753_contig_1.gbk
writing S2753_contig_1.gbk
writing S2753_contig_1.gbk
writing S2753_contig_1.gbk
writing S2753_contig_1.gbk
writing S2753_contig_1.gbk
writing S2753_contig_1.gbk
writing S2753_contig_1.gbk
writing S2753_contig_1.gbk
writing S2753_contig_1.gbk
writing S2753_contig_1.gbk
writing S2753_contig_1.gbk
writing S2753_contig_1.gbk
writing S2753_contig_1.gbk
writing S2753_contig_1.gbk
writing S2753_contig_1.gbk
writing S2753_contig_1.gbk
writing S2753_contig_2.gbk
writing S2753_contig_2.gbk
writing S2753_contig_2.gbk
writing S2753_contig_2.gbk
writing S2753_contig_2.gbk
writing S2753_contig_3.gbk
writing S2753_contig_3.gbk
writing S2753_contig_3.gbk
writing S2753_contig_4.gbk
writing S2753_contig_4.gbk
writing S2753_contig_4.gbk
writing S2753_contig_4.gbk
writing S2753_contig_4.gbk
writing S2753_contig_5.gbk
writing S2753_contig_5.gbk
writing S2753_contig_5.gbk
writing S2753_contig_5.gbk
writing S2753_contig_6.gbk
writing S2753_contig_8.gbk
writing S2753_contig_8.gbk
writing S2753_contig_9.gbk
writing S2753_contig_9.gbk
writing S2753_contig_12.gbk
writing S2753_contig_12.gbk
writing S2753_contig_13.gbk
writing S2753_contig_14.gbk
writing S2753_contig_20.gbk
The summary file for S2753 was saved to S2753/S2753.tsv.
Success: 'ampcombi parse_tables' completed successfully ! Now run ampcombi complete !

=== Sample 168/301: S2754 ===

 $$$$$$\  $$\      $$\ $$$$$$$\                                    $$\       $$\|
$$  __$$\ $$$\    $$$ |$$  __$$\                                   $$ |      \__|
$ /   $$ |$$$$\  $$$$ |$$ |  $$ | $$$$$$$\  $$$$$$\  $$$$$$\$$$$\  $$$$$$$\  $$\ 
$$$$$$$$ |$$\$$\$$ $$ |$$$$$$$  |$$  _____|$$  __$$\ $$  _$$  _$$\ $$  __$$\ $$ |
$$  __$$ |$$ \$$$  $$ |$$  ____/ $$ /      $$ /  $$ |$$ / $$ / $$ |$$ |  $$ |$$ |
$$ |  $$ |$$ |\$  /$$ |$$ |      $$ |      $$ |  $$ |$$ | $$ | $$ |$$ |  $$ |$$ |
$$ |  $$ |$$ | \_/ $$ |$$ |      \$$$$$$$\ \$$$$$$  |$$ | $$ | $$ |$$$$$$$  |$$ |
\__|  \__|\__|     \__|\__|       \_______| \______/ \__| \__| \__|\_______/ \__|

<--AMP_database> = /work3/josne/github/bacass/assets/databases/amp_DRAMP_database is found and will be used
MMseqs2 directory already exists in /work3/josne/github/bacass/assets/databases/amp_DRAMP_database.

 ########################################################## 
Processing AMP-files from sample: S2754
found macrel file
found ampir file
found amplify file
No InterproScan files were provided. Workflow continuing ....
The fasta containing AMP sequences for S2754 was saved to S2754/ 

The mmseqs alignment for S2754 in progress ....
No AMP hits for S2754 were successfully aligned to the reference database. Consider changing the database.
The mmseqs alignment for S2754 was saved to S2754/.
Estimating functional and structural properties for S2754 ....
Parsing the corresponding gene bank file for S2754 ....
writing S2754_contig_1.gbk
writing S2754_contig_1.gbk
writing S2754_contig_1.gbk
writing S2754_contig_1.gbk
writing S2754_contig_1.gbk
writing S2754_contig_1.gbk
writing S2754_contig_1.gbk
writing S2754_contig_1.gbk
writing S2754_contig_1.gbk
writing S2754_contig_1.gbk
writing S2754_contig_1.gbk
writing S2754_contig_1.gbk
writing S2754_contig_1.gbk
writing S2754_contig_1.gbk
writing S2754_contig_1.gbk
writing S2754_contig_1.gbk
writing S2754_contig_1.gbk
writing S2754_contig_1.gbk
writing S2754_contig_2.gbk
writing S2754_contig_2.gbk
writing S2754_contig_2.gbk
writing S2754_contig_2.gbk
writing S2754_contig_2.gbk
writing S2754_contig_3.gbk
writing S2754_contig_3.gbk
writing S2754_contig_3.gbk
writing S2754_contig_4.gbk
writing S2754_contig_4.gbk
writing S2754_contig_4.gbk
writing S2754_contig_4.gbk
writing S2754_contig_4.gbk
writing S2754_contig_5.gbk
writing S2754_contig_5.gbk
writing S2754_contig_5.gbk
writing S2754_contig_5.gbk
writing S2754_contig_6.gbk
writing S2754_contig_8.gbk
writing S2754_contig_8.gbk
writing S2754_contig_9.gbk
writing S2754_contig_9.gbk
writing S2754_contig_12.gbk
writing S2754_contig_12.gbk
writing S2754_contig_13.gbk
writing S2754_contig_14.gbk
writing S2754_contig_20.gbk
The summary file for S2754 was saved to S2754/S2754.tsv.
Success: 'ampcombi parse_tables' completed successfully ! Now run ampcombi complete !

=== Sample 169/301: S2757 ===

 $$$$$$\  $$\      $$\ $$$$$$$\                                    $$\       $$\|
$$  __$$\ $$$\    $$$ |$$  __$$\                                   $$ |      \__|
$ /   $$ |$$$$\  $$$$ |$$ |  $$ | $$$$$$$\  $$$$$$\  $$$$$$\$$$$\  $$$$$$$\  $$\ 
$$$$$$$$ |$$\$$\$$ $$ |$$$$$$$  |$$  _____|$$  __$$\ $$  _$$  _$$\ $$  __$$\ $$ |
$$  __$$ |$$ \$$$  $$ |$$  ____/ $$ /      $$ /  $$ |$$ / $$ / $$ |$$ |  $$ |$$ |
$$ |  $$ |$$ |\$  /$$ |$$ |      $$ |      $$ |  $$ |$$ | $$ | $$ |$$ |  $$ |$$ |
$$ |  $$ |$$ | \_/ $$ |$$ |      \$$$$$$$\ \$$$$$$  |$$ | $$ | $$ |$$$$$$$  |$$ |
\__|  \__|\__|     \__|\__|       \_______| \______/ \__| \__| \__|\_______/ \__|

<--AMP_database> = /work3/josne/github/bacass/assets/databases/amp_DRAMP_database is found and will be used
MMseqs2 directory already exists in /work3/josne/github/bacass/assets/databases/amp_DRAMP_database.

 ########################################################## 
Processing AMP-files from sample: S2757
found macrel file
found ampir file
found amplify file
No InterproScan files were provided. Workflow continuing ....
The fasta containing AMP sequences for S2757 was saved to S2757/ 

The mmseqs alignment for S2757 in progress ....
No AMP hits for S2757 were successfully aligned to the reference database. Consider changing the database.
The mmseqs alignment for S2757 was saved to S2757/.
Estimating functional and structural properties for S2757 ....
Parsing the corresponding gene bank file for S2757 ....
writing S2757_contig_1.gbk
writing S2757_contig_2.gbk
writing S2757_contig_2.gbk
writing S2757_contig_2.gbk
writing S2757_contig_2.gbk
writing S2757_contig_2.gbk
writing S2757_contig_2.gbk
writing S2757_contig_2.gbk
writing S2757_contig_3.gbk
writing S2757_contig_3.gbk
writing S2757_contig_3.gbk
writing S2757_contig_3.gbk
writing S2757_contig_3.gbk
writing S2757_contig_3.gbk
writing S2757_contig_3.gbk
writing S2757_contig_4.gbk
writing S2757_contig_5.gbk
writing S2757_contig_6.gbk
writing S2757_contig_7.gbk
writing S2757_contig_7.gbk
writing S2757_contig_10.gbk
writing S2757_contig_11.gbk
writing S2757_contig_11.gbk
writing S2757_contig_12.gbk
writing S2757_contig_13.gbk
writing S2757_contig_17.gbk
writing S2757_contig_17.gbk
writing S2757_contig_18.gbk
writing S2757_contig_19.gbk
writing S2757_contig_28.gbk
writing S2757_contig_28.gbk
The summary file for S2757 was saved to S2757/S2757.tsv.
Success: 'ampcombi parse_tables' completed successfully ! Now run ampcombi complete !

=== Sample 170/301: S2850 ===

 $$$$$$\  $$\      $$\ $$$$$$$\                                    $$\       $$\|
$$  __$$\ $$$\    $$$ |$$  __$$\                                   $$ |      \__|
$ /   $$ |$$$$\  $$$$ |$$ |  $$ | $$$$$$$\  $$$$$$\  $$$$$$\$$$$\  $$$$$$$\  $$\ 
$$$$$$$$ |$$\$$\$$ $$ |$$$$$$$  |$$  _____|$$  __$$\ $$  _$$  _$$\ $$  __$$\ $$ |
$$  __$$ |$$ \$$$  $$ |$$  ____/ $$ /      $$ /  $$ |$$ / $$ / $$ |$$ |  $$ |$$ |
$$ |  $$ |$$ |\$  /$$ |$$ |      $$ |      $$ |  $$ |$$ | $$ | $$ |$$ |  $$ |$$ |
$$ |  $$ |$$ | \_/ $$ |$$ |      \$$$$$$$\ \$$$$$$  |$$ | $$ | $$ |$$$$$$$  |$$ |
\__|  \__|\__|     \__|\__|       \_______| \______/ \__| \__| \__|\_______/ \__|

<--AMP_database> = /work3/josne/github/bacass/assets/databases/amp_DRAMP_database is found and will be used
MMseqs2 directory already exists in /work3/josne/github/bacass/assets/databases/amp_DRAMP_database.

 ########################################################## 
Processing AMP-files from sample: S2850
found macrel file
found ampir file
found amplify file
No InterproScan files were provided. Workflow continuing ....
The fasta containing AMP sequences for S2850 was saved to S2850/ 

The mmseqs alignment for S2850 in progress ....
No AMP hits for S2850 were successfully aligned to the reference database. Consider changing the database.
The mmseqs alignment for S2850 was saved to S2850/.
Estimating functional and structural properties for S2850 ....
Parsing the corresponding gene bank file for S2850 ....
writing S2850_contig_1.gbk
writing S2850_contig_1.gbk
writing S2850_contig_1.gbk
writing S2850_contig_1.gbk
writing S2850_contig_2.gbk
writing S2850_contig_2.gbk
writing S2850_contig_3.gbk
writing S2850_contig_3.gbk
writing S2850_contig_3.gbk
writing S2850_contig_3.gbk
writing S2850_contig_3.gbk
writing S2850_contig_4.gbk
writing S2850_contig_4.gbk
writing S2850_contig_5.gbk
writing S2850_contig_7.gbk
writing S2850_contig_7.gbk
writing S2850_contig_10.gbk
writing S2850_contig_11.gbk
writing S2850_contig_12.gbk
writing S2850_contig_13.gbk
writing S2850_contig_14.gbk
writing S2850_contig_15.gbk
writing S2850_contig_16.gbk
writing S2850_contig_17.gbk
writing S2850_contig_18.gbk
writing S2850_contig_18.gbk
writing S2850_contig_19.gbk
writing S2850_contig_21.gbk
writing S2850_contig_25.gbk
writing S2850_contig_28.gbk
writing S2850_contig_29.gbk
writing S2850_contig_29.gbk
writing S2850_contig_29.gbk
writing S2850_contig_30.gbk
writing S2850_contig_32.gbk
writing S2850_contig_35.gbk
writing S2850_contig_54.gbk
The summary file for S2850 was saved to S2850/S2850.tsv.
Success: 'ampcombi parse_tables' completed successfully ! Now run ampcombi complete !

=== Sample 171/301: S2895 ===

 $$$$$$\  $$\      $$\ $$$$$$$\                                    $$\       $$\|
$$  __$$\ $$$\    $$$ |$$  __$$\                                   $$ |      \__|
$ /   $$ |$$$$\  $$$$ |$$ |  $$ | $$$$$$$\  $$$$$$\  $$$$$$\$$$$\  $$$$$$$\  $$\ 
$$$$$$$$ |$$\$$\$$ $$ |$$$$$$$  |$$  _____|$$  __$$\ $$  _$$  _$$\ $$  __$$\ $$ |
$$  __$$ |$$ \$$$  $$ |$$  ____/ $$ /      $$ /  $$ |$$ / $$ / $$ |$$ |  $$ |$$ |
$$ |  $$ |$$ |\$  /$$ |$$ |      $$ |      $$ |  $$ |$$ | $$ | $$ |$$ |  $$ |$$ |
$$ |  $$ |$$ | \_/ $$ |$$ |      \$$$$$$$\ \$$$$$$  |$$ | $$ | $$ |$$$$$$$  |$$ |
\__|  \__|\__|     \__|\__|       \_______| \______/ \__| \__| \__|\_______/ \__|

<--AMP_database> = /work3/josne/github/bacass/assets/databases/amp_DRAMP_database is found and will be used
MMseqs2 directory already exists in /work3/josne/github/bacass/assets/databases/amp_DRAMP_database.

 ########################################################## 
Processing AMP-files from sample: S2895
found macrel file
found ampir file
found amplify file
No InterproScan files were provided. Workflow continuing ....
The fasta containing AMP sequences for S2895 was saved to S2895/ 

The mmseqs alignment for S2895 in progress ....
No AMP hits for S2895 were successfully aligned to the reference database. Consider changing the database.
The mmseqs alignment for S2895 was saved to S2895/.
Estimating functional and structural properties for S2895 ....
Parsing the corresponding gene bank file for S2895 ....
writing S2895_contig_1.gbk
writing S2895_contig_2.gbk
writing S2895_contig_2.gbk
writing S2895_contig_2.gbk
writing S2895_contig_3.gbk
writing S2895_contig_4.gbk
writing S2895_contig_6.gbk
writing S2895_contig_7.gbk
writing S2895_contig_7.gbk
writing S2895_contig_7.gbk
writing S2895_contig_7.gbk
writing S2895_contig_8.gbk
writing S2895_contig_10.gbk
writing S2895_contig_10.gbk
writing S2895_contig_10.gbk
writing S2895_contig_10.gbk
writing S2895_contig_11.gbk
writing S2895_contig_12.gbk
writing S2895_contig_12.gbk
writing S2895_contig_13.gbk
writing S2895_contig_14.gbk
writing S2895_contig_15.gbk
writing S2895_contig_15.gbk
writing S2895_contig_16.gbk
writing S2895_contig_19.gbk
writing S2895_contig_24.gbk
writing S2895_contig_24.gbk
writing S2895_contig_29.gbk
writing S2895_contig_32.gbk
writing S2895_contig_35.gbk
writing S2895_contig_35.gbk
writing S2895_contig_44.gbk
writing S2895_contig_47.gbk
writing S2895_contig_47.gbk
writing S2895_contig_56.gbk
writing S2895_contig_59.gbk
writing S2895_contig_71.gbk
The summary file for S2895 was saved to S2895/S2895.tsv.
Success: 'ampcombi parse_tables' completed successfully ! Now run ampcombi complete !

=== Sample 172/301: S2946 ===

 $$$$$$\  $$\      $$\ $$$$$$$\                                    $$\       $$\|
$$  __$$\ $$$\    $$$ |$$  __$$\                                   $$ |      \__|
$ /   $$ |$$$$\  $$$$ |$$ |  $$ | $$$$$$$\  $$$$$$\  $$$$$$\$$$$\  $$$$$$$\  $$\ 
$$$$$$$$ |$$\$$\$$ $$ |$$$$$$$  |$$  _____|$$  __$$\ $$  _$$  _$$\ $$  __$$\ $$ |
$$  __$$ |$$ \$$$  $$ |$$  ____/ $$ /      $$ /  $$ |$$ / $$ / $$ |$$ |  $$ |$$ |
$$ |  $$ |$$ |\$  /$$ |$$ |      $$ |      $$ |  $$ |$$ | $$ | $$ |$$ |  $$ |$$ |
$$ |  $$ |$$ | \_/ $$ |$$ |      \$$$$$$$\ \$$$$$$  |$$ | $$ | $$ |$$$$$$$  |$$ |
\__|  \__|\__|     \__|\__|       \_______| \______/ \__| \__| \__|\_______/ \__|

<--AMP_database> = /work3/josne/github/bacass/assets/databases/amp_DRAMP_database is found and will be used
MMseqs2 directory already exists in /work3/josne/github/bacass/assets/databases/amp_DRAMP_database.

 ########################################################## 
Processing AMP-files from sample: S2946
found macrel file
found ampir file
found amplify file
No InterproScan files were provided. Workflow continuing ....
The fasta containing AMP sequences for S2946 was saved to S2946/ 

The mmseqs alignment for S2946 in progress ....
No AMP hits for S2946 were successfully aligned to the reference database. Consider changing the database.
The mmseqs alignment for S2946 was saved to S2946/.
Estimating functional and structural properties for S2946 ....
Parsing the corresponding gene bank file for S2946 ....
writing S2946_contig_1.gbk
writing S2946_contig_1.gbk
writing S2946_contig_1.gbk
writing S2946_contig_1.gbk
writing S2946_contig_1.gbk
writing S2946_contig_1.gbk
writing S2946_contig_1.gbk
writing S2946_contig_1.gbk
writing S2946_contig_2.gbk
writing S2946_contig_2.gbk
writing S2946_contig_2.gbk
writing S2946_contig_3.gbk
writing S2946_contig_3.gbk
writing S2946_contig_3.gbk
writing S2946_contig_3.gbk
writing S2946_contig_3.gbk
writing S2946_contig_3.gbk
writing S2946_contig_3.gbk
writing S2946_contig_5.gbk
writing S2946_contig_5.gbk
writing S2946_contig_7.gbk
writing S2946_contig_7.gbk
writing S2946_contig_7.gbk
writing S2946_contig_7.gbk
writing S2946_contig_7.gbk
writing S2946_contig_8.gbk
writing S2946_contig_10.gbk
writing S2946_contig_10.gbk
writing S2946_contig_11.gbk
writing S2946_contig_13.gbk
writing S2946_contig_15.gbk
writing S2946_contig_23.gbk
The summary file for S2946 was saved to S2946/S2946.tsv.
Success: 'ampcombi parse_tables' completed successfully ! Now run ampcombi complete !

=== Sample 173/301: S2947 ===

 $$$$$$\  $$\      $$\ $$$$$$$\                                    $$\       $$\|
$$  __$$\ $$$\    $$$ |$$  __$$\                                   $$ |      \__|
$ /   $$ |$$$$\  $$$$ |$$ |  $$ | $$$$$$$\  $$$$$$\  $$$$$$\$$$$\  $$$$$$$\  $$\ 
$$$$$$$$ |$$\$$\$$ $$ |$$$$$$$  |$$  _____|$$  __$$\ $$  _$$  _$$\ $$  __$$\ $$ |
$$  __$$ |$$ \$$$  $$ |$$  ____/ $$ /      $$ /  $$ |$$ / $$ / $$ |$$ |  $$ |$$ |
$$ |  $$ |$$ |\$  /$$ |$$ |      $$ |      $$ |  $$ |$$ | $$ | $$ |$$ |  $$ |$$ |
$$ |  $$ |$$ | \_/ $$ |$$ |      \$$$$$$$\ \$$$$$$  |$$ | $$ | $$ |$$$$$$$  |$$ |
\__|  \__|\__|     \__|\__|       \_______| \______/ \__| \__| \__|\_______/ \__|

<--AMP_database> = /work3/josne/github/bacass/assets/databases/amp_DRAMP_database is found and will be used
MMseqs2 directory already exists in /work3/josne/github/bacass/assets/databases/amp_DRAMP_database.

 ########################################################## 
Processing AMP-files from sample: S2947
found macrel file
found ampir file
found amplify file
No InterproScan files were provided. Workflow continuing ....
The fasta containing AMP sequences for S2947 was saved to S2947/ 

The mmseqs alignment for S2947 in progress ....
No AMP hits for S2947 were successfully aligned to the reference database. Consider changing the database.
The mmseqs alignment for S2947 was saved to S2947/.
Estimating functional and structural properties for S2947 ....
Parsing the corresponding gene bank file for S2947 ....
writing S2947_contig_1.gbk
writing S2947_contig_1.gbk
writing S2947_contig_1.gbk
writing S2947_contig_1.gbk
writing S2947_contig_1.gbk
writing S2947_contig_1.gbk
writing S2947_contig_1.gbk
writing S2947_contig_1.gbk
writing S2947_contig_1.gbk
writing S2947_contig_2.gbk
writing S2947_contig_2.gbk
writing S2947_contig_2.gbk
writing S2947_contig_2.gbk
writing S2947_contig_2.gbk
writing S2947_contig_3.gbk
writing S2947_contig_5.gbk
writing S2947_contig_5.gbk
writing S2947_contig_5.gbk
writing S2947_contig_5.gbk
writing S2947_contig_5.gbk
writing S2947_contig_6.gbk
writing S2947_contig_10.gbk
writing S2947_contig_11.gbk
writing S2947_contig_13.gbk
writing S2947_contig_14.gbk
writing S2947_contig_15.gbk
writing S2947_contig_17.gbk
writing S2947_contig_18.gbk
writing S2947_contig_21.gbk
The summary file for S2947 was saved to S2947/S2947.tsv.
Success: 'ampcombi parse_tables' completed successfully ! Now run ampcombi complete !

=== Sample 174/301: S2948 ===

 $$$$$$\  $$\      $$\ $$$$$$$\                                    $$\       $$\|
$$  __$$\ $$$\    $$$ |$$  __$$\                                   $$ |      \__|
$ /   $$ |$$$$\  $$$$ |$$ |  $$ | $$$$$$$\  $$$$$$\  $$$$$$\$$$$\  $$$$$$$\  $$\ 
$$$$$$$$ |$$\$$\$$ $$ |$$$$$$$  |$$  _____|$$  __$$\ $$  _$$  _$$\ $$  __$$\ $$ |
$$  __$$ |$$ \$$$  $$ |$$  ____/ $$ /      $$ /  $$ |$$ / $$ / $$ |$$ |  $$ |$$ |
$$ |  $$ |$$ |\$  /$$ |$$ |      $$ |      $$ |  $$ |$$ | $$ | $$ |$$ |  $$ |$$ |
$$ |  $$ |$$ | \_/ $$ |$$ |      \$$$$$$$\ \$$$$$$  |$$ | $$ | $$ |$$$$$$$  |$$ |
\__|  \__|\__|     \__|\__|       \_______| \______/ \__| \__| \__|\_______/ \__|

<--AMP_database> = /work3/josne/github/bacass/assets/databases/amp_DRAMP_database is found and will be used
MMseqs2 directory already exists in /work3/josne/github/bacass/assets/databases/amp_DRAMP_database.

 ########################################################## 
Processing AMP-files from sample: S2948
found macrel file
found ampir file
found amplify file
No InterproScan files were provided. Workflow continuing ....
The fasta containing AMP sequences for S2948 was saved to S2948/ 

The mmseqs alignment for S2948 in progress ....
No AMP hits for S2948 were successfully aligned to the reference database. Consider changing the database.
The mmseqs alignment for S2948 was saved to S2948/.
Estimating functional and structural properties for S2948 ....
Parsing the corresponding gene bank file for S2948 ....
writing S2948_contig_1.gbk
writing S2948_contig_1.gbk
writing S2948_contig_1.gbk
writing S2948_contig_1.gbk
writing S2948_contig_1.gbk
writing S2948_contig_1.gbk
writing S2948_contig_1.gbk
writing S2948_contig_1.gbk
writing S2948_contig_2.gbk
writing S2948_contig_2.gbk
writing S2948_contig_2.gbk
writing S2948_contig_2.gbk
writing S2948_contig_2.gbk
writing S2948_contig_3.gbk
writing S2948_contig_3.gbk
writing S2948_contig_3.gbk
writing S2948_contig_3.gbk
writing S2948_contig_3.gbk
writing S2948_contig_3.gbk
writing S2948_contig_4.gbk
writing S2948_contig_4.gbk
writing S2948_contig_5.gbk
writing S2948_contig_5.gbk
writing S2948_contig_6.gbk
writing S2948_contig_6.gbk
writing S2948_contig_7.gbk
writing S2948_contig_7.gbk
writing S2948_contig_11.gbk
writing S2948_contig_16.gbk
writing S2948_contig_17.gbk
writing S2948_contig_20.gbk
writing S2948_contig_23.gbk
The summary file for S2948 was saved to S2948/S2948.tsv.
Success: 'ampcombi parse_tables' completed successfully ! Now run ampcombi complete !

=== Sample 175/301: S2949 ===

 $$$$$$\  $$\      $$\ $$$$$$$\                                    $$\       $$\|
$$  __$$\ $$$\    $$$ |$$  __$$\                                   $$ |      \__|
$ /   $$ |$$$$\  $$$$ |$$ |  $$ | $$$$$$$\  $$$$$$\  $$$$$$\$$$$\  $$$$$$$\  $$\ 
$$$$$$$$ |$$\$$\$$ $$ |$$$$$$$  |$$  _____|$$  __$$\ $$  _$$  _$$\ $$  __$$\ $$ |
$$  __$$ |$$ \$$$  $$ |$$  ____/ $$ /      $$ /  $$ |$$ / $$ / $$ |$$ |  $$ |$$ |
$$ |  $$ |$$ |\$  /$$ |$$ |      $$ |      $$ |  $$ |$$ | $$ | $$ |$$ |  $$ |$$ |
$$ |  $$ |$$ | \_/ $$ |$$ |      \$$$$$$$\ \$$$$$$  |$$ | $$ | $$ |$$$$$$$  |$$ |
\__|  \__|\__|     \__|\__|       \_______| \______/ \__| \__| \__|\_______/ \__|

<--AMP_database> = /work3/josne/github/bacass/assets/databases/amp_DRAMP_database is found and will be used
MMseqs2 directory already exists in /work3/josne/github/bacass/assets/databases/amp_DRAMP_database.

 ########################################################## 
Processing AMP-files from sample: S2949
found macrel file
found ampir file
found amplify file
No InterproScan files were provided. Workflow continuing ....
The fasta containing AMP sequences for S2949 was saved to S2949/ 

The mmseqs alignment for S2949 in progress ....
No AMP hits for S2949 were successfully aligned to the reference database. Consider changing the database.
The mmseqs alignment for S2949 was saved to S2949/.
Estimating functional and structural properties for S2949 ....
Parsing the corresponding gene bank file for S2949 ....
writing S2949_contig_1.gbk
writing S2949_contig_1.gbk
writing S2949_contig_1.gbk
writing S2949_contig_1.gbk
writing S2949_contig_1.gbk
writing S2949_contig_1.gbk
writing S2949_contig_1.gbk
writing S2949_contig_1.gbk
writing S2949_contig_2.gbk
writing S2949_contig_2.gbk
writing S2949_contig_2.gbk
writing S2949_contig_2.gbk
writing S2949_contig_2.gbk
writing S2949_contig_2.gbk
writing S2949_contig_3.gbk
writing S2949_contig_3.gbk
writing S2949_contig_3.gbk
writing S2949_contig_4.gbk
writing S2949_contig_4.gbk
writing S2949_contig_4.gbk
writing S2949_contig_4.gbk
writing S2949_contig_7.gbk
writing S2949_contig_7.gbk
writing S2949_contig_7.gbk
writing S2949_contig_7.gbk
writing S2949_contig_8.gbk
writing S2949_contig_9.gbk
writing S2949_contig_11.gbk
writing S2949_contig_12.gbk
writing S2949_contig_15.gbk
writing S2949_contig_16.gbk
The summary file for S2949 was saved to S2949/S2949.tsv.
Success: 'ampcombi parse_tables' completed successfully ! Now run ampcombi complete !

=== Sample 176/301: S2950 ===

 $$$$$$\  $$\      $$\ $$$$$$$\                                    $$\       $$\|
$$  __$$\ $$$\    $$$ |$$  __$$\                                   $$ |      \__|
$ /   $$ |$$$$\  $$$$ |$$ |  $$ | $$$$$$$\  $$$$$$\  $$$$$$\$$$$\  $$$$$$$\  $$\ 
$$$$$$$$ |$$\$$\$$ $$ |$$$$$$$  |$$  _____|$$  __$$\ $$  _$$  _$$\ $$  __$$\ $$ |
$$  __$$ |$$ \$$$  $$ |$$  ____/ $$ /      $$ /  $$ |$$ / $$ / $$ |$$ |  $$ |$$ |
$$ |  $$ |$$ |\$  /$$ |$$ |      $$ |      $$ |  $$ |$$ | $$ | $$ |$$ |  $$ |$$ |
$$ |  $$ |$$ | \_/ $$ |$$ |      \$$$$$$$\ \$$$$$$  |$$ | $$ | $$ |$$$$$$$  |$$ |
\__|  \__|\__|     \__|\__|       \_______| \______/ \__| \__| \__|\_______/ \__|

<--AMP_database> = /work3/josne/github/bacass/assets/databases/amp_DRAMP_database is found and will be used
MMseqs2 directory already exists in /work3/josne/github/bacass/assets/databases/amp_DRAMP_database.

 ########################################################## 
Processing AMP-files from sample: S2950
found macrel file
found ampir file
found amplify file
No InterproScan files were provided. Workflow continuing ....
The fasta containing AMP sequences for S2950 was saved to S2950/ 

The mmseqs alignment for S2950 in progress ....
No AMP hits for S2950 were successfully aligned to the reference database. Consider changing the database.
The mmseqs alignment for S2950 was saved to S2950/.
Estimating functional and structural properties for S2950 ....
Parsing the corresponding gene bank file for S2950 ....
writing S2950_contig_1.gbk
writing S2950_contig_1.gbk
writing S2950_contig_1.gbk
writing S2950_contig_1.gbk
writing S2950_contig_1.gbk
writing S2950_contig_1.gbk
writing S2950_contig_1.gbk
writing S2950_contig_1.gbk
writing S2950_contig_2.gbk
writing S2950_contig_2.gbk
writing S2950_contig_2.gbk
writing S2950_contig_2.gbk
writing S2950_contig_2.gbk
writing S2950_contig_3.gbk
writing S2950_contig_5.gbk
writing S2950_contig_5.gbk
writing S2950_contig_5.gbk
writing S2950_contig_5.gbk
writing S2950_contig_5.gbk
writing S2950_contig_6.gbk
writing S2950_contig_10.gbk
writing S2950_contig_11.gbk
writing S2950_contig_13.gbk
writing S2950_contig_13.gbk
writing S2950_contig_14.gbk
writing S2950_contig_15.gbk
writing S2950_contig_17.gbk
writing S2950_contig_18.gbk
writing S2950_contig_21.gbk
The summary file for S2950 was saved to S2950/S2950.tsv.
Success: 'ampcombi parse_tables' completed successfully ! Now run ampcombi complete !

=== Sample 177/301: S2951 ===

 $$$$$$\  $$\      $$\ $$$$$$$\                                    $$\       $$\|
$$  __$$\ $$$\    $$$ |$$  __$$\                                   $$ |      \__|
$ /   $$ |$$$$\  $$$$ |$$ |  $$ | $$$$$$$\  $$$$$$\  $$$$$$\$$$$\  $$$$$$$\  $$\ 
$$$$$$$$ |$$\$$\$$ $$ |$$$$$$$  |$$  _____|$$  __$$\ $$  _$$  _$$\ $$  __$$\ $$ |
$$  __$$ |$$ \$$$  $$ |$$  ____/ $$ /      $$ /  $$ |$$ / $$ / $$ |$$ |  $$ |$$ |
$$ |  $$ |$$ |\$  /$$ |$$ |      $$ |      $$ |  $$ |$$ | $$ | $$ |$$ |  $$ |$$ |
$$ |  $$ |$$ | \_/ $$ |$$ |      \$$$$$$$\ \$$$$$$  |$$ | $$ | $$ |$$$$$$$  |$$ |
\__|  \__|\__|     \__|\__|       \_______| \______/ \__| \__| \__|\_______/ \__|

<--AMP_database> = /work3/josne/github/bacass/assets/databases/amp_DRAMP_database is found and will be used
MMseqs2 directory already exists in /work3/josne/github/bacass/assets/databases/amp_DRAMP_database.

 ########################################################## 
Processing AMP-files from sample: S2951
found macrel file
found ampir file
found amplify file
No InterproScan files were provided. Workflow continuing ....
The fasta containing AMP sequences for S2951 was saved to S2951/ 

The mmseqs alignment for S2951 in progress ....
No AMP hits for S2951 were successfully aligned to the reference database. Consider changing the database.
The mmseqs alignment for S2951 was saved to S2951/.
Estimating functional and structural properties for S2951 ....
Parsing the corresponding gene bank file for S2951 ....
writing S2951_contig_1.gbk
writing S2951_contig_1.gbk
writing S2951_contig_2.gbk
writing S2951_contig_2.gbk
writing S2951_contig_3.gbk
writing S2951_contig_6.gbk
writing S2951_contig_8.gbk
writing S2951_contig_8.gbk
writing S2951_contig_8.gbk
writing S2951_contig_8.gbk
writing S2951_contig_10.gbk
writing S2951_contig_11.gbk
writing S2951_contig_12.gbk
writing S2951_contig_12.gbk
writing S2951_contig_13.gbk
writing S2951_contig_13.gbk
writing S2951_contig_14.gbk
writing S2951_contig_14.gbk
writing S2951_contig_14.gbk
writing S2951_contig_14.gbk
writing S2951_contig_15.gbk
writing S2951_contig_17.gbk
writing S2951_contig_17.gbk
writing S2951_contig_18.gbk
writing S2951_contig_19.gbk
writing S2951_contig_20.gbk
writing S2951_contig_21.gbk
writing S2951_contig_21.gbk
writing S2951_contig_23.gbk
writing S2951_contig_26.gbk
writing S2951_contig_26.gbk
writing S2951_contig_30.gbk
writing S2951_contig_31.gbk
writing S2951_contig_35.gbk
The summary file for S2951 was saved to S2951/S2951.tsv.
Success: 'ampcombi parse_tables' completed successfully ! Now run ampcombi complete !

=== Sample 178/301: S2984 ===

 $$$$$$\  $$\      $$\ $$$$$$$\                                    $$\       $$\|
$$  __$$\ $$$\    $$$ |$$  __$$\                                   $$ |      \__|
$ /   $$ |$$$$\  $$$$ |$$ |  $$ | $$$$$$$\  $$$$$$\  $$$$$$\$$$$\  $$$$$$$\  $$\ 
$$$$$$$$ |$$\$$\$$ $$ |$$$$$$$  |$$  _____|$$  __$$\ $$  _$$  _$$\ $$  __$$\ $$ |
$$  __$$ |$$ \$$$  $$ |$$  ____/ $$ /      $$ /  $$ |$$ / $$ / $$ |$$ |  $$ |$$ |
$$ |  $$ |$$ |\$  /$$ |$$ |      $$ |      $$ |  $$ |$$ | $$ | $$ |$$ |  $$ |$$ |
$$ |  $$ |$$ | \_/ $$ |$$ |      \$$$$$$$\ \$$$$$$  |$$ | $$ | $$ |$$$$$$$  |$$ |
\__|  \__|\__|     \__|\__|       \_______| \______/ \__| \__| \__|\_______/ \__|

<--AMP_database> = /work3/josne/github/bacass/assets/databases/amp_DRAMP_database is found and will be used
MMseqs2 directory already exists in /work3/josne/github/bacass/assets/databases/amp_DRAMP_database.

 ########################################################## 
Processing AMP-files from sample: S2984
found macrel file
found ampir file
found amplify file
No InterproScan files were provided. Workflow continuing ....
The fasta containing AMP sequences for S2984 was saved to S2984/ 

The mmseqs alignment for S2984 in progress ....
No AMP hits for S2984 were successfully aligned to the reference database. Consider changing the database.
The mmseqs alignment for S2984 was saved to S2984/.
Estimating functional and structural properties for S2984 ....
Parsing the corresponding gene bank file for S2984 ....
writing S2984_contig_2.gbk
writing S2984_contig_2.gbk
writing S2984_contig_3.gbk
writing S2984_contig_3.gbk
writing S2984_contig_4.gbk
writing S2984_contig_4.gbk
writing S2984_contig_5.gbk
writing S2984_contig_5.gbk
writing S2984_contig_8.gbk
writing S2984_contig_9.gbk
writing S2984_contig_11.gbk
writing S2984_contig_13.gbk
writing S2984_contig_16.gbk
writing S2984_contig_19.gbk
writing S2984_contig_19.gbk
writing S2984_contig_19.gbk
writing S2984_contig_19.gbk
writing S2984_contig_20.gbk
writing S2984_contig_23.gbk
writing S2984_contig_24.gbk
writing S2984_contig_32.gbk
writing S2984_contig_35.gbk
writing S2984_contig_36.gbk
writing S2984_contig_36.gbk
writing S2984_contig_36.gbk
writing S2984_contig_49.gbk
writing S2984_contig_52.gbk
writing S2984_contig_54.gbk
writing S2984_contig_55.gbk
writing S2984_contig_55.gbk
writing S2984_contig_63.gbk
The summary file for S2984 was saved to S2984/S2984.tsv.
Success: 'ampcombi parse_tables' completed successfully ! Now run ampcombi complete !

=== Sample 179/301: S3026 ===

 $$$$$$\  $$\      $$\ $$$$$$$\                                    $$\       $$\|
$$  __$$\ $$$\    $$$ |$$  __$$\                                   $$ |      \__|
$ /   $$ |$$$$\  $$$$ |$$ |  $$ | $$$$$$$\  $$$$$$\  $$$$$$\$$$$\  $$$$$$$\  $$\ 
$$$$$$$$ |$$\$$\$$ $$ |$$$$$$$  |$$  _____|$$  __$$\ $$  _$$  _$$\ $$  __$$\ $$ |
$$  __$$ |$$ \$$$  $$ |$$  ____/ $$ /      $$ /  $$ |$$ / $$ / $$ |$$ |  $$ |$$ |
$$ |  $$ |$$ |\$  /$$ |$$ |      $$ |      $$ |  $$ |$$ | $$ | $$ |$$ |  $$ |$$ |
$$ |  $$ |$$ | \_/ $$ |$$ |      \$$$$$$$\ \$$$$$$  |$$ | $$ | $$ |$$$$$$$  |$$ |
\__|  \__|\__|     \__|\__|       \_______| \______/ \__| \__| \__|\_______/ \__|

<--AMP_database> = /work3/josne/github/bacass/assets/databases/amp_DRAMP_database is found and will be used
MMseqs2 directory already exists in /work3/josne/github/bacass/assets/databases/amp_DRAMP_database.

 ########################################################## 
Processing AMP-files from sample: S3026
found macrel file
found ampir file
found amplify file
No InterproScan files were provided. Workflow continuing ....
The fasta containing AMP sequences for S3026 was saved to S3026/ 

The mmseqs alignment for S3026 in progress ....
No AMP hits for S3026 were successfully aligned to the reference database. Consider changing the database.
The mmseqs alignment for S3026 was saved to S3026/.
Estimating functional and structural properties for S3026 ....
Parsing the corresponding gene bank file for S3026 ....
writing S3026_contig_1.gbk
writing S3026_contig_1.gbk
writing S3026_contig_1.gbk
writing S3026_contig_1.gbk
writing S3026_contig_1.gbk
writing S3026_contig_2.gbk
writing S3026_contig_2.gbk
writing S3026_contig_2.gbk
writing S3026_contig_3.gbk
writing S3026_contig_4.gbk
writing S3026_contig_4.gbk
writing S3026_contig_4.gbk
writing S3026_contig_4.gbk
writing S3026_contig_6.gbk
writing S3026_contig_6.gbk
writing S3026_contig_7.gbk
writing S3026_contig_8.gbk
writing S3026_contig_9.gbk
writing S3026_contig_11.gbk
writing S3026_contig_15.gbk
writing S3026_contig_15.gbk
writing S3026_contig_15.gbk
writing S3026_contig_15.gbk
writing S3026_contig_16.gbk
writing S3026_contig_24.gbk
writing S3026_contig_40.gbk
The summary file for S3026 was saved to S3026/S3026.tsv.
Success: 'ampcombi parse_tables' completed successfully ! Now run ampcombi complete !

=== Sample 180/301: S3027 ===

 $$$$$$\  $$\      $$\ $$$$$$$\                                    $$\       $$\|
$$  __$$\ $$$\    $$$ |$$  __$$\                                   $$ |      \__|
$ /   $$ |$$$$\  $$$$ |$$ |  $$ | $$$$$$$\  $$$$$$\  $$$$$$\$$$$\  $$$$$$$\  $$\ 
$$$$$$$$ |$$\$$\$$ $$ |$$$$$$$  |$$  _____|$$  __$$\ $$  _$$  _$$\ $$  __$$\ $$ |
$$  __$$ |$$ \$$$  $$ |$$  ____/ $$ /      $$ /  $$ |$$ / $$ / $$ |$$ |  $$ |$$ |
$$ |  $$ |$$ |\$  /$$ |$$ |      $$ |      $$ |  $$ |$$ | $$ | $$ |$$ |  $$ |$$ |
$$ |  $$ |$$ | \_/ $$ |$$ |      \$$$$$$$\ \$$$$$$  |$$ | $$ | $$ |$$$$$$$  |$$ |
\__|  \__|\__|     \__|\__|       \_______| \______/ \__| \__| \__|\_______/ \__|

<--AMP_database> = /work3/josne/github/bacass/assets/databases/amp_DRAMP_database is found and will be used
MMseqs2 directory already exists in /work3/josne/github/bacass/assets/databases/amp_DRAMP_database.

 ########################################################## 
Processing AMP-files from sample: S3027
found macrel file
found ampir file
found amplify file
No InterproScan files were provided. Workflow continuing ....
The fasta containing AMP sequences for S3027 was saved to S3027/ 

The mmseqs alignment for S3027 in progress ....
No AMP hits for S3027 were successfully aligned to the reference database. Consider changing the database.
The mmseqs alignment for S3027 was saved to S3027/.
Estimating functional and structural properties for S3027 ....
Parsing the corresponding gene bank file for S3027 ....
writing S3027_contig_1.gbk
writing S3027_contig_1.gbk
writing S3027_contig_1.gbk
writing S3027_contig_1.gbk
writing S3027_contig_1.gbk
writing S3027_contig_1.gbk
writing S3027_contig_1.gbk
writing S3027_contig_1.gbk
writing S3027_contig_2.gbk
writing S3027_contig_2.gbk
writing S3027_contig_3.gbk
writing S3027_contig_4.gbk
writing S3027_contig_6.gbk
writing S3027_contig_6.gbk
writing S3027_contig_6.gbk
writing S3027_contig_7.gbk
writing S3027_contig_7.gbk
writing S3027_contig_7.gbk
writing S3027_contig_9.gbk
writing S3027_contig_10.gbk
writing S3027_contig_11.gbk
writing S3027_contig_11.gbk
writing S3027_contig_11.gbk
writing S3027_contig_11.gbk
writing S3027_contig_13.gbk
writing S3027_contig_14.gbk
writing S3027_contig_14.gbk
writing S3027_contig_14.gbk
writing S3027_contig_14.gbk
writing S3027_contig_16.gbk
writing S3027_contig_17.gbk
writing S3027_contig_20.gbk
writing S3027_contig_22.gbk
writing S3027_contig_28.gbk
The summary file for S3027 was saved to S3027/S3027.tsv.
Success: 'ampcombi parse_tables' completed successfully ! Now run ampcombi complete !

=== Sample 181/301: S3030 ===

 $$$$$$\  $$\      $$\ $$$$$$$\                                    $$\       $$\|
$$  __$$\ $$$\    $$$ |$$  __$$\                                   $$ |      \__|
$ /   $$ |$$$$\  $$$$ |$$ |  $$ | $$$$$$$\  $$$$$$\  $$$$$$\$$$$\  $$$$$$$\  $$\ 
$$$$$$$$ |$$\$$\$$ $$ |$$$$$$$  |$$  _____|$$  __$$\ $$  _$$  _$$\ $$  __$$\ $$ |
$$  __$$ |$$ \$$$  $$ |$$  ____/ $$ /      $$ /  $$ |$$ / $$ / $$ |$$ |  $$ |$$ |
$$ |  $$ |$$ |\$  /$$ |$$ |      $$ |      $$ |  $$ |$$ | $$ | $$ |$$ |  $$ |$$ |
$$ |  $$ |$$ | \_/ $$ |$$ |      \$$$$$$$\ \$$$$$$  |$$ | $$ | $$ |$$$$$$$  |$$ |
\__|  \__|\__|     \__|\__|       \_______| \______/ \__| \__| \__|\_______/ \__|

<--AMP_database> = /work3/josne/github/bacass/assets/databases/amp_DRAMP_database is found and will be used
MMseqs2 directory already exists in /work3/josne/github/bacass/assets/databases/amp_DRAMP_database.

 ########################################################## 
Processing AMP-files from sample: S3030
found macrel file
found ampir file
found amplify file
No InterproScan files were provided. Workflow continuing ....
The fasta containing AMP sequences for S3030 was saved to S3030/ 

The mmseqs alignment for S3030 in progress ....
No AMP hits for S3030 were successfully aligned to the reference database. Consider changing the database.
The mmseqs alignment for S3030 was saved to S3030/.
Estimating functional and structural properties for S3030 ....
Parsing the corresponding gene bank file for S3030 ....
writing S3030_contig_1.gbk
writing S3030_contig_1.gbk
writing S3030_contig_1.gbk
writing S3030_contig_1.gbk
writing S3030_contig_1.gbk
writing S3030_contig_1.gbk
writing S3030_contig_1.gbk
writing S3030_contig_1.gbk
writing S3030_contig_1.gbk
writing S3030_contig_2.gbk
writing S3030_contig_2.gbk
writing S3030_contig_2.gbk
writing S3030_contig_2.gbk
writing S3030_contig_2.gbk
writing S3030_contig_2.gbk
writing S3030_contig_2.gbk
writing S3030_contig_2.gbk
writing S3030_contig_3.gbk
writing S3030_contig_3.gbk
writing S3030_contig_3.gbk
writing S3030_contig_4.gbk
writing S3030_contig_4.gbk
writing S3030_contig_4.gbk
writing S3030_contig_4.gbk
writing S3030_contig_5.gbk
writing S3030_contig_5.gbk
writing S3030_contig_5.gbk
writing S3030_contig_5.gbk
writing S3030_contig_6.gbk
writing S3030_contig_7.gbk
writing S3030_contig_8.gbk
writing S3030_contig_9.gbk
writing S3030_contig_10.gbk
writing S3030_contig_11.gbk
writing S3030_contig_12.gbk
The summary file for S3030 was saved to S3030/S3030.tsv.
Success: 'ampcombi parse_tables' completed successfully ! Now run ampcombi complete !

=== Sample 182/301: S3142 ===

 $$$$$$\  $$\      $$\ $$$$$$$\                                    $$\       $$\|
$$  __$$\ $$$\    $$$ |$$  __$$\                                   $$ |      \__|
$ /   $$ |$$$$\  $$$$ |$$ |  $$ | $$$$$$$\  $$$$$$\  $$$$$$\$$$$\  $$$$$$$\  $$\ 
$$$$$$$$ |$$\$$\$$ $$ |$$$$$$$  |$$  _____|$$  __$$\ $$  _$$  _$$\ $$  __$$\ $$ |
$$  __$$ |$$ \$$$  $$ |$$  ____/ $$ /      $$ /  $$ |$$ / $$ / $$ |$$ |  $$ |$$ |
$$ |  $$ |$$ |\$  /$$ |$$ |      $$ |      $$ |  $$ |$$ | $$ | $$ |$$ |  $$ |$$ |
$$ |  $$ |$$ | \_/ $$ |$$ |      \$$$$$$$\ \$$$$$$  |$$ | $$ | $$ |$$$$$$$  |$$ |
\__|  \__|\__|     \__|\__|       \_______| \______/ \__| \__| \__|\_______/ \__|

<--AMP_database> = /work3/josne/github/bacass/assets/databases/amp_DRAMP_database is found and will be used
MMseqs2 directory already exists in /work3/josne/github/bacass/assets/databases/amp_DRAMP_database.

 ########################################################## 
Processing AMP-files from sample: S3142
found macrel file
found ampir file
found amplify file
No InterproScan files were provided. Workflow continuing ....
The fasta containing AMP sequences for S3142 was saved to S3142/ 

The mmseqs alignment for S3142 in progress ....
No AMP hits for S3142 were successfully aligned to the reference database. Consider changing the database.
The mmseqs alignment for S3142 was saved to S3142/.
Estimating functional and structural properties for S3142 ....
Parsing the corresponding gene bank file for S3142 ....
writing S3142_contig_1.gbk
writing S3142_contig_1.gbk
writing S3142_contig_2.gbk
writing S3142_contig_2.gbk
writing S3142_contig_2.gbk
writing S3142_contig_3.gbk
writing S3142_contig_3.gbk
writing S3142_contig_3.gbk
writing S3142_contig_4.gbk
writing S3142_contig_5.gbk
writing S3142_contig_5.gbk
writing S3142_contig_5.gbk
writing S3142_contig_6.gbk
writing S3142_contig_6.gbk
writing S3142_contig_6.gbk
writing S3142_contig_6.gbk
writing S3142_contig_6.gbk
writing S3142_contig_9.gbk
writing S3142_contig_9.gbk
writing S3142_contig_11.gbk
writing S3142_contig_11.gbk
writing S3142_contig_11.gbk
writing S3142_contig_11.gbk
writing S3142_contig_11.gbk
writing S3142_contig_14.gbk
writing S3142_contig_15.gbk
writing S3142_contig_18.gbk
writing S3142_contig_19.gbk
The summary file for S3142 was saved to S3142/S3142.tsv.
Success: 'ampcombi parse_tables' completed successfully ! Now run ampcombi complete !

=== Sample 183/301: S3143 ===

 $$$$$$\  $$\      $$\ $$$$$$$\                                    $$\       $$\|
$$  __$$\ $$$\    $$$ |$$  __$$\                                   $$ |      \__|
$ /   $$ |$$$$\  $$$$ |$$ |  $$ | $$$$$$$\  $$$$$$\  $$$$$$\$$$$\  $$$$$$$\  $$\ 
$$$$$$$$ |$$\$$\$$ $$ |$$$$$$$  |$$  _____|$$  __$$\ $$  _$$  _$$\ $$  __$$\ $$ |
$$  __$$ |$$ \$$$  $$ |$$  ____/ $$ /      $$ /  $$ |$$ / $$ / $$ |$$ |  $$ |$$ |
$$ |  $$ |$$ |\$  /$$ |$$ |      $$ |      $$ |  $$ |$$ | $$ | $$ |$$ |  $$ |$$ |
$$ |  $$ |$$ | \_/ $$ |$$ |      \$$$$$$$\ \$$$$$$  |$$ | $$ | $$ |$$$$$$$  |$$ |
\__|  \__|\__|     \__|\__|       \_______| \______/ \__| \__| \__|\_______/ \__|

<--AMP_database> = /work3/josne/github/bacass/assets/databases/amp_DRAMP_database is found and will be used
MMseqs2 directory already exists in /work3/josne/github/bacass/assets/databases/amp_DRAMP_database.

 ########################################################## 
Processing AMP-files from sample: S3143
found macrel file
found ampir file
found amplify file
No InterproScan files were provided. Workflow continuing ....
The fasta containing AMP sequences for S3143 was saved to S3143/ 

The mmseqs alignment for S3143 in progress ....
No AMP hits for S3143 were successfully aligned to the reference database. Consider changing the database.
The mmseqs alignment for S3143 was saved to S3143/.
Estimating functional and structural properties for S3143 ....
Parsing the corresponding gene bank file for S3143 ....
writing S3143_contig_2.gbk
writing S3143_contig_2.gbk
writing S3143_contig_2.gbk
writing S3143_contig_3.gbk
writing S3143_contig_3.gbk
writing S3143_contig_3.gbk
writing S3143_contig_4.gbk
writing S3143_contig_4.gbk
writing S3143_contig_4.gbk
writing S3143_contig_4.gbk
writing S3143_contig_4.gbk
writing S3143_contig_5.gbk
writing S3143_contig_5.gbk
writing S3143_contig_7.gbk
writing S3143_contig_8.gbk
writing S3143_contig_10.gbk
writing S3143_contig_11.gbk
writing S3143_contig_11.gbk
writing S3143_contig_11.gbk
writing S3143_contig_11.gbk
writing S3143_contig_12.gbk
writing S3143_contig_13.gbk
writing S3143_contig_13.gbk
writing S3143_contig_13.gbk
writing S3143_contig_13.gbk
writing S3143_contig_14.gbk
writing S3143_contig_17.gbk
writing S3143_contig_17.gbk
writing S3143_contig_19.gbk
writing S3143_contig_20.gbk
writing S3143_contig_21.gbk
writing S3143_contig_23.gbk
writing S3143_contig_24.gbk
writing S3143_contig_32.gbk
The summary file for S3143 was saved to S3143/S3143.tsv.
Success: 'ampcombi parse_tables' completed successfully ! Now run ampcombi complete !

=== Sample 184/301: S3144 ===

 $$$$$$\  $$\      $$\ $$$$$$$\                                    $$\       $$\|
$$  __$$\ $$$\    $$$ |$$  __$$\                                   $$ |      \__|
$ /   $$ |$$$$\  $$$$ |$$ |  $$ | $$$$$$$\  $$$$$$\  $$$$$$\$$$$\  $$$$$$$\  $$\ 
$$$$$$$$ |$$\$$\$$ $$ |$$$$$$$  |$$  _____|$$  __$$\ $$  _$$  _$$\ $$  __$$\ $$ |
$$  __$$ |$$ \$$$  $$ |$$  ____/ $$ /      $$ /  $$ |$$ / $$ / $$ |$$ |  $$ |$$ |
$$ |  $$ |$$ |\$  /$$ |$$ |      $$ |      $$ |  $$ |$$ | $$ | $$ |$$ |  $$ |$$ |
$$ |  $$ |$$ | \_/ $$ |$$ |      \$$$$$$$\ \$$$$$$  |$$ | $$ | $$ |$$$$$$$  |$$ |
\__|  \__|\__|     \__|\__|       \_______| \______/ \__| \__| \__|\_______/ \__|

<--AMP_database> = /work3/josne/github/bacass/assets/databases/amp_DRAMP_database is found and will be used
MMseqs2 directory already exists in /work3/josne/github/bacass/assets/databases/amp_DRAMP_database.

 ########################################################## 
Processing AMP-files from sample: S3144
found macrel file
found ampir file
found amplify file
No InterproScan files were provided. Workflow continuing ....
The fasta containing AMP sequences for S3144 was saved to S3144/ 

The mmseqs alignment for S3144 in progress ....
No AMP hits for S3144 were successfully aligned to the reference database. Consider changing the database.
The mmseqs alignment for S3144 was saved to S3144/.
Estimating functional and structural properties for S3144 ....
Parsing the corresponding gene bank file for S3144 ....
writing S3144_contig_1.gbk
writing S3144_contig_1.gbk
writing S3144_contig_1.gbk
writing S3144_contig_1.gbk
writing S3144_contig_1.gbk
writing S3144_contig_1.gbk
writing S3144_contig_2.gbk
writing S3144_contig_2.gbk
writing S3144_contig_2.gbk
writing S3144_contig_2.gbk
writing S3144_contig_2.gbk
writing S3144_contig_3.gbk
writing S3144_contig_3.gbk
writing S3144_contig_3.gbk
writing S3144_contig_5.gbk
writing S3144_contig_6.gbk
writing S3144_contig_9.gbk
writing S3144_contig_9.gbk
writing S3144_contig_10.gbk
writing S3144_contig_10.gbk
writing S3144_contig_10.gbk
writing S3144_contig_10.gbk
writing S3144_contig_12.gbk
writing S3144_contig_13.gbk
writing S3144_contig_14.gbk
writing S3144_contig_15.gbk
writing S3144_contig_16.gbk
writing S3144_contig_16.gbk
writing S3144_contig_16.gbk
writing S3144_contig_20.gbk
writing S3144_contig_21.gbk
writing S3144_contig_29.gbk
writing S3144_contig_30.gbk
writing S3144_contig_33.gbk
writing S3144_contig_34.gbk
writing S3144_contig_34.gbk
The summary file for S3144 was saved to S3144/S3144.tsv.
Success: 'ampcombi parse_tables' completed successfully ! Now run ampcombi complete !

=== Sample 185/301: S3145 ===

 $$$$$$\  $$\      $$\ $$$$$$$\                                    $$\       $$\|
$$  __$$\ $$$\    $$$ |$$  __$$\                                   $$ |      \__|
$ /   $$ |$$$$\  $$$$ |$$ |  $$ | $$$$$$$\  $$$$$$\  $$$$$$\$$$$\  $$$$$$$\  $$\ 
$$$$$$$$ |$$\$$\$$ $$ |$$$$$$$  |$$  _____|$$  __$$\ $$  _$$  _$$\ $$  __$$\ $$ |
$$  __$$ |$$ \$$$  $$ |$$  ____/ $$ /      $$ /  $$ |$$ / $$ / $$ |$$ |  $$ |$$ |
$$ |  $$ |$$ |\$  /$$ |$$ |      $$ |      $$ |  $$ |$$ | $$ | $$ |$$ |  $$ |$$ |
$$ |  $$ |$$ | \_/ $$ |$$ |      \$$$$$$$\ \$$$$$$  |$$ | $$ | $$ |$$$$$$$  |$$ |
\__|  \__|\__|     \__|\__|       \_______| \______/ \__| \__| \__|\_______/ \__|

<--AMP_database> = /work3/josne/github/bacass/assets/databases/amp_DRAMP_database is found and will be used
MMseqs2 directory already exists in /work3/josne/github/bacass/assets/databases/amp_DRAMP_database.

 ########################################################## 
Processing AMP-files from sample: S3145
found macrel file
found ampir file
found amplify file
No InterproScan files were provided. Workflow continuing ....
The fasta containing AMP sequences for S3145 was saved to S3145/ 

The mmseqs alignment for S3145 in progress ....
No AMP hits for S3145 were successfully aligned to the reference database. Consider changing the database.
The mmseqs alignment for S3145 was saved to S3145/.
Estimating functional and structural properties for S3145 ....
Parsing the corresponding gene bank file for S3145 ....
writing S3145_contig_1.gbk
writing S3145_contig_1.gbk
writing S3145_contig_1.gbk
writing S3145_contig_1.gbk
writing S3145_contig_1.gbk
writing S3145_contig_1.gbk
writing S3145_contig_2.gbk
writing S3145_contig_2.gbk
writing S3145_contig_2.gbk
writing S3145_contig_2.gbk
writing S3145_contig_3.gbk
writing S3145_contig_3.gbk
writing S3145_contig_3.gbk
writing S3145_contig_3.gbk
writing S3145_contig_3.gbk
writing S3145_contig_3.gbk
writing S3145_contig_3.gbk
writing S3145_contig_5.gbk
writing S3145_contig_5.gbk
writing S3145_contig_5.gbk
writing S3145_contig_6.gbk
writing S3145_contig_7.gbk
writing S3145_contig_9.gbk
writing S3145_contig_10.gbk
writing S3145_contig_11.gbk
writing S3145_contig_12.gbk
writing S3145_contig_13.gbk
writing S3145_contig_19.gbk
writing S3145_contig_22.gbk
writing S3145_contig_28.gbk
The summary file for S3145 was saved to S3145/S3145.tsv.
Success: 'ampcombi parse_tables' completed successfully ! Now run ampcombi complete !

=== Sample 186/301: S3246 ===

 $$$$$$\  $$\      $$\ $$$$$$$\                                    $$\       $$\|
$$  __$$\ $$$\    $$$ |$$  __$$\                                   $$ |      \__|
$ /   $$ |$$$$\  $$$$ |$$ |  $$ | $$$$$$$\  $$$$$$\  $$$$$$\$$$$\  $$$$$$$\  $$\ 
$$$$$$$$ |$$\$$\$$ $$ |$$$$$$$  |$$  _____|$$  __$$\ $$  _$$  _$$\ $$  __$$\ $$ |
$$  __$$ |$$ \$$$  $$ |$$  ____/ $$ /      $$ /  $$ |$$ / $$ / $$ |$$ |  $$ |$$ |
$$ |  $$ |$$ |\$  /$$ |$$ |      $$ |      $$ |  $$ |$$ | $$ | $$ |$$ |  $$ |$$ |
$$ |  $$ |$$ | \_/ $$ |$$ |      \$$$$$$$\ \$$$$$$  |$$ | $$ | $$ |$$$$$$$  |$$ |
\__|  \__|\__|     \__|\__|       \_______| \______/ \__| \__| \__|\_______/ \__|

<--AMP_database> = /work3/josne/github/bacass/assets/databases/amp_DRAMP_database is found and will be used
MMseqs2 directory already exists in /work3/josne/github/bacass/assets/databases/amp_DRAMP_database.

 ########################################################## 
Processing AMP-files from sample: S3246
found macrel file
found ampir file
found amplify file
No InterproScan files were provided. Workflow continuing ....
The fasta containing AMP sequences for S3246 was saved to S3246/ 

The mmseqs alignment for S3246 in progress ....
No AMP hits for S3246 were successfully aligned to the reference database. Consider changing the database.
The mmseqs alignment for S3246 was saved to S3246/.
Estimating functional and structural properties for S3246 ....
Parsing the corresponding gene bank file for S3246 ....
writing S3246_contig_1.gbk
writing S3246_contig_1.gbk
writing S3246_contig_1.gbk
writing S3246_contig_1.gbk
writing S3246_contig_2.gbk
writing S3246_contig_2.gbk
writing S3246_contig_3.gbk
writing S3246_contig_3.gbk
writing S3246_contig_3.gbk
writing S3246_contig_3.gbk
writing S3246_contig_4.gbk
writing S3246_contig_4.gbk
writing S3246_contig_5.gbk
writing S3246_contig_6.gbk
writing S3246_contig_8.gbk
writing S3246_contig_9.gbk
writing S3246_contig_9.gbk
writing S3246_contig_10.gbk
writing S3246_contig_14.gbk
writing S3246_contig_15.gbk
writing S3246_contig_17.gbk
writing S3246_contig_19.gbk
writing S3246_contig_21.gbk
writing S3246_contig_23.gbk
writing S3246_contig_24.gbk
writing S3246_contig_25.gbk
writing S3246_contig_27.gbk
The summary file for S3246 was saved to S3246/S3246.tsv.
Success: 'ampcombi parse_tables' completed successfully ! Now run ampcombi complete !

=== Sample 187/301: S3247 ===

 $$$$$$\  $$\      $$\ $$$$$$$\                                    $$\       $$\|
$$  __$$\ $$$\    $$$ |$$  __$$\                                   $$ |      \__|
$ /   $$ |$$$$\  $$$$ |$$ |  $$ | $$$$$$$\  $$$$$$\  $$$$$$\$$$$\  $$$$$$$\  $$\ 
$$$$$$$$ |$$\$$\$$ $$ |$$$$$$$  |$$  _____|$$  __$$\ $$  _$$  _$$\ $$  __$$\ $$ |
$$  __$$ |$$ \$$$  $$ |$$  ____/ $$ /      $$ /  $$ |$$ / $$ / $$ |$$ |  $$ |$$ |
$$ |  $$ |$$ |\$  /$$ |$$ |      $$ |      $$ |  $$ |$$ | $$ | $$ |$$ |  $$ |$$ |
$$ |  $$ |$$ | \_/ $$ |$$ |      \$$$$$$$\ \$$$$$$  |$$ | $$ | $$ |$$$$$$$  |$$ |
\__|  \__|\__|     \__|\__|       \_______| \______/ \__| \__| \__|\_______/ \__|

<--AMP_database> = /work3/josne/github/bacass/assets/databases/amp_DRAMP_database is found and will be used
MMseqs2 directory already exists in /work3/josne/github/bacass/assets/databases/amp_DRAMP_database.

 ########################################################## 
Processing AMP-files from sample: S3247
found macrel file
found ampir file
found amplify file
No InterproScan files were provided. Workflow continuing ....
The fasta containing AMP sequences for S3247 was saved to S3247/ 

The mmseqs alignment for S3247 in progress ....
No AMP hits for S3247 were successfully aligned to the reference database. Consider changing the database.
The mmseqs alignment for S3247 was saved to S3247/.
Estimating functional and structural properties for S3247 ....
Parsing the corresponding gene bank file for S3247 ....
writing S3247_contig_1.gbk
writing S3247_contig_1.gbk
writing S3247_contig_1.gbk
writing S3247_contig_2.gbk
writing S3247_contig_2.gbk
writing S3247_contig_3.gbk
writing S3247_contig_3.gbk
writing S3247_contig_3.gbk
writing S3247_contig_3.gbk
writing S3247_contig_4.gbk
writing S3247_contig_4.gbk
writing S3247_contig_5.gbk
writing S3247_contig_6.gbk
writing S3247_contig_8.gbk
writing S3247_contig_9.gbk
writing S3247_contig_9.gbk
writing S3247_contig_10.gbk
writing S3247_contig_10.gbk
writing S3247_contig_14.gbk
writing S3247_contig_15.gbk
writing S3247_contig_17.gbk
writing S3247_contig_19.gbk
writing S3247_contig_20.gbk
writing S3247_contig_23.gbk
writing S3247_contig_24.gbk
writing S3247_contig_25.gbk
writing S3247_contig_27.gbk
The summary file for S3247 was saved to S3247/S3247.tsv.
Success: 'ampcombi parse_tables' completed successfully ! Now run ampcombi complete !

=== Sample 188/301: S3248 ===

 $$$$$$\  $$\      $$\ $$$$$$$\                                    $$\       $$\|
$$  __$$\ $$$\    $$$ |$$  __$$\                                   $$ |      \__|
$ /   $$ |$$$$\  $$$$ |$$ |  $$ | $$$$$$$\  $$$$$$\  $$$$$$\$$$$\  $$$$$$$\  $$\ 
$$$$$$$$ |$$\$$\$$ $$ |$$$$$$$  |$$  _____|$$  __$$\ $$  _$$  _$$\ $$  __$$\ $$ |
$$  __$$ |$$ \$$$  $$ |$$  ____/ $$ /      $$ /  $$ |$$ / $$ / $$ |$$ |  $$ |$$ |
$$ |  $$ |$$ |\$  /$$ |$$ |      $$ |      $$ |  $$ |$$ | $$ | $$ |$$ |  $$ |$$ |
$$ |  $$ |$$ | \_/ $$ |$$ |      \$$$$$$$\ \$$$$$$  |$$ | $$ | $$ |$$$$$$$  |$$ |
\__|  \__|\__|     \__|\__|       \_______| \______/ \__| \__| \__|\_______/ \__|

<--AMP_database> = /work3/josne/github/bacass/assets/databases/amp_DRAMP_database is found and will be used
MMseqs2 directory already exists in /work3/josne/github/bacass/assets/databases/amp_DRAMP_database.

 ########################################################## 
Processing AMP-files from sample: S3248
found macrel file
found ampir file
found amplify file
No InterproScan files were provided. Workflow continuing ....
The fasta containing AMP sequences for S3248 was saved to S3248/ 

The mmseqs alignment for S3248 in progress ....
No AMP hits for S3248 were successfully aligned to the reference database. Consider changing the database.
The mmseqs alignment for S3248 was saved to S3248/.
Estimating functional and structural properties for S3248 ....
Parsing the corresponding gene bank file for S3248 ....
writing S3248_contig_1.gbk
writing S3248_contig_1.gbk
writing S3248_contig_1.gbk
writing S3248_contig_1.gbk
writing S3248_contig_1.gbk
writing S3248_contig_2.gbk
writing S3248_contig_3.gbk
writing S3248_contig_3.gbk
writing S3248_contig_3.gbk
writing S3248_contig_3.gbk
writing S3248_contig_4.gbk
writing S3248_contig_4.gbk
writing S3248_contig_5.gbk
writing S3248_contig_5.gbk
writing S3248_contig_6.gbk
writing S3248_contig_6.gbk
writing S3248_contig_6.gbk
writing S3248_contig_6.gbk
writing S3248_contig_6.gbk
writing S3248_contig_7.gbk
writing S3248_contig_7.gbk
writing S3248_contig_9.gbk
writing S3248_contig_10.gbk
writing S3248_contig_11.gbk
writing S3248_contig_12.gbk
writing S3248_contig_14.gbk
writing S3248_contig_17.gbk
writing S3248_contig_18.gbk
The summary file for S3248 was saved to S3248/S3248.tsv.
Success: 'ampcombi parse_tables' completed successfully ! Now run ampcombi complete !

=== Sample 189/301: S3249 ===

 $$$$$$\  $$\      $$\ $$$$$$$\                                    $$\       $$\|
$$  __$$\ $$$\    $$$ |$$  __$$\                                   $$ |      \__|
$ /   $$ |$$$$\  $$$$ |$$ |  $$ | $$$$$$$\  $$$$$$\  $$$$$$\$$$$\  $$$$$$$\  $$\ 
$$$$$$$$ |$$\$$\$$ $$ |$$$$$$$  |$$  _____|$$  __$$\ $$  _$$  _$$\ $$  __$$\ $$ |
$$  __$$ |$$ \$$$  $$ |$$  ____/ $$ /      $$ /  $$ |$$ / $$ / $$ |$$ |  $$ |$$ |
$$ |  $$ |$$ |\$  /$$ |$$ |      $$ |      $$ |  $$ |$$ | $$ | $$ |$$ |  $$ |$$ |
$$ |  $$ |$$ | \_/ $$ |$$ |      \$$$$$$$\ \$$$$$$  |$$ | $$ | $$ |$$$$$$$  |$$ |
\__|  \__|\__|     \__|\__|       \_______| \______/ \__| \__| \__|\_______/ \__|

<--AMP_database> = /work3/josne/github/bacass/assets/databases/amp_DRAMP_database is found and will be used
MMseqs2 directory already exists in /work3/josne/github/bacass/assets/databases/amp_DRAMP_database.

 ########################################################## 
Processing AMP-files from sample: S3249
found macrel file
found ampir file
found amplify file
No InterproScan files were provided. Workflow continuing ....
The fasta containing AMP sequences for S3249 was saved to S3249/ 

The mmseqs alignment for S3249 in progress ....
No AMP hits for S3249 were successfully aligned to the reference database. Consider changing the database.
The mmseqs alignment for S3249 was saved to S3249/.
Estimating functional and structural properties for S3249 ....
Parsing the corresponding gene bank file for S3249 ....
writing S3249_contig_1.gbk
writing S3249_contig_1.gbk
writing S3249_contig_1.gbk
writing S3249_contig_1.gbk
writing S3249_contig_1.gbk
writing S3249_contig_1.gbk
writing S3249_contig_1.gbk
writing S3249_contig_2.gbk
writing S3249_contig_3.gbk
writing S3249_contig_3.gbk
writing S3249_contig_3.gbk
writing S3249_contig_3.gbk
writing S3249_contig_4.gbk
writing S3249_contig_4.gbk
writing S3249_contig_5.gbk
writing S3249_contig_5.gbk
writing S3249_contig_5.gbk
writing S3249_contig_5.gbk
writing S3249_contig_5.gbk
writing S3249_contig_6.gbk
writing S3249_contig_6.gbk
writing S3249_contig_8.gbk
writing S3249_contig_9.gbk
writing S3249_contig_10.gbk
writing S3249_contig_16.gbk
writing S3249_contig_17.gbk
writing S3249_contig_18.gbk
writing S3249_contig_23.gbk
The summary file for S3249 was saved to S3249/S3249.tsv.
Success: 'ampcombi parse_tables' completed successfully ! Now run ampcombi complete !

=== Sample 190/301: S3250 ===

 $$$$$$\  $$\      $$\ $$$$$$$\                                    $$\       $$\|
$$  __$$\ $$$\    $$$ |$$  __$$\                                   $$ |      \__|
$ /   $$ |$$$$\  $$$$ |$$ |  $$ | $$$$$$$\  $$$$$$\  $$$$$$\$$$$\  $$$$$$$\  $$\ 
$$$$$$$$ |$$\$$\$$ $$ |$$$$$$$  |$$  _____|$$  __$$\ $$  _$$  _$$\ $$  __$$\ $$ |
$$  __$$ |$$ \$$$  $$ |$$  ____/ $$ /      $$ /  $$ |$$ / $$ / $$ |$$ |  $$ |$$ |
$$ |  $$ |$$ |\$  /$$ |$$ |      $$ |      $$ |  $$ |$$ | $$ | $$ |$$ |  $$ |$$ |
$$ |  $$ |$$ | \_/ $$ |$$ |      \$$$$$$$\ \$$$$$$  |$$ | $$ | $$ |$$$$$$$  |$$ |
\__|  \__|\__|     \__|\__|       \_______| \______/ \__| \__| \__|\_______/ \__|

<--AMP_database> = /work3/josne/github/bacass/assets/databases/amp_DRAMP_database is found and will be used
MMseqs2 directory already exists in /work3/josne/github/bacass/assets/databases/amp_DRAMP_database.

 ########################################################## 
Processing AMP-files from sample: S3250
found macrel file
found ampir file
found amplify file
No InterproScan files were provided. Workflow continuing ....
The fasta containing AMP sequences for S3250 was saved to S3250/ 

The mmseqs alignment for S3250 in progress ....
No AMP hits for S3250 were successfully aligned to the reference database. Consider changing the database.
The mmseqs alignment for S3250 was saved to S3250/.
Estimating functional and structural properties for S3250 ....
Parsing the corresponding gene bank file for S3250 ....
writing S3250_contig_1.gbk
writing S3250_contig_1.gbk
writing S3250_contig_1.gbk
writing S3250_contig_2.gbk
writing S3250_contig_2.gbk
writing S3250_contig_2.gbk
writing S3250_contig_2.gbk
writing S3250_contig_2.gbk
writing S3250_contig_3.gbk
writing S3250_contig_3.gbk
writing S3250_contig_4.gbk
writing S3250_contig_4.gbk
writing S3250_contig_4.gbk
writing S3250_contig_4.gbk
writing S3250_contig_5.gbk
writing S3250_contig_5.gbk
writing S3250_contig_5.gbk
writing S3250_contig_6.gbk
writing S3250_contig_6.gbk
writing S3250_contig_6.gbk
writing S3250_contig_7.gbk
writing S3250_contig_7.gbk
writing S3250_contig_9.gbk
writing S3250_contig_9.gbk
writing S3250_contig_10.gbk
writing S3250_contig_11.gbk
writing S3250_contig_12.gbk
writing S3250_contig_13.gbk
writing S3250_contig_13.gbk
writing S3250_contig_14.gbk
writing S3250_contig_15.gbk
writing S3250_contig_15.gbk
writing S3250_contig_16.gbk
writing S3250_contig_21.gbk
writing S3250_contig_21.gbk
writing S3250_contig_28.gbk
writing S3250_contig_32.gbk
The summary file for S3250 was saved to S3250/S3250.tsv.
Success: 'ampcombi parse_tables' completed successfully ! Now run ampcombi complete !

=== Sample 191/301: S3251 ===

 $$$$$$\  $$\      $$\ $$$$$$$\                                    $$\       $$\|
$$  __$$\ $$$\    $$$ |$$  __$$\                                   $$ |      \__|
$ /   $$ |$$$$\  $$$$ |$$ |  $$ | $$$$$$$\  $$$$$$\  $$$$$$\$$$$\  $$$$$$$\  $$\ 
$$$$$$$$ |$$\$$\$$ $$ |$$$$$$$  |$$  _____|$$  __$$\ $$  _$$  _$$\ $$  __$$\ $$ |
$$  __$$ |$$ \$$$  $$ |$$  ____/ $$ /      $$ /  $$ |$$ / $$ / $$ |$$ |  $$ |$$ |
$$ |  $$ |$$ |\$  /$$ |$$ |      $$ |      $$ |  $$ |$$ | $$ | $$ |$$ |  $$ |$$ |
$$ |  $$ |$$ | \_/ $$ |$$ |      \$$$$$$$\ \$$$$$$  |$$ | $$ | $$ |$$$$$$$  |$$ |
\__|  \__|\__|     \__|\__|       \_______| \______/ \__| \__| \__|\_______/ \__|

<--AMP_database> = /work3/josne/github/bacass/assets/databases/amp_DRAMP_database is found and will be used
MMseqs2 directory already exists in /work3/josne/github/bacass/assets/databases/amp_DRAMP_database.

 ########################################################## 
Processing AMP-files from sample: S3251
found macrel file
found ampir file
found amplify file
No InterproScan files were provided. Workflow continuing ....
The fasta containing AMP sequences for S3251 was saved to S3251/ 

The mmseqs alignment for S3251 in progress ....
No AMP hits for S3251 were successfully aligned to the reference database. Consider changing the database.
The mmseqs alignment for S3251 was saved to S3251/.
Estimating functional and structural properties for S3251 ....
Parsing the corresponding gene bank file for S3251 ....
writing S3251_contig_1.gbk
writing S3251_contig_1.gbk
writing S3251_contig_1.gbk
writing S3251_contig_1.gbk
writing S3251_contig_2.gbk
writing S3251_contig_2.gbk
writing S3251_contig_3.gbk
writing S3251_contig_3.gbk
writing S3251_contig_3.gbk
writing S3251_contig_4.gbk
writing S3251_contig_4.gbk
writing S3251_contig_4.gbk
writing S3251_contig_4.gbk
writing S3251_contig_5.gbk
writing S3251_contig_5.gbk
writing S3251_contig_6.gbk
writing S3251_contig_7.gbk
writing S3251_contig_7.gbk
writing S3251_contig_7.gbk
writing S3251_contig_7.gbk
writing S3251_contig_7.gbk
writing S3251_contig_10.gbk
writing S3251_contig_10.gbk
writing S3251_contig_10.gbk
writing S3251_contig_11.gbk
writing S3251_contig_11.gbk
writing S3251_contig_15.gbk
writing S3251_contig_16.gbk
writing S3251_contig_19.gbk
writing S3251_contig_27.gbk
writing S3251_contig_29.gbk
The summary file for S3251 was saved to S3251/S3251.tsv.
Success: 'ampcombi parse_tables' completed successfully ! Now run ampcombi complete !

=== Sample 192/301: S3252 ===

 $$$$$$\  $$\      $$\ $$$$$$$\                                    $$\       $$\|
$$  __$$\ $$$\    $$$ |$$  __$$\                                   $$ |      \__|
$ /   $$ |$$$$\  $$$$ |$$ |  $$ | $$$$$$$\  $$$$$$\  $$$$$$\$$$$\  $$$$$$$\  $$\ 
$$$$$$$$ |$$\$$\$$ $$ |$$$$$$$  |$$  _____|$$  __$$\ $$  _$$  _$$\ $$  __$$\ $$ |
$$  __$$ |$$ \$$$  $$ |$$  ____/ $$ /      $$ /  $$ |$$ / $$ / $$ |$$ |  $$ |$$ |
$$ |  $$ |$$ |\$  /$$ |$$ |      $$ |      $$ |  $$ |$$ | $$ | $$ |$$ |  $$ |$$ |
$$ |  $$ |$$ | \_/ $$ |$$ |      \$$$$$$$\ \$$$$$$  |$$ | $$ | $$ |$$$$$$$  |$$ |
\__|  \__|\__|     \__|\__|       \_______| \______/ \__| \__| \__|\_______/ \__|

<--AMP_database> = /work3/josne/github/bacass/assets/databases/amp_DRAMP_database is found and will be used
MMseqs2 directory already exists in /work3/josne/github/bacass/assets/databases/amp_DRAMP_database.

 ########################################################## 
Processing AMP-files from sample: S3252
found macrel file
found ampir file
found amplify file
No InterproScan files were provided. Workflow continuing ....
The fasta containing AMP sequences for S3252 was saved to S3252/ 

The mmseqs alignment for S3252 in progress ....
No AMP hits for S3252 were successfully aligned to the reference database. Consider changing the database.
The mmseqs alignment for S3252 was saved to S3252/.
Estimating functional and structural properties for S3252 ....
Parsing the corresponding gene bank file for S3252 ....
writing S3252_contig_1.gbk
writing S3252_contig_1.gbk
writing S3252_contig_1.gbk
writing S3252_contig_1.gbk
writing S3252_contig_2.gbk
writing S3252_contig_2.gbk
writing S3252_contig_2.gbk
writing S3252_contig_2.gbk
writing S3252_contig_3.gbk
writing S3252_contig_3.gbk
writing S3252_contig_3.gbk
writing S3252_contig_4.gbk
writing S3252_contig_4.gbk
writing S3252_contig_4.gbk
writing S3252_contig_4.gbk
writing S3252_contig_5.gbk
writing S3252_contig_6.gbk
writing S3252_contig_6.gbk
writing S3252_contig_6.gbk
writing S3252_contig_6.gbk
writing S3252_contig_6.gbk
writing S3252_contig_9.gbk
writing S3252_contig_9.gbk
writing S3252_contig_9.gbk
writing S3252_contig_10.gbk
writing S3252_contig_10.gbk
writing S3252_contig_14.gbk
writing S3252_contig_15.gbk
writing S3252_contig_18.gbk
writing S3252_contig_25.gbk
writing S3252_contig_27.gbk
The summary file for S3252 was saved to S3252/S3252.tsv.
Success: 'ampcombi parse_tables' completed successfully ! Now run ampcombi complete !

=== Sample 193/301: S3253 ===

 $$$$$$\  $$\      $$\ $$$$$$$\                                    $$\       $$\|
$$  __$$\ $$$\    $$$ |$$  __$$\                                   $$ |      \__|
$ /   $$ |$$$$\  $$$$ |$$ |  $$ | $$$$$$$\  $$$$$$\  $$$$$$\$$$$\  $$$$$$$\  $$\ 
$$$$$$$$ |$$\$$\$$ $$ |$$$$$$$  |$$  _____|$$  __$$\ $$  _$$  _$$\ $$  __$$\ $$ |
$$  __$$ |$$ \$$$  $$ |$$  ____/ $$ /      $$ /  $$ |$$ / $$ / $$ |$$ |  $$ |$$ |
$$ |  $$ |$$ |\$  /$$ |$$ |      $$ |      $$ |  $$ |$$ | $$ | $$ |$$ |  $$ |$$ |
$$ |  $$ |$$ | \_/ $$ |$$ |      \$$$$$$$\ \$$$$$$  |$$ | $$ | $$ |$$$$$$$  |$$ |
\__|  \__|\__|     \__|\__|       \_______| \______/ \__| \__| \__|\_______/ \__|

<--AMP_database> = /work3/josne/github/bacass/assets/databases/amp_DRAMP_database is found and will be used
MMseqs2 directory already exists in /work3/josne/github/bacass/assets/databases/amp_DRAMP_database.

 ########################################################## 
Processing AMP-files from sample: S3253
found macrel file
found ampir file
found amplify file
No InterproScan files were provided. Workflow continuing ....
The fasta containing AMP sequences for S3253 was saved to S3253/ 

The mmseqs alignment for S3253 in progress ....
No AMP hits for S3253 were successfully aligned to the reference database. Consider changing the database.
The mmseqs alignment for S3253 was saved to S3253/.
Estimating functional and structural properties for S3253 ....
Parsing the corresponding gene bank file for S3253 ....
writing S3253_contig_1.gbk
writing S3253_contig_1.gbk
writing S3253_contig_1.gbk
writing S3253_contig_2.gbk
writing S3253_contig_2.gbk
writing S3253_contig_2.gbk
writing S3253_contig_2.gbk
writing S3253_contig_3.gbk
writing S3253_contig_3.gbk
writing S3253_contig_3.gbk
writing S3253_contig_3.gbk
writing S3253_contig_3.gbk
writing S3253_contig_4.gbk
writing S3253_contig_4.gbk
writing S3253_contig_4.gbk
writing S3253_contig_5.gbk
writing S3253_contig_5.gbk
writing S3253_contig_5.gbk
writing S3253_contig_5.gbk
writing S3253_contig_5.gbk
writing S3253_contig_6.gbk
writing S3253_contig_6.gbk
writing S3253_contig_7.gbk
writing S3253_contig_11.gbk
writing S3253_contig_11.gbk
writing S3253_contig_14.gbk
writing S3253_contig_15.gbk
writing S3253_contig_15.gbk
writing S3253_contig_16.gbk
writing S3253_contig_18.gbk
writing S3253_contig_19.gbk
writing S3253_contig_21.gbk
writing S3253_contig_29.gbk
The summary file for S3253 was saved to S3253/S3253.tsv.
Success: 'ampcombi parse_tables' completed successfully ! Now run ampcombi complete !

=== Sample 194/301: S3254 ===

 $$$$$$\  $$\      $$\ $$$$$$$\                                    $$\       $$\|
$$  __$$\ $$$\    $$$ |$$  __$$\                                   $$ |      \__|
$ /   $$ |$$$$\  $$$$ |$$ |  $$ | $$$$$$$\  $$$$$$\  $$$$$$\$$$$\  $$$$$$$\  $$\ 
$$$$$$$$ |$$\$$\$$ $$ |$$$$$$$  |$$  _____|$$  __$$\ $$  _$$  _$$\ $$  __$$\ $$ |
$$  __$$ |$$ \$$$  $$ |$$  ____/ $$ /      $$ /  $$ |$$ / $$ / $$ |$$ |  $$ |$$ |
$$ |  $$ |$$ |\$  /$$ |$$ |      $$ |      $$ |  $$ |$$ | $$ | $$ |$$ |  $$ |$$ |
$$ |  $$ |$$ | \_/ $$ |$$ |      \$$$$$$$\ \$$$$$$  |$$ | $$ | $$ |$$$$$$$  |$$ |
\__|  \__|\__|     \__|\__|       \_______| \______/ \__| \__| \__|\_______/ \__|

<--AMP_database> = /work3/josne/github/bacass/assets/databases/amp_DRAMP_database is found and will be used
MMseqs2 directory already exists in /work3/josne/github/bacass/assets/databases/amp_DRAMP_database.

 ########################################################## 
Processing AMP-files from sample: S3254
found macrel file
found ampir file
found amplify file
No InterproScan files were provided. Workflow continuing ....
The fasta containing AMP sequences for S3254 was saved to S3254/ 

The mmseqs alignment for S3254 in progress ....
No AMP hits for S3254 were successfully aligned to the reference database. Consider changing the database.
The mmseqs alignment for S3254 was saved to S3254/.
Estimating functional and structural properties for S3254 ....
Parsing the corresponding gene bank file for S3254 ....
writing S3254_contig_1.gbk
writing S3254_contig_1.gbk
writing S3254_contig_1.gbk
writing S3254_contig_1.gbk
writing S3254_contig_1.gbk
writing S3254_contig_2.gbk
writing S3254_contig_3.gbk
writing S3254_contig_3.gbk
writing S3254_contig_3.gbk
writing S3254_contig_3.gbk
writing S3254_contig_4.gbk
writing S3254_contig_4.gbk
writing S3254_contig_5.gbk
writing S3254_contig_5.gbk
writing S3254_contig_6.gbk
writing S3254_contig_6.gbk
writing S3254_contig_6.gbk
writing S3254_contig_6.gbk
writing S3254_contig_6.gbk
writing S3254_contig_7.gbk
writing S3254_contig_7.gbk
writing S3254_contig_9.gbk
writing S3254_contig_10.gbk
writing S3254_contig_11.gbk
writing S3254_contig_12.gbk
writing S3254_contig_17.gbk
writing S3254_contig_18.gbk
writing S3254_contig_23.gbk
The summary file for S3254 was saved to S3254/S3254.tsv.
Success: 'ampcombi parse_tables' completed successfully ! Now run ampcombi complete !

=== Sample 195/301: S3256 ===

 $$$$$$\  $$\      $$\ $$$$$$$\                                    $$\       $$\|
$$  __$$\ $$$\    $$$ |$$  __$$\                                   $$ |      \__|
$ /   $$ |$$$$\  $$$$ |$$ |  $$ | $$$$$$$\  $$$$$$\  $$$$$$\$$$$\  $$$$$$$\  $$\ 
$$$$$$$$ |$$\$$\$$ $$ |$$$$$$$  |$$  _____|$$  __$$\ $$  _$$  _$$\ $$  __$$\ $$ |
$$  __$$ |$$ \$$$  $$ |$$  ____/ $$ /      $$ /  $$ |$$ / $$ / $$ |$$ |  $$ |$$ |
$$ |  $$ |$$ |\$  /$$ |$$ |      $$ |      $$ |  $$ |$$ | $$ | $$ |$$ |  $$ |$$ |
$$ |  $$ |$$ | \_/ $$ |$$ |      \$$$$$$$\ \$$$$$$  |$$ | $$ | $$ |$$$$$$$  |$$ |
\__|  \__|\__|     \__|\__|       \_______| \______/ \__| \__| \__|\_______/ \__|

<--AMP_database> = /work3/josne/github/bacass/assets/databases/amp_DRAMP_database is found and will be used
MMseqs2 directory already exists in /work3/josne/github/bacass/assets/databases/amp_DRAMP_database.

 ########################################################## 
Processing AMP-files from sample: S3256
found macrel file
found ampir file
found amplify file
No InterproScan files were provided. Workflow continuing ....
The fasta containing AMP sequences for S3256 was saved to S3256/ 

The mmseqs alignment for S3256 in progress ....
No AMP hits for S3256 were successfully aligned to the reference database. Consider changing the database.
The mmseqs alignment for S3256 was saved to S3256/.
Estimating functional and structural properties for S3256 ....
Parsing the corresponding gene bank file for S3256 ....
writing S3256_contig_1.gbk
writing S3256_contig_1.gbk
writing S3256_contig_1.gbk
writing S3256_contig_2.gbk
writing S3256_contig_2.gbk
writing S3256_contig_2.gbk
writing S3256_contig_2.gbk
writing S3256_contig_2.gbk
writing S3256_contig_3.gbk
writing S3256_contig_3.gbk
writing S3256_contig_3.gbk
writing S3256_contig_3.gbk
writing S3256_contig_4.gbk
writing S3256_contig_4.gbk
writing S3256_contig_5.gbk
writing S3256_contig_5.gbk
writing S3256_contig_5.gbk
writing S3256_contig_6.gbk
writing S3256_contig_6.gbk
writing S3256_contig_6.gbk
writing S3256_contig_7.gbk
writing S3256_contig_7.gbk
writing S3256_contig_9.gbk
writing S3256_contig_9.gbk
writing S3256_contig_10.gbk
writing S3256_contig_11.gbk
writing S3256_contig_12.gbk
writing S3256_contig_13.gbk
writing S3256_contig_13.gbk
writing S3256_contig_14.gbk
writing S3256_contig_15.gbk
writing S3256_contig_15.gbk
writing S3256_contig_16.gbk
writing S3256_contig_20.gbk
writing S3256_contig_25.gbk
writing S3256_contig_30.gbk
The summary file for S3256 was saved to S3256/S3256.tsv.
Success: 'ampcombi parse_tables' completed successfully ! Now run ampcombi complete !

=== Sample 196/301: S3259 ===

 $$$$$$\  $$\      $$\ $$$$$$$\                                    $$\       $$\|
$$  __$$\ $$$\    $$$ |$$  __$$\                                   $$ |      \__|
$ /   $$ |$$$$\  $$$$ |$$ |  $$ | $$$$$$$\  $$$$$$\  $$$$$$\$$$$\  $$$$$$$\  $$\ 
$$$$$$$$ |$$\$$\$$ $$ |$$$$$$$  |$$  _____|$$  __$$\ $$  _$$  _$$\ $$  __$$\ $$ |
$$  __$$ |$$ \$$$  $$ |$$  ____/ $$ /      $$ /  $$ |$$ / $$ / $$ |$$ |  $$ |$$ |
$$ |  $$ |$$ |\$  /$$ |$$ |      $$ |      $$ |  $$ |$$ | $$ | $$ |$$ |  $$ |$$ |
$$ |  $$ |$$ | \_/ $$ |$$ |      \$$$$$$$\ \$$$$$$  |$$ | $$ | $$ |$$$$$$$  |$$ |
\__|  \__|\__|     \__|\__|       \_______| \______/ \__| \__| \__|\_______/ \__|

<--AMP_database> = /work3/josne/github/bacass/assets/databases/amp_DRAMP_database is found and will be used
MMseqs2 directory already exists in /work3/josne/github/bacass/assets/databases/amp_DRAMP_database.

 ########################################################## 
Processing AMP-files from sample: S3259
found macrel file
found ampir file
found amplify file
No InterproScan files were provided. Workflow continuing ....
The fasta containing AMP sequences for S3259 was saved to S3259/ 

The mmseqs alignment for S3259 in progress ....
No AMP hits for S3259 were successfully aligned to the reference database. Consider changing the database.
The mmseqs alignment for S3259 was saved to S3259/.
Estimating functional and structural properties for S3259 ....
Parsing the corresponding gene bank file for S3259 ....
writing S3259_contig_1.gbk
writing S3259_contig_1.gbk
writing S3259_contig_1.gbk
writing S3259_contig_2.gbk
writing S3259_contig_2.gbk
writing S3259_contig_2.gbk
writing S3259_contig_2.gbk
writing S3259_contig_2.gbk
writing S3259_contig_3.gbk
writing S3259_contig_3.gbk
writing S3259_contig_3.gbk
writing S3259_contig_3.gbk
writing S3259_contig_4.gbk
writing S3259_contig_4.gbk
writing S3259_contig_5.gbk
writing S3259_contig_5.gbk
writing S3259_contig_5.gbk
writing S3259_contig_6.gbk
writing S3259_contig_6.gbk
writing S3259_contig_6.gbk
writing S3259_contig_7.gbk
writing S3259_contig_7.gbk
writing S3259_contig_9.gbk
writing S3259_contig_9.gbk
writing S3259_contig_10.gbk
writing S3259_contig_11.gbk
writing S3259_contig_12.gbk
writing S3259_contig_13.gbk
writing S3259_contig_13.gbk
writing S3259_contig_14.gbk
writing S3259_contig_15.gbk
writing S3259_contig_15.gbk
writing S3259_contig_16.gbk
writing S3259_contig_20.gbk
writing S3259_contig_26.gbk
writing S3259_contig_31.gbk
The summary file for S3259 was saved to S3259/S3259.tsv.
Success: 'ampcombi parse_tables' completed successfully ! Now run ampcombi complete !

=== Sample 197/301: S3261 ===

 $$$$$$\  $$\      $$\ $$$$$$$\                                    $$\       $$\|
$$  __$$\ $$$\    $$$ |$$  __$$\                                   $$ |      \__|
$ /   $$ |$$$$\  $$$$ |$$ |  $$ | $$$$$$$\  $$$$$$\  $$$$$$\$$$$\  $$$$$$$\  $$\ 
$$$$$$$$ |$$\$$\$$ $$ |$$$$$$$  |$$  _____|$$  __$$\ $$  _$$  _$$\ $$  __$$\ $$ |
$$  __$$ |$$ \$$$  $$ |$$  ____/ $$ /      $$ /  $$ |$$ / $$ / $$ |$$ |  $$ |$$ |
$$ |  $$ |$$ |\$  /$$ |$$ |      $$ |      $$ |  $$ |$$ | $$ | $$ |$$ |  $$ |$$ |
$$ |  $$ |$$ | \_/ $$ |$$ |      \$$$$$$$\ \$$$$$$  |$$ | $$ | $$ |$$$$$$$  |$$ |
\__|  \__|\__|     \__|\__|       \_______| \______/ \__| \__| \__|\_______/ \__|

<--AMP_database> = /work3/josne/github/bacass/assets/databases/amp_DRAMP_database is found and will be used
MMseqs2 directory already exists in /work3/josne/github/bacass/assets/databases/amp_DRAMP_database.

 ########################################################## 
Processing AMP-files from sample: S3261
found macrel file
found ampir file
found amplify file
No InterproScan files were provided. Workflow continuing ....
The fasta containing AMP sequences for S3261 was saved to S3261/ 

The mmseqs alignment for S3261 in progress ....
No AMP hits for S3261 were successfully aligned to the reference database. Consider changing the database.
The mmseqs alignment for S3261 was saved to S3261/.
Estimating functional and structural properties for S3261 ....
Parsing the corresponding gene bank file for S3261 ....
writing S3261_contig_1.gbk
writing S3261_contig_1.gbk
writing S3261_contig_1.gbk
writing S3261_contig_1.gbk
writing S3261_contig_2.gbk
writing S3261_contig_2.gbk
writing S3261_contig_3.gbk
writing S3261_contig_3.gbk
writing S3261_contig_3.gbk
writing S3261_contig_4.gbk
writing S3261_contig_4.gbk
writing S3261_contig_4.gbk
writing S3261_contig_4.gbk
writing S3261_contig_5.gbk
writing S3261_contig_5.gbk
writing S3261_contig_6.gbk
writing S3261_contig_6.gbk
writing S3261_contig_6.gbk
writing S3261_contig_6.gbk
writing S3261_contig_7.gbk
writing S3261_contig_10.gbk
writing S3261_contig_10.gbk
writing S3261_contig_10.gbk
writing S3261_contig_10.gbk
writing S3261_contig_11.gbk
writing S3261_contig_11.gbk
writing S3261_contig_15.gbk
writing S3261_contig_16.gbk
writing S3261_contig_19.gbk
writing S3261_contig_27.gbk
writing S3261_contig_29.gbk
The summary file for S3261 was saved to S3261/S3261.tsv.
Success: 'ampcombi parse_tables' completed successfully ! Now run ampcombi complete !

=== Sample 198/301: S3262 ===

 $$$$$$\  $$\      $$\ $$$$$$$\                                    $$\       $$\|
$$  __$$\ $$$\    $$$ |$$  __$$\                                   $$ |      \__|
$ /   $$ |$$$$\  $$$$ |$$ |  $$ | $$$$$$$\  $$$$$$\  $$$$$$\$$$$\  $$$$$$$\  $$\ 
$$$$$$$$ |$$\$$\$$ $$ |$$$$$$$  |$$  _____|$$  __$$\ $$  _$$  _$$\ $$  __$$\ $$ |
$$  __$$ |$$ \$$$  $$ |$$  ____/ $$ /      $$ /  $$ |$$ / $$ / $$ |$$ |  $$ |$$ |
$$ |  $$ |$$ |\$  /$$ |$$ |      $$ |      $$ |  $$ |$$ | $$ | $$ |$$ |  $$ |$$ |
$$ |  $$ |$$ | \_/ $$ |$$ |      \$$$$$$$\ \$$$$$$  |$$ | $$ | $$ |$$$$$$$  |$$ |
\__|  \__|\__|     \__|\__|       \_______| \______/ \__| \__| \__|\_______/ \__|

<--AMP_database> = /work3/josne/github/bacass/assets/databases/amp_DRAMP_database is found and will be used
MMseqs2 directory already exists in /work3/josne/github/bacass/assets/databases/amp_DRAMP_database.

 ########################################################## 
Processing AMP-files from sample: S3262
found macrel file
found ampir file
found amplify file
No InterproScan files were provided. Workflow continuing ....
The fasta containing AMP sequences for S3262 was saved to S3262/ 

The mmseqs alignment for S3262 in progress ....
No AMP hits for S3262 were successfully aligned to the reference database. Consider changing the database.
The mmseqs alignment for S3262 was saved to S3262/.
Estimating functional and structural properties for S3262 ....
Parsing the corresponding gene bank file for S3262 ....
writing S3262_contig_1.gbk
writing S3262_contig_1.gbk
writing S3262_contig_1.gbk
writing S3262_contig_2.gbk
writing S3262_contig_2.gbk
writing S3262_contig_3.gbk
writing S3262_contig_3.gbk
writing S3262_contig_3.gbk
writing S3262_contig_3.gbk
writing S3262_contig_4.gbk
writing S3262_contig_4.gbk
writing S3262_contig_5.gbk
writing S3262_contig_6.gbk
writing S3262_contig_8.gbk
writing S3262_contig_9.gbk
writing S3262_contig_9.gbk
writing S3262_contig_10.gbk
writing S3262_contig_10.gbk
writing S3262_contig_14.gbk
writing S3262_contig_15.gbk
writing S3262_contig_16.gbk
writing S3262_contig_18.gbk
writing S3262_contig_20.gbk
writing S3262_contig_22.gbk
writing S3262_contig_24.gbk
writing S3262_contig_25.gbk
writing S3262_contig_27.gbk
The summary file for S3262 was saved to S3262/S3262.tsv.
Success: 'ampcombi parse_tables' completed successfully ! Now run ampcombi complete !

=== Sample 199/301: S3301 ===

 $$$$$$\  $$\      $$\ $$$$$$$\                                    $$\       $$\|
$$  __$$\ $$$\    $$$ |$$  __$$\                                   $$ |      \__|
$ /   $$ |$$$$\  $$$$ |$$ |  $$ | $$$$$$$\  $$$$$$\  $$$$$$\$$$$\  $$$$$$$\  $$\ 
$$$$$$$$ |$$\$$\$$ $$ |$$$$$$$  |$$  _____|$$  __$$\ $$  _$$  _$$\ $$  __$$\ $$ |
$$  __$$ |$$ \$$$  $$ |$$  ____/ $$ /      $$ /  $$ |$$ / $$ / $$ |$$ |  $$ |$$ |
$$ |  $$ |$$ |\$  /$$ |$$ |      $$ |      $$ |  $$ |$$ | $$ | $$ |$$ |  $$ |$$ |
$$ |  $$ |$$ | \_/ $$ |$$ |      \$$$$$$$\ \$$$$$$  |$$ | $$ | $$ |$$$$$$$  |$$ |
\__|  \__|\__|     \__|\__|       \_______| \______/ \__| \__| \__|\_______/ \__|

<--AMP_database> = /work3/josne/github/bacass/assets/databases/amp_DRAMP_database is found and will be used
MMseqs2 directory already exists in /work3/josne/github/bacass/assets/databases/amp_DRAMP_database.

 ########################################################## 
Processing AMP-files from sample: S3301
found macrel file
found ampir file
found amplify file
No InterproScan files were provided. Workflow continuing ....
The fasta containing AMP sequences for S3301 was saved to S3301/ 

The mmseqs alignment for S3301 in progress ....
No AMP hits for S3301 were successfully aligned to the reference database. Consider changing the database.
The mmseqs alignment for S3301 was saved to S3301/.
Estimating functional and structural properties for S3301 ....
Parsing the corresponding gene bank file for S3301 ....
writing S3301_contig_1.gbk
writing S3301_contig_1.gbk
writing S3301_contig_1.gbk
writing S3301_contig_1.gbk
writing S3301_contig_2.gbk
writing S3301_contig_2.gbk
writing S3301_contig_2.gbk
writing S3301_contig_2.gbk
writing S3301_contig_2.gbk
writing S3301_contig_2.gbk
writing S3301_contig_3.gbk
writing S3301_contig_4.gbk
writing S3301_contig_4.gbk
writing S3301_contig_4.gbk
writing S3301_contig_4.gbk
writing S3301_contig_4.gbk
writing S3301_contig_5.gbk
writing S3301_contig_5.gbk
writing S3301_contig_5.gbk
writing S3301_contig_5.gbk
writing S3301_contig_6.gbk
writing S3301_contig_6.gbk
writing S3301_contig_6.gbk
writing S3301_contig_7.gbk
writing S3301_contig_11.gbk
writing S3301_contig_12.gbk
writing S3301_contig_13.gbk
writing S3301_contig_14.gbk
writing S3301_contig_14.gbk
writing S3301_contig_19.gbk
writing S3301_contig_23.gbk
writing S3301_contig_35.gbk
writing S3301_contig_38.gbk
The summary file for S3301 was saved to S3301/S3301.tsv.
Success: 'ampcombi parse_tables' completed successfully ! Now run ampcombi complete !

=== Sample 200/301: S3302 ===

 $$$$$$\  $$\      $$\ $$$$$$$\                                    $$\       $$\|
$$  __$$\ $$$\    $$$ |$$  __$$\                                   $$ |      \__|
$ /   $$ |$$$$\  $$$$ |$$ |  $$ | $$$$$$$\  $$$$$$\  $$$$$$\$$$$\  $$$$$$$\  $$\ 
$$$$$$$$ |$$\$$\$$ $$ |$$$$$$$  |$$  _____|$$  __$$\ $$  _$$  _$$\ $$  __$$\ $$ |
$$  __$$ |$$ \$$$  $$ |$$  ____/ $$ /      $$ /  $$ |$$ / $$ / $$ |$$ |  $$ |$$ |
$$ |  $$ |$$ |\$  /$$ |$$ |      $$ |      $$ |  $$ |$$ | $$ | $$ |$$ |  $$ |$$ |
$$ |  $$ |$$ | \_/ $$ |$$ |      \$$$$$$$\ \$$$$$$  |$$ | $$ | $$ |$$$$$$$  |$$ |
\__|  \__|\__|     \__|\__|       \_______| \______/ \__| \__| \__|\_______/ \__|

<--AMP_database> = /work3/josne/github/bacass/assets/databases/amp_DRAMP_database is found and will be used
MMseqs2 directory already exists in /work3/josne/github/bacass/assets/databases/amp_DRAMP_database.

 ########################################################## 
Processing AMP-files from sample: S3302
found macrel file
found ampir file
found amplify file
No InterproScan files were provided. Workflow continuing ....
The fasta containing AMP sequences for S3302 was saved to S3302/ 

The mmseqs alignment for S3302 in progress ....
No AMP hits for S3302 were successfully aligned to the reference database. Consider changing the database.
The mmseqs alignment for S3302 was saved to S3302/.
Estimating functional and structural properties for S3302 ....
Parsing the corresponding gene bank file for S3302 ....
writing S3302_contig_1.gbk
writing S3302_contig_1.gbk
writing S3302_contig_1.gbk
writing S3302_contig_1.gbk
writing S3302_contig_2.gbk
writing S3302_contig_2.gbk
writing S3302_contig_2.gbk
writing S3302_contig_2.gbk
writing S3302_contig_3.gbk
writing S3302_contig_3.gbk
writing S3302_contig_3.gbk
writing S3302_contig_3.gbk
writing S3302_contig_3.gbk
writing S3302_contig_4.gbk
writing S3302_contig_4.gbk
writing S3302_contig_4.gbk
writing S3302_contig_5.gbk
writing S3302_contig_6.gbk
writing S3302_contig_6.gbk
writing S3302_contig_6.gbk
writing S3302_contig_7.gbk
writing S3302_contig_8.gbk
writing S3302_contig_9.gbk
writing S3302_contig_9.gbk
writing S3302_contig_9.gbk
writing S3302_contig_10.gbk
writing S3302_contig_11.gbk
writing S3302_contig_13.gbk
writing S3302_contig_14.gbk
writing S3302_contig_23.gbk
The summary file for S3302 was saved to S3302/S3302.tsv.
Success: 'ampcombi parse_tables' completed successfully ! Now run ampcombi complete !

=== Sample 201/301: S3303 ===

 $$$$$$\  $$\      $$\ $$$$$$$\                                    $$\       $$\|
$$  __$$\ $$$\    $$$ |$$  __$$\                                   $$ |      \__|
$ /   $$ |$$$$\  $$$$ |$$ |  $$ | $$$$$$$\  $$$$$$\  $$$$$$\$$$$\  $$$$$$$\  $$\ 
$$$$$$$$ |$$\$$\$$ $$ |$$$$$$$  |$$  _____|$$  __$$\ $$  _$$  _$$\ $$  __$$\ $$ |
$$  __$$ |$$ \$$$  $$ |$$  ____/ $$ /      $$ /  $$ |$$ / $$ / $$ |$$ |  $$ |$$ |
$$ |  $$ |$$ |\$  /$$ |$$ |      $$ |      $$ |  $$ |$$ | $$ | $$ |$$ |  $$ |$$ |
$$ |  $$ |$$ | \_/ $$ |$$ |      \$$$$$$$\ \$$$$$$  |$$ | $$ | $$ |$$$$$$$  |$$ |
\__|  \__|\__|     \__|\__|       \_______| \______/ \__| \__| \__|\_______/ \__|

<--AMP_database> = /work3/josne/github/bacass/assets/databases/amp_DRAMP_database is found and will be used
MMseqs2 directory already exists in /work3/josne/github/bacass/assets/databases/amp_DRAMP_database.

 ########################################################## 
Processing AMP-files from sample: S3303
found macrel file
found ampir file
found amplify file
No InterproScan files were provided. Workflow continuing ....
The fasta containing AMP sequences for S3303 was saved to S3303/ 

The mmseqs alignment for S3303 in progress ....
No AMP hits for S3303 were successfully aligned to the reference database. Consider changing the database.
The mmseqs alignment for S3303 was saved to S3303/.
Estimating functional and structural properties for S3303 ....
Parsing the corresponding gene bank file for S3303 ....
writing S3303_contig_1.gbk
writing S3303_contig_1.gbk
writing S3303_contig_1.gbk
writing S3303_contig_2.gbk
writing S3303_contig_2.gbk
writing S3303_contig_2.gbk
writing S3303_contig_2.gbk
writing S3303_contig_2.gbk
writing S3303_contig_2.gbk
writing S3303_contig_3.gbk
writing S3303_contig_3.gbk
writing S3303_contig_3.gbk
writing S3303_contig_4.gbk
writing S3303_contig_6.gbk
writing S3303_contig_6.gbk
writing S3303_contig_7.gbk
writing S3303_contig_9.gbk
writing S3303_contig_10.gbk
writing S3303_contig_12.gbk
writing S3303_contig_12.gbk
writing S3303_contig_12.gbk
writing S3303_contig_12.gbk
writing S3303_contig_14.gbk
writing S3303_contig_14.gbk
writing S3303_contig_15.gbk
writing S3303_contig_19.gbk
writing S3303_contig_20.gbk
writing S3303_contig_22.gbk
writing S3303_contig_24.gbk
writing S3303_contig_24.gbk
writing S3303_contig_24.gbk
writing S3303_contig_24.gbk
writing S3303_contig_29.gbk
writing S3303_contig_32.gbk
writing S3303_contig_35.gbk
writing S3303_contig_36.gbk
The summary file for S3303 was saved to S3303/S3303.tsv.
Success: 'ampcombi parse_tables' completed successfully ! Now run ampcombi complete !

=== Sample 202/301: S3305 ===

 $$$$$$\  $$\      $$\ $$$$$$$\                                    $$\       $$\|
$$  __$$\ $$$\    $$$ |$$  __$$\                                   $$ |      \__|
$ /   $$ |$$$$\  $$$$ |$$ |  $$ | $$$$$$$\  $$$$$$\  $$$$$$\$$$$\  $$$$$$$\  $$\ 
$$$$$$$$ |$$\$$\$$ $$ |$$$$$$$  |$$  _____|$$  __$$\ $$  _$$  _$$\ $$  __$$\ $$ |
$$  __$$ |$$ \$$$  $$ |$$  ____/ $$ /      $$ /  $$ |$$ / $$ / $$ |$$ |  $$ |$$ |
$$ |  $$ |$$ |\$  /$$ |$$ |      $$ |      $$ |  $$ |$$ | $$ | $$ |$$ |  $$ |$$ |
$$ |  $$ |$$ | \_/ $$ |$$ |      \$$$$$$$\ \$$$$$$  |$$ | $$ | $$ |$$$$$$$  |$$ |
\__|  \__|\__|     \__|\__|       \_______| \______/ \__| \__| \__|\_______/ \__|

<--AMP_database> = /work3/josne/github/bacass/assets/databases/amp_DRAMP_database is found and will be used
MMseqs2 directory already exists in /work3/josne/github/bacass/assets/databases/amp_DRAMP_database.

 ########################################################## 
Processing AMP-files from sample: S3305
found macrel file
found ampir file
found amplify file
No InterproScan files were provided. Workflow continuing ....
The fasta containing AMP sequences for S3305 was saved to S3305/ 

The mmseqs alignment for S3305 in progress ....
No AMP hits for S3305 were successfully aligned to the reference database. Consider changing the database.
The mmseqs alignment for S3305 was saved to S3305/.
Estimating functional and structural properties for S3305 ....
Parsing the corresponding gene bank file for S3305 ....
writing S3305_contig_1.gbk
writing S3305_contig_1.gbk
writing S3305_contig_1.gbk
writing S3305_contig_2.gbk
writing S3305_contig_2.gbk
writing S3305_contig_2.gbk
writing S3305_contig_2.gbk
writing S3305_contig_2.gbk
writing S3305_contig_2.gbk
writing S3305_contig_3.gbk
writing S3305_contig_3.gbk
writing S3305_contig_3.gbk
writing S3305_contig_4.gbk
writing S3305_contig_6.gbk
writing S3305_contig_6.gbk
writing S3305_contig_7.gbk
writing S3305_contig_9.gbk
writing S3305_contig_10.gbk
writing S3305_contig_12.gbk
writing S3305_contig_12.gbk
writing S3305_contig_12.gbk
writing S3305_contig_12.gbk
writing S3305_contig_14.gbk
writing S3305_contig_14.gbk
writing S3305_contig_15.gbk
writing S3305_contig_19.gbk
writing S3305_contig_20.gbk
writing S3305_contig_22.gbk
writing S3305_contig_24.gbk
writing S3305_contig_24.gbk
writing S3305_contig_24.gbk
writing S3305_contig_24.gbk
writing S3305_contig_29.gbk
writing S3305_contig_32.gbk
writing S3305_contig_35.gbk
writing S3305_contig_36.gbk
The summary file for S3305 was saved to S3305/S3305.tsv.
Success: 'ampcombi parse_tables' completed successfully ! Now run ampcombi complete !

=== Sample 203/301: S3307 ===

 $$$$$$\  $$\      $$\ $$$$$$$\                                    $$\       $$\|
$$  __$$\ $$$\    $$$ |$$  __$$\                                   $$ |      \__|
$ /   $$ |$$$$\  $$$$ |$$ |  $$ | $$$$$$$\  $$$$$$\  $$$$$$\$$$$\  $$$$$$$\  $$\ 
$$$$$$$$ |$$\$$\$$ $$ |$$$$$$$  |$$  _____|$$  __$$\ $$  _$$  _$$\ $$  __$$\ $$ |
$$  __$$ |$$ \$$$  $$ |$$  ____/ $$ /      $$ /  $$ |$$ / $$ / $$ |$$ |  $$ |$$ |
$$ |  $$ |$$ |\$  /$$ |$$ |      $$ |      $$ |  $$ |$$ | $$ | $$ |$$ |  $$ |$$ |
$$ |  $$ |$$ | \_/ $$ |$$ |      \$$$$$$$\ \$$$$$$  |$$ | $$ | $$ |$$$$$$$  |$$ |
\__|  \__|\__|     \__|\__|       \_______| \______/ \__| \__| \__|\_______/ \__|

<--AMP_database> = /work3/josne/github/bacass/assets/databases/amp_DRAMP_database is found and will be used
MMseqs2 directory already exists in /work3/josne/github/bacass/assets/databases/amp_DRAMP_database.

 ########################################################## 
Processing AMP-files from sample: S3307
found macrel file
found ampir file
found amplify file
No InterproScan files were provided. Workflow continuing ....
The fasta containing AMP sequences for S3307 was saved to S3307/ 

The mmseqs alignment for S3307 in progress ....
No AMP hits for S3307 were successfully aligned to the reference database. Consider changing the database.
The mmseqs alignment for S3307 was saved to S3307/.
Estimating functional and structural properties for S3307 ....
Parsing the corresponding gene bank file for S3307 ....
writing S3307_contig_1.gbk
writing S3307_contig_1.gbk
writing S3307_contig_2.gbk
writing S3307_contig_2.gbk
writing S3307_contig_2.gbk
writing S3307_contig_2.gbk
writing S3307_contig_3.gbk
writing S3307_contig_3.gbk
writing S3307_contig_3.gbk
writing S3307_contig_4.gbk
writing S3307_contig_5.gbk
writing S3307_contig_5.gbk
writing S3307_contig_5.gbk
writing S3307_contig_5.gbk
writing S3307_contig_7.gbk
writing S3307_contig_8.gbk
writing S3307_contig_8.gbk
writing S3307_contig_8.gbk
writing S3307_contig_9.gbk
writing S3307_contig_9.gbk
writing S3307_contig_9.gbk
writing S3307_contig_12.gbk
writing S3307_contig_15.gbk
writing S3307_contig_15.gbk
writing S3307_contig_19.gbk
writing S3307_contig_19.gbk
writing S3307_contig_19.gbk
writing S3307_contig_20.gbk
writing S3307_contig_21.gbk
writing S3307_contig_21.gbk
writing S3307_contig_21.gbk
writing S3307_contig_26.gbk
The summary file for S3307 was saved to S3307/S3307.tsv.
Success: 'ampcombi parse_tables' completed successfully ! Now run ampcombi complete !

=== Sample 204/301: S3308 ===

 $$$$$$\  $$\      $$\ $$$$$$$\                                    $$\       $$\|
$$  __$$\ $$$\    $$$ |$$  __$$\                                   $$ |      \__|
$ /   $$ |$$$$\  $$$$ |$$ |  $$ | $$$$$$$\  $$$$$$\  $$$$$$\$$$$\  $$$$$$$\  $$\ 
$$$$$$$$ |$$\$$\$$ $$ |$$$$$$$  |$$  _____|$$  __$$\ $$  _$$  _$$\ $$  __$$\ $$ |
$$  __$$ |$$ \$$$  $$ |$$  ____/ $$ /      $$ /  $$ |$$ / $$ / $$ |$$ |  $$ |$$ |
$$ |  $$ |$$ |\$  /$$ |$$ |      $$ |      $$ |  $$ |$$ | $$ | $$ |$$ |  $$ |$$ |
$$ |  $$ |$$ | \_/ $$ |$$ |      \$$$$$$$\ \$$$$$$  |$$ | $$ | $$ |$$$$$$$  |$$ |
\__|  \__|\__|     \__|\__|       \_______| \______/ \__| \__| \__|\_______/ \__|

<--AMP_database> = /work3/josne/github/bacass/assets/databases/amp_DRAMP_database is found and will be used
MMseqs2 directory already exists in /work3/josne/github/bacass/assets/databases/amp_DRAMP_database.

 ########################################################## 
Processing AMP-files from sample: S3308
found macrel file
found ampir file
found amplify file
No InterproScan files were provided. Workflow continuing ....
The fasta containing AMP sequences for S3308 was saved to S3308/ 

The mmseqs alignment for S3308 in progress ....
No AMP hits for S3308 were successfully aligned to the reference database. Consider changing the database.
The mmseqs alignment for S3308 was saved to S3308/.
Estimating functional and structural properties for S3308 ....
Parsing the corresponding gene bank file for S3308 ....
writing S3308_contig_1.gbk
writing S3308_contig_1.gbk
writing S3308_contig_1.gbk
writing S3308_contig_1.gbk
writing S3308_contig_1.gbk
writing S3308_contig_3.gbk
writing S3308_contig_3.gbk
writing S3308_contig_3.gbk
writing S3308_contig_4.gbk
writing S3308_contig_4.gbk
writing S3308_contig_5.gbk
writing S3308_contig_7.gbk
writing S3308_contig_7.gbk
writing S3308_contig_9.gbk
writing S3308_contig_9.gbk
writing S3308_contig_9.gbk
writing S3308_contig_9.gbk
writing S3308_contig_11.gbk
writing S3308_contig_12.gbk
writing S3308_contig_13.gbk
writing S3308_contig_13.gbk
writing S3308_contig_14.gbk
writing S3308_contig_14.gbk
writing S3308_contig_14.gbk
writing S3308_contig_16.gbk
writing S3308_contig_16.gbk
writing S3308_contig_17.gbk
writing S3308_contig_18.gbk
writing S3308_contig_18.gbk
writing S3308_contig_21.gbk
writing S3308_contig_23.gbk
writing S3308_contig_25.gbk
writing S3308_contig_27.gbk
writing S3308_contig_41.gbk
writing S3308_contig_51.gbk
The summary file for S3308 was saved to S3308/S3308.tsv.
Success: 'ampcombi parse_tables' completed successfully ! Now run ampcombi complete !

=== Sample 205/301: S3309 ===

 $$$$$$\  $$\      $$\ $$$$$$$\                                    $$\       $$\|
$$  __$$\ $$$\    $$$ |$$  __$$\                                   $$ |      \__|
$ /   $$ |$$$$\  $$$$ |$$ |  $$ | $$$$$$$\  $$$$$$\  $$$$$$\$$$$\  $$$$$$$\  $$\ 
$$$$$$$$ |$$\$$\$$ $$ |$$$$$$$  |$$  _____|$$  __$$\ $$  _$$  _$$\ $$  __$$\ $$ |
$$  __$$ |$$ \$$$  $$ |$$  ____/ $$ /      $$ /  $$ |$$ / $$ / $$ |$$ |  $$ |$$ |
$$ |  $$ |$$ |\$  /$$ |$$ |      $$ |      $$ |  $$ |$$ | $$ | $$ |$$ |  $$ |$$ |
$$ |  $$ |$$ | \_/ $$ |$$ |      \$$$$$$$\ \$$$$$$  |$$ | $$ | $$ |$$$$$$$  |$$ |
\__|  \__|\__|     \__|\__|       \_______| \______/ \__| \__| \__|\_______/ \__|

<--AMP_database> = /work3/josne/github/bacass/assets/databases/amp_DRAMP_database is found and will be used
MMseqs2 directory already exists in /work3/josne/github/bacass/assets/databases/amp_DRAMP_database.

 ########################################################## 
Processing AMP-files from sample: S3309
found macrel file
found ampir file
found amplify file
No InterproScan files were provided. Workflow continuing ....
The fasta containing AMP sequences for S3309 was saved to S3309/ 

The mmseqs alignment for S3309 in progress ....
No AMP hits for S3309 were successfully aligned to the reference database. Consider changing the database.
The mmseqs alignment for S3309 was saved to S3309/.
Estimating functional and structural properties for S3309 ....
Parsing the corresponding gene bank file for S3309 ....
writing S3309_contig_1.gbk
writing S3309_contig_1.gbk
writing S3309_contig_1.gbk
writing S3309_contig_1.gbk
writing S3309_contig_1.gbk
writing S3309_contig_2.gbk
writing S3309_contig_2.gbk
writing S3309_contig_2.gbk
writing S3309_contig_2.gbk
writing S3309_contig_4.gbk
writing S3309_contig_4.gbk
writing S3309_contig_4.gbk
writing S3309_contig_5.gbk
writing S3309_contig_5.gbk
writing S3309_contig_6.gbk
writing S3309_contig_8.gbk
writing S3309_contig_8.gbk
writing S3309_contig_10.gbk
writing S3309_contig_10.gbk
writing S3309_contig_10.gbk
writing S3309_contig_10.gbk
writing S3309_contig_12.gbk
writing S3309_contig_13.gbk
writing S3309_contig_14.gbk
writing S3309_contig_14.gbk
writing S3309_contig_14.gbk
writing S3309_contig_16.gbk
writing S3309_contig_17.gbk
writing S3309_contig_17.gbk
writing S3309_contig_20.gbk
writing S3309_contig_22.gbk
writing S3309_contig_24.gbk
writing S3309_contig_26.gbk
writing S3309_contig_41.gbk
writing S3309_contig_49.gbk
The summary file for S3309 was saved to S3309/S3309.tsv.
Success: 'ampcombi parse_tables' completed successfully ! Now run ampcombi complete !

=== Sample 206/301: S3310 ===

 $$$$$$\  $$\      $$\ $$$$$$$\                                    $$\       $$\|
$$  __$$\ $$$\    $$$ |$$  __$$\                                   $$ |      \__|
$ /   $$ |$$$$\  $$$$ |$$ |  $$ | $$$$$$$\  $$$$$$\  $$$$$$\$$$$\  $$$$$$$\  $$\ 
$$$$$$$$ |$$\$$\$$ $$ |$$$$$$$  |$$  _____|$$  __$$\ $$  _$$  _$$\ $$  __$$\ $$ |
$$  __$$ |$$ \$$$  $$ |$$  ____/ $$ /      $$ /  $$ |$$ / $$ / $$ |$$ |  $$ |$$ |
$$ |  $$ |$$ |\$  /$$ |$$ |      $$ |      $$ |  $$ |$$ | $$ | $$ |$$ |  $$ |$$ |
$$ |  $$ |$$ | \_/ $$ |$$ |      \$$$$$$$\ \$$$$$$  |$$ | $$ | $$ |$$$$$$$  |$$ |
\__|  \__|\__|     \__|\__|       \_______| \______/ \__| \__| \__|\_______/ \__|

<--AMP_database> = /work3/josne/github/bacass/assets/databases/amp_DRAMP_database is found and will be used
MMseqs2 directory already exists in /work3/josne/github/bacass/assets/databases/amp_DRAMP_database.

 ########################################################## 
Processing AMP-files from sample: S3310
found macrel file
found ampir file
found amplify file
No InterproScan files were provided. Workflow continuing ....
The fasta containing AMP sequences for S3310 was saved to S3310/ 

The mmseqs alignment for S3310 in progress ....
No AMP hits for S3310 were successfully aligned to the reference database. Consider changing the database.
The mmseqs alignment for S3310 was saved to S3310/.
Estimating functional and structural properties for S3310 ....
Parsing the corresponding gene bank file for S3310 ....
writing S3310_contig_1.gbk
writing S3310_contig_1.gbk
writing S3310_contig_1.gbk
writing S3310_contig_2.gbk
writing S3310_contig_2.gbk
writing S3310_contig_2.gbk
writing S3310_contig_2.gbk
writing S3310_contig_2.gbk
writing S3310_contig_2.gbk
writing S3310_contig_3.gbk
writing S3310_contig_3.gbk
writing S3310_contig_3.gbk
writing S3310_contig_3.gbk
writing S3310_contig_3.gbk
writing S3310_contig_4.gbk
writing S3310_contig_5.gbk
writing S3310_contig_7.gbk
writing S3310_contig_7.gbk
writing S3310_contig_8.gbk
writing S3310_contig_10.gbk
writing S3310_contig_11.gbk
writing S3310_contig_11.gbk
writing S3310_contig_12.gbk
writing S3310_contig_13.gbk
writing S3310_contig_13.gbk
writing S3310_contig_13.gbk
writing S3310_contig_13.gbk
writing S3310_contig_14.gbk
writing S3310_contig_14.gbk
writing S3310_contig_17.gbk
The summary file for S3310 was saved to S3310/S3310.tsv.
Success: 'ampcombi parse_tables' completed successfully ! Now run ampcombi complete !

=== Sample 207/301: S3311 ===

 $$$$$$\  $$\      $$\ $$$$$$$\                                    $$\       $$\|
$$  __$$\ $$$\    $$$ |$$  __$$\                                   $$ |      \__|
$ /   $$ |$$$$\  $$$$ |$$ |  $$ | $$$$$$$\  $$$$$$\  $$$$$$\$$$$\  $$$$$$$\  $$\ 
$$$$$$$$ |$$\$$\$$ $$ |$$$$$$$  |$$  _____|$$  __$$\ $$  _$$  _$$\ $$  __$$\ $$ |
$$  __$$ |$$ \$$$  $$ |$$  ____/ $$ /      $$ /  $$ |$$ / $$ / $$ |$$ |  $$ |$$ |
$$ |  $$ |$$ |\$  /$$ |$$ |      $$ |      $$ |  $$ |$$ | $$ | $$ |$$ |  $$ |$$ |
$$ |  $$ |$$ | \_/ $$ |$$ |      \$$$$$$$\ \$$$$$$  |$$ | $$ | $$ |$$$$$$$  |$$ |
\__|  \__|\__|     \__|\__|       \_______| \______/ \__| \__| \__|\_______/ \__|

<--AMP_database> = /work3/josne/github/bacass/assets/databases/amp_DRAMP_database is found and will be used
MMseqs2 directory already exists in /work3/josne/github/bacass/assets/databases/amp_DRAMP_database.

 ########################################################## 
Processing AMP-files from sample: S3311
found macrel file
found ampir file
found amplify file
No InterproScan files were provided. Workflow continuing ....
The fasta containing AMP sequences for S3311 was saved to S3311/ 

The mmseqs alignment for S3311 in progress ....
No AMP hits for S3311 were successfully aligned to the reference database. Consider changing the database.
The mmseqs alignment for S3311 was saved to S3311/.
Estimating functional and structural properties for S3311 ....
Parsing the corresponding gene bank file for S3311 ....
writing S3311_contig_1.gbk
writing S3311_contig_1.gbk
writing S3311_contig_1.gbk
writing S3311_contig_1.gbk
writing S3311_contig_5.gbk
writing S3311_contig_5.gbk
writing S3311_contig_6.gbk
writing S3311_contig_8.gbk
writing S3311_contig_8.gbk
writing S3311_contig_9.gbk
writing S3311_contig_10.gbk
writing S3311_contig_10.gbk
writing S3311_contig_10.gbk
writing S3311_contig_10.gbk
writing S3311_contig_11.gbk
writing S3311_contig_12.gbk
writing S3311_contig_13.gbk
writing S3311_contig_14.gbk
writing S3311_contig_15.gbk
writing S3311_contig_16.gbk
writing S3311_contig_16.gbk
writing S3311_contig_18.gbk
writing S3311_contig_19.gbk
writing S3311_contig_19.gbk
writing S3311_contig_24.gbk
writing S3311_contig_26.gbk
writing S3311_contig_27.gbk
writing S3311_contig_31.gbk
writing S3311_contig_31.gbk
writing S3311_contig_44.gbk
writing S3311_contig_47.gbk
writing S3311_contig_53.gbk
writing S3311_contig_62.gbk
writing S3311_contig_69.gbk
writing S3311_contig_73.gbk
The summary file for S3311 was saved to S3311/S3311.tsv.
Success: 'ampcombi parse_tables' completed successfully ! Now run ampcombi complete !

=== Sample 208/301: S3312 ===

 $$$$$$\  $$\      $$\ $$$$$$$\                                    $$\       $$\|
$$  __$$\ $$$\    $$$ |$$  __$$\                                   $$ |      \__|
$ /   $$ |$$$$\  $$$$ |$$ |  $$ | $$$$$$$\  $$$$$$\  $$$$$$\$$$$\  $$$$$$$\  $$\ 
$$$$$$$$ |$$\$$\$$ $$ |$$$$$$$  |$$  _____|$$  __$$\ $$  _$$  _$$\ $$  __$$\ $$ |
$$  __$$ |$$ \$$$  $$ |$$  ____/ $$ /      $$ /  $$ |$$ / $$ / $$ |$$ |  $$ |$$ |
$$ |  $$ |$$ |\$  /$$ |$$ |      $$ |      $$ |  $$ |$$ | $$ | $$ |$$ |  $$ |$$ |
$$ |  $$ |$$ | \_/ $$ |$$ |      \$$$$$$$\ \$$$$$$  |$$ | $$ | $$ |$$$$$$$  |$$ |
\__|  \__|\__|     \__|\__|       \_______| \______/ \__| \__| \__|\_______/ \__|

<--AMP_database> = /work3/josne/github/bacass/assets/databases/amp_DRAMP_database is found and will be used
MMseqs2 directory already exists in /work3/josne/github/bacass/assets/databases/amp_DRAMP_database.

 ########################################################## 
Processing AMP-files from sample: S3312
found macrel file
found ampir file
found amplify file
No InterproScan files were provided. Workflow continuing ....
The fasta containing AMP sequences for S3312 was saved to S3312/ 

The mmseqs alignment for S3312 in progress ....
No AMP hits for S3312 were successfully aligned to the reference database. Consider changing the database.
The mmseqs alignment for S3312 was saved to S3312/.
Estimating functional and structural properties for S3312 ....
Parsing the corresponding gene bank file for S3312 ....
writing S3312_contig_1.gbk
writing S3312_contig_1.gbk
writing S3312_contig_1.gbk
writing S3312_contig_1.gbk
writing S3312_contig_1.gbk
writing S3312_contig_1.gbk
writing S3312_contig_1.gbk
writing S3312_contig_2.gbk
writing S3312_contig_2.gbk
writing S3312_contig_2.gbk
writing S3312_contig_2.gbk
writing S3312_contig_3.gbk
writing S3312_contig_3.gbk
writing S3312_contig_3.gbk
writing S3312_contig_3.gbk
writing S3312_contig_3.gbk
writing S3312_contig_3.gbk
writing S3312_contig_4.gbk
writing S3312_contig_4.gbk
writing S3312_contig_4.gbk
writing S3312_contig_5.gbk
writing S3312_contig_5.gbk
writing S3312_contig_6.gbk
writing S3312_contig_6.gbk
writing S3312_contig_7.gbk
writing S3312_contig_9.gbk
writing S3312_contig_12.gbk
writing S3312_contig_13.gbk
writing S3312_contig_14.gbk
writing S3312_contig_15.gbk
writing S3312_contig_15.gbk
writing S3312_contig_15.gbk
writing S3312_contig_16.gbk
writing S3312_contig_18.gbk
The summary file for S3312 was saved to S3312/S3312.tsv.
Success: 'ampcombi parse_tables' completed successfully ! Now run ampcombi complete !

=== Sample 209/301: S3314 ===

 $$$$$$\  $$\      $$\ $$$$$$$\                                    $$\       $$\|
$$  __$$\ $$$\    $$$ |$$  __$$\                                   $$ |      \__|
$ /   $$ |$$$$\  $$$$ |$$ |  $$ | $$$$$$$\  $$$$$$\  $$$$$$\$$$$\  $$$$$$$\  $$\ 
$$$$$$$$ |$$\$$\$$ $$ |$$$$$$$  |$$  _____|$$  __$$\ $$  _$$  _$$\ $$  __$$\ $$ |
$$  __$$ |$$ \$$$  $$ |$$  ____/ $$ /      $$ /  $$ |$$ / $$ / $$ |$$ |  $$ |$$ |
$$ |  $$ |$$ |\$  /$$ |$$ |      $$ |      $$ |  $$ |$$ | $$ | $$ |$$ |  $$ |$$ |
$$ |  $$ |$$ | \_/ $$ |$$ |      \$$$$$$$\ \$$$$$$  |$$ | $$ | $$ |$$$$$$$  |$$ |
\__|  \__|\__|     \__|\__|       \_______| \______/ \__| \__| \__|\_______/ \__|

<--AMP_database> = /work3/josne/github/bacass/assets/databases/amp_DRAMP_database is found and will be used
MMseqs2 directory already exists in /work3/josne/github/bacass/assets/databases/amp_DRAMP_database.

 ########################################################## 
Processing AMP-files from sample: S3314
found macrel file
found ampir file
found amplify file
No InterproScan files were provided. Workflow continuing ....
The fasta containing AMP sequences for S3314 was saved to S3314/ 

The mmseqs alignment for S3314 in progress ....
No AMP hits for S3314 were successfully aligned to the reference database. Consider changing the database.
The mmseqs alignment for S3314 was saved to S3314/.
Estimating functional and structural properties for S3314 ....
Parsing the corresponding gene bank file for S3314 ....
writing S3314_contig_2.gbk
writing S3314_contig_2.gbk
writing S3314_contig_2.gbk
writing S3314_contig_2.gbk
writing S3314_contig_5.gbk
writing S3314_contig_5.gbk
writing S3314_contig_6.gbk
writing S3314_contig_8.gbk
writing S3314_contig_8.gbk
writing S3314_contig_9.gbk
writing S3314_contig_10.gbk
writing S3314_contig_10.gbk
writing S3314_contig_10.gbk
writing S3314_contig_10.gbk
writing S3314_contig_11.gbk
writing S3314_contig_12.gbk
writing S3314_contig_13.gbk
writing S3314_contig_14.gbk
writing S3314_contig_15.gbk
writing S3314_contig_16.gbk
writing S3314_contig_16.gbk
writing S3314_contig_18.gbk
writing S3314_contig_19.gbk
writing S3314_contig_19.gbk
writing S3314_contig_24.gbk
writing S3314_contig_25.gbk
writing S3314_contig_26.gbk
writing S3314_contig_30.gbk
writing S3314_contig_30.gbk
writing S3314_contig_43.gbk
writing S3314_contig_46.gbk
writing S3314_contig_53.gbk
writing S3314_contig_62.gbk
writing S3314_contig_68.gbk
writing S3314_contig_72.gbk
The summary file for S3314 was saved to S3314/S3314.tsv.
Success: 'ampcombi parse_tables' completed successfully ! Now run ampcombi complete !

=== Sample 210/301: S3315 ===

 $$$$$$\  $$\      $$\ $$$$$$$\                                    $$\       $$\|
$$  __$$\ $$$\    $$$ |$$  __$$\                                   $$ |      \__|
$ /   $$ |$$$$\  $$$$ |$$ |  $$ | $$$$$$$\  $$$$$$\  $$$$$$\$$$$\  $$$$$$$\  $$\ 
$$$$$$$$ |$$\$$\$$ $$ |$$$$$$$  |$$  _____|$$  __$$\ $$  _$$  _$$\ $$  __$$\ $$ |
$$  __$$ |$$ \$$$  $$ |$$  ____/ $$ /      $$ /  $$ |$$ / $$ / $$ |$$ |  $$ |$$ |
$$ |  $$ |$$ |\$  /$$ |$$ |      $$ |      $$ |  $$ |$$ | $$ | $$ |$$ |  $$ |$$ |
$$ |  $$ |$$ | \_/ $$ |$$ |      \$$$$$$$\ \$$$$$$  |$$ | $$ | $$ |$$$$$$$  |$$ |
\__|  \__|\__|     \__|\__|       \_______| \______/ \__| \__| \__|\_______/ \__|

<--AMP_database> = /work3/josne/github/bacass/assets/databases/amp_DRAMP_database is found and will be used
MMseqs2 directory already exists in /work3/josne/github/bacass/assets/databases/amp_DRAMP_database.

 ########################################################## 
Processing AMP-files from sample: S3315
found macrel file
found ampir file
found amplify file
No InterproScan files were provided. Workflow continuing ....
The fasta containing AMP sequences for S3315 was saved to S3315/ 

The mmseqs alignment for S3315 in progress ....
No AMP hits for S3315 were successfully aligned to the reference database. Consider changing the database.
The mmseqs alignment for S3315 was saved to S3315/.
Estimating functional and structural properties for S3315 ....
Parsing the corresponding gene bank file for S3315 ....
writing S3315_contig_1.gbk
writing S3315_contig_1.gbk
writing S3315_contig_1.gbk
writing S3315_contig_1.gbk
writing S3315_contig_2.gbk
writing S3315_contig_2.gbk
writing S3315_contig_2.gbk
writing S3315_contig_2.gbk
writing S3315_contig_2.gbk
writing S3315_contig_2.gbk
writing S3315_contig_2.gbk
writing S3315_contig_2.gbk
writing S3315_contig_3.gbk
writing S3315_contig_3.gbk
writing S3315_contig_3.gbk
writing S3315_contig_3.gbk
writing S3315_contig_3.gbk
writing S3315_contig_4.gbk
writing S3315_contig_4.gbk
writing S3315_contig_4.gbk
writing S3315_contig_4.gbk
writing S3315_contig_6.gbk
writing S3315_contig_6.gbk
writing S3315_contig_6.gbk
writing S3315_contig_6.gbk
writing S3315_contig_8.gbk
writing S3315_contig_11.gbk
writing S3315_contig_13.gbk
The summary file for S3315 was saved to S3315/S3315.tsv.
Success: 'ampcombi parse_tables' completed successfully ! Now run ampcombi complete !

=== Sample 211/301: S3316 ===

 $$$$$$\  $$\      $$\ $$$$$$$\                                    $$\       $$\|
$$  __$$\ $$$\    $$$ |$$  __$$\                                   $$ |      \__|
$ /   $$ |$$$$\  $$$$ |$$ |  $$ | $$$$$$$\  $$$$$$\  $$$$$$\$$$$\  $$$$$$$\  $$\ 
$$$$$$$$ |$$\$$\$$ $$ |$$$$$$$  |$$  _____|$$  __$$\ $$  _$$  _$$\ $$  __$$\ $$ |
$$  __$$ |$$ \$$$  $$ |$$  ____/ $$ /      $$ /  $$ |$$ / $$ / $$ |$$ |  $$ |$$ |
$$ |  $$ |$$ |\$  /$$ |$$ |      $$ |      $$ |  $$ |$$ | $$ | $$ |$$ |  $$ |$$ |
$$ |  $$ |$$ | \_/ $$ |$$ |      \$$$$$$$\ \$$$$$$  |$$ | $$ | $$ |$$$$$$$  |$$ |
\__|  \__|\__|     \__|\__|       \_______| \______/ \__| \__| \__|\_______/ \__|

<--AMP_database> = /work3/josne/github/bacass/assets/databases/amp_DRAMP_database is found and will be used
MMseqs2 directory already exists in /work3/josne/github/bacass/assets/databases/amp_DRAMP_database.

 ########################################################## 
Processing AMP-files from sample: S3316
found macrel file
found ampir file
found amplify file
No InterproScan files were provided. Workflow continuing ....
The fasta containing AMP sequences for S3316 was saved to S3316/ 

The mmseqs alignment for S3316 in progress ....
No AMP hits for S3316 were successfully aligned to the reference database. Consider changing the database.
The mmseqs alignment for S3316 was saved to S3316/.
Estimating functional and structural properties for S3316 ....
Parsing the corresponding gene bank file for S3316 ....
writing S3316_contig_1.gbk
writing S3316_contig_1.gbk
writing S3316_contig_1.gbk
writing S3316_contig_1.gbk
writing S3316_contig_5.gbk
writing S3316_contig_5.gbk
writing S3316_contig_6.gbk
writing S3316_contig_8.gbk
writing S3316_contig_9.gbk
writing S3316_contig_9.gbk
writing S3316_contig_9.gbk
writing S3316_contig_9.gbk
writing S3316_contig_10.gbk
writing S3316_contig_11.gbk
writing S3316_contig_12.gbk
writing S3316_contig_13.gbk
writing S3316_contig_14.gbk
writing S3316_contig_15.gbk
writing S3316_contig_16.gbk
writing S3316_contig_16.gbk
writing S3316_contig_18.gbk
writing S3316_contig_19.gbk
writing S3316_contig_20.gbk
writing S3316_contig_20.gbk
writing S3316_contig_24.gbk
writing S3316_contig_25.gbk
writing S3316_contig_28.gbk
writing S3316_contig_30.gbk
writing S3316_contig_30.gbk
writing S3316_contig_44.gbk
writing S3316_contig_47.gbk
writing S3316_contig_54.gbk
writing S3316_contig_63.gbk
writing S3316_contig_69.gbk
writing S3316_contig_73.gbk
The summary file for S3316 was saved to S3316/S3316.tsv.
Success: 'ampcombi parse_tables' completed successfully ! Now run ampcombi complete !

=== Sample 212/301: S3320 ===

 $$$$$$\  $$\      $$\ $$$$$$$\                                    $$\       $$\|
$$  __$$\ $$$\    $$$ |$$  __$$\                                   $$ |      \__|
$ /   $$ |$$$$\  $$$$ |$$ |  $$ | $$$$$$$\  $$$$$$\  $$$$$$\$$$$\  $$$$$$$\  $$\ 
$$$$$$$$ |$$\$$\$$ $$ |$$$$$$$  |$$  _____|$$  __$$\ $$  _$$  _$$\ $$  __$$\ $$ |
$$  __$$ |$$ \$$$  $$ |$$  ____/ $$ /      $$ /  $$ |$$ / $$ / $$ |$$ |  $$ |$$ |
$$ |  $$ |$$ |\$  /$$ |$$ |      $$ |      $$ |  $$ |$$ | $$ | $$ |$$ |  $$ |$$ |
$$ |  $$ |$$ | \_/ $$ |$$ |      \$$$$$$$\ \$$$$$$  |$$ | $$ | $$ |$$$$$$$  |$$ |
\__|  \__|\__|     \__|\__|       \_______| \______/ \__| \__| \__|\_______/ \__|

<--AMP_database> = /work3/josne/github/bacass/assets/databases/amp_DRAMP_database is found and will be used
MMseqs2 directory already exists in /work3/josne/github/bacass/assets/databases/amp_DRAMP_database.

 ########################################################## 
Processing AMP-files from sample: S3320
found macrel file
found ampir file
found amplify file
No InterproScan files were provided. Workflow continuing ....
The fasta containing AMP sequences for S3320 was saved to S3320/ 

The mmseqs alignment for S3320 in progress ....
No AMP hits for S3320 were successfully aligned to the reference database. Consider changing the database.
The mmseqs alignment for S3320 was saved to S3320/.
Estimating functional and structural properties for S3320 ....
Parsing the corresponding gene bank file for S3320 ....
writing S3320_contig_1.gbk
writing S3320_contig_1.gbk
writing S3320_contig_1.gbk
writing S3320_contig_2.gbk
writing S3320_contig_2.gbk
writing S3320_contig_2.gbk
writing S3320_contig_2.gbk
writing S3320_contig_6.gbk
writing S3320_contig_6.gbk
writing S3320_contig_7.gbk
writing S3320_contig_9.gbk
writing S3320_contig_9.gbk
writing S3320_contig_9.gbk
writing S3320_contig_9.gbk
writing S3320_contig_10.gbk
writing S3320_contig_11.gbk
writing S3320_contig_11.gbk
writing S3320_contig_11.gbk
writing S3320_contig_11.gbk
writing S3320_contig_12.gbk
writing S3320_contig_13.gbk
writing S3320_contig_14.gbk
writing S3320_contig_15.gbk
writing S3320_contig_17.gbk
writing S3320_contig_18.gbk
writing S3320_contig_18.gbk
writing S3320_contig_23.gbk
writing S3320_contig_24.gbk
writing S3320_contig_25.gbk
writing S3320_contig_42.gbk
writing S3320_contig_45.gbk
writing S3320_contig_52.gbk
writing S3320_contig_61.gbk
writing S3320_contig_67.gbk
writing S3320_contig_71.gbk
The summary file for S3320 was saved to S3320/S3320.tsv.
Success: 'ampcombi parse_tables' completed successfully ! Now run ampcombi complete !

=== Sample 213/301: S3321 ===

 $$$$$$\  $$\      $$\ $$$$$$$\                                    $$\       $$\|
$$  __$$\ $$$\    $$$ |$$  __$$\                                   $$ |      \__|
$ /   $$ |$$$$\  $$$$ |$$ |  $$ | $$$$$$$\  $$$$$$\  $$$$$$\$$$$\  $$$$$$$\  $$\ 
$$$$$$$$ |$$\$$\$$ $$ |$$$$$$$  |$$  _____|$$  __$$\ $$  _$$  _$$\ $$  __$$\ $$ |
$$  __$$ |$$ \$$$  $$ |$$  ____/ $$ /      $$ /  $$ |$$ / $$ / $$ |$$ |  $$ |$$ |
$$ |  $$ |$$ |\$  /$$ |$$ |      $$ |      $$ |  $$ |$$ | $$ | $$ |$$ |  $$ |$$ |
$$ |  $$ |$$ | \_/ $$ |$$ |      \$$$$$$$\ \$$$$$$  |$$ | $$ | $$ |$$$$$$$  |$$ |
\__|  \__|\__|     \__|\__|       \_______| \______/ \__| \__| \__|\_______/ \__|

<--AMP_database> = /work3/josne/github/bacass/assets/databases/amp_DRAMP_database is found and will be used
MMseqs2 directory already exists in /work3/josne/github/bacass/assets/databases/amp_DRAMP_database.

 ########################################################## 
Processing AMP-files from sample: S3321
found macrel file
found ampir file
found amplify file
No InterproScan files were provided. Workflow continuing ....
The fasta containing AMP sequences for S3321 was saved to S3321/ 

The mmseqs alignment for S3321 in progress ....
No AMP hits for S3321 were successfully aligned to the reference database. Consider changing the database.
The mmseqs alignment for S3321 was saved to S3321/.
Estimating functional and structural properties for S3321 ....
Parsing the corresponding gene bank file for S3321 ....
writing S3321_contig_1.gbk
writing S3321_contig_2.gbk
writing S3321_contig_2.gbk
writing S3321_contig_2.gbk
writing S3321_contig_2.gbk
writing S3321_contig_2.gbk
writing S3321_contig_2.gbk
writing S3321_contig_2.gbk
writing S3321_contig_3.gbk
writing S3321_contig_3.gbk
writing S3321_contig_3.gbk
writing S3321_contig_3.gbk
writing S3321_contig_4.gbk
writing S3321_contig_4.gbk
writing S3321_contig_4.gbk
writing S3321_contig_5.gbk
writing S3321_contig_5.gbk
writing S3321_contig_7.gbk
writing S3321_contig_7.gbk
writing S3321_contig_8.gbk
writing S3321_contig_8.gbk
writing S3321_contig_8.gbk
writing S3321_contig_10.gbk
writing S3321_contig_12.gbk
writing S3321_contig_12.gbk
writing S3321_contig_13.gbk
writing S3321_contig_18.gbk
writing S3321_contig_35.gbk
The summary file for S3321 was saved to S3321/S3321.tsv.
Success: 'ampcombi parse_tables' completed successfully ! Now run ampcombi complete !

=== Sample 214/301: S3434 ===

 $$$$$$\  $$\      $$\ $$$$$$$\                                    $$\       $$\|
$$  __$$\ $$$\    $$$ |$$  __$$\                                   $$ |      \__|
$ /   $$ |$$$$\  $$$$ |$$ |  $$ | $$$$$$$\  $$$$$$\  $$$$$$\$$$$\  $$$$$$$\  $$\ 
$$$$$$$$ |$$\$$\$$ $$ |$$$$$$$  |$$  _____|$$  __$$\ $$  _$$  _$$\ $$  __$$\ $$ |
$$  __$$ |$$ \$$$  $$ |$$  ____/ $$ /      $$ /  $$ |$$ / $$ / $$ |$$ |  $$ |$$ |
$$ |  $$ |$$ |\$  /$$ |$$ |      $$ |      $$ |  $$ |$$ | $$ | $$ |$$ |  $$ |$$ |
$$ |  $$ |$$ | \_/ $$ |$$ |      \$$$$$$$\ \$$$$$$  |$$ | $$ | $$ |$$$$$$$  |$$ |
\__|  \__|\__|     \__|\__|       \_______| \______/ \__| \__| \__|\_______/ \__|

<--AMP_database> = /work3/josne/github/bacass/assets/databases/amp_DRAMP_database is found and will be used
MMseqs2 directory already exists in /work3/josne/github/bacass/assets/databases/amp_DRAMP_database.

 ########################################################## 
Processing AMP-files from sample: S3434
found macrel file
found ampir file
found amplify file
No InterproScan files were provided. Workflow continuing ....
The fasta containing AMP sequences for S3434 was saved to S3434/ 

The mmseqs alignment for S3434 in progress ....
No AMP hits for S3434 were successfully aligned to the reference database. Consider changing the database.
The mmseqs alignment for S3434 was saved to S3434/.
Estimating functional and structural properties for S3434 ....
Parsing the corresponding gene bank file for S3434 ....
writing S3434_contig_1.gbk
writing S3434_contig_1.gbk
writing S3434_contig_1.gbk
writing S3434_contig_1.gbk
writing S3434_contig_1.gbk
writing S3434_contig_1.gbk
writing S3434_contig_2.gbk
writing S3434_contig_2.gbk
writing S3434_contig_2.gbk
writing S3434_contig_2.gbk
writing S3434_contig_2.gbk
writing S3434_contig_2.gbk
writing S3434_contig_2.gbk
writing S3434_contig_3.gbk
writing S3434_contig_3.gbk
writing S3434_contig_3.gbk
writing S3434_contig_3.gbk
writing S3434_contig_3.gbk
writing S3434_contig_3.gbk
writing S3434_contig_4.gbk
writing S3434_contig_7.gbk
writing S3434_contig_8.gbk
writing S3434_contig_9.gbk
writing S3434_contig_10.gbk
writing S3434_contig_11.gbk
writing S3434_contig_14.gbk
writing S3434_contig_17.gbk
The summary file for S3434 was saved to S3434/S3434.tsv.
Success: 'ampcombi parse_tables' completed successfully ! Now run ampcombi complete !

=== Sample 215/301: S3435 ===

 $$$$$$\  $$\      $$\ $$$$$$$\                                    $$\       $$\|
$$  __$$\ $$$\    $$$ |$$  __$$\                                   $$ |      \__|
$ /   $$ |$$$$\  $$$$ |$$ |  $$ | $$$$$$$\  $$$$$$\  $$$$$$\$$$$\  $$$$$$$\  $$\ 
$$$$$$$$ |$$\$$\$$ $$ |$$$$$$$  |$$  _____|$$  __$$\ $$  _$$  _$$\ $$  __$$\ $$ |
$$  __$$ |$$ \$$$  $$ |$$  ____/ $$ /      $$ /  $$ |$$ / $$ / $$ |$$ |  $$ |$$ |
$$ |  $$ |$$ |\$  /$$ |$$ |      $$ |      $$ |  $$ |$$ | $$ | $$ |$$ |  $$ |$$ |
$$ |  $$ |$$ | \_/ $$ |$$ |      \$$$$$$$\ \$$$$$$  |$$ | $$ | $$ |$$$$$$$  |$$ |
\__|  \__|\__|     \__|\__|       \_______| \______/ \__| \__| \__|\_______/ \__|

<--AMP_database> = /work3/josne/github/bacass/assets/databases/amp_DRAMP_database is found and will be used
MMseqs2 directory already exists in /work3/josne/github/bacass/assets/databases/amp_DRAMP_database.

 ########################################################## 
Processing AMP-files from sample: S3435
found macrel file
found ampir file
found amplify file
No InterproScan files were provided. Workflow continuing ....
The fasta containing AMP sequences for S3435 was saved to S3435/ 

The mmseqs alignment for S3435 in progress ....
No AMP hits for S3435 were successfully aligned to the reference database. Consider changing the database.
The mmseqs alignment for S3435 was saved to S3435/.
Estimating functional and structural properties for S3435 ....
Parsing the corresponding gene bank file for S3435 ....
writing S3435_contig_1.gbk
writing S3435_contig_1.gbk
writing S3435_contig_1.gbk
writing S3435_contig_1.gbk
writing S3435_contig_1.gbk
writing S3435_contig_1.gbk
writing S3435_contig_4.gbk
writing S3435_contig_4.gbk
writing S3435_contig_4.gbk
writing S3435_contig_4.gbk
writing S3435_contig_4.gbk
writing S3435_contig_5.gbk
writing S3435_contig_5.gbk
writing S3435_contig_5.gbk
writing S3435_contig_5.gbk
writing S3435_contig_5.gbk
writing S3435_contig_6.gbk
writing S3435_contig_6.gbk
writing S3435_contig_7.gbk
writing S3435_contig_8.gbk
writing S3435_contig_11.gbk
writing S3435_contig_12.gbk
writing S3435_contig_13.gbk
writing S3435_contig_13.gbk
writing S3435_contig_14.gbk
writing S3435_contig_15.gbk
writing S3435_contig_16.gbk
writing S3435_contig_17.gbk
writing S3435_contig_18.gbk
writing S3435_contig_19.gbk
writing S3435_contig_20.gbk
writing S3435_contig_23.gbk
writing S3435_contig_23.gbk
writing S3435_contig_23.gbk
writing S3435_contig_23.gbk
writing S3435_contig_23.gbk
writing S3435_contig_23.gbk
The summary file for S3435 was saved to S3435/S3435.tsv.
Success: 'ampcombi parse_tables' completed successfully ! Now run ampcombi complete !

=== Sample 216/301: S3436 ===

 $$$$$$\  $$\      $$\ $$$$$$$\                                    $$\       $$\|
$$  __$$\ $$$\    $$$ |$$  __$$\                                   $$ |      \__|
$ /   $$ |$$$$\  $$$$ |$$ |  $$ | $$$$$$$\  $$$$$$\  $$$$$$\$$$$\  $$$$$$$\  $$\ 
$$$$$$$$ |$$\$$\$$ $$ |$$$$$$$  |$$  _____|$$  __$$\ $$  _$$  _$$\ $$  __$$\ $$ |
$$  __$$ |$$ \$$$  $$ |$$  ____/ $$ /      $$ /  $$ |$$ / $$ / $$ |$$ |  $$ |$$ |
$$ |  $$ |$$ |\$  /$$ |$$ |      $$ |      $$ |  $$ |$$ | $$ | $$ |$$ |  $$ |$$ |
$$ |  $$ |$$ | \_/ $$ |$$ |      \$$$$$$$\ \$$$$$$  |$$ | $$ | $$ |$$$$$$$  |$$ |
\__|  \__|\__|     \__|\__|       \_______| \______/ \__| \__| \__|\_______/ \__|

<--AMP_database> = /work3/josne/github/bacass/assets/databases/amp_DRAMP_database is found and will be used
MMseqs2 directory already exists in /work3/josne/github/bacass/assets/databases/amp_DRAMP_database.

 ########################################################## 
Processing AMP-files from sample: S3436
found macrel file
found ampir file
found amplify file
No InterproScan files were provided. Workflow continuing ....
The fasta containing AMP sequences for S3436 was saved to S3436/ 

The mmseqs alignment for S3436 in progress ....
No AMP hits for S3436 were successfully aligned to the reference database. Consider changing the database.
The mmseqs alignment for S3436 was saved to S3436/.
Estimating functional and structural properties for S3436 ....
Parsing the corresponding gene bank file for S3436 ....
writing S3436_contig_1.gbk
writing S3436_contig_2.gbk
writing S3436_contig_2.gbk
writing S3436_contig_4.gbk
writing S3436_contig_4.gbk
writing S3436_contig_4.gbk
writing S3436_contig_6.gbk
writing S3436_contig_6.gbk
writing S3436_contig_7.gbk
writing S3436_contig_7.gbk
writing S3436_contig_9.gbk
writing S3436_contig_10.gbk
writing S3436_contig_11.gbk
writing S3436_contig_11.gbk
writing S3436_contig_11.gbk
writing S3436_contig_11.gbk
writing S3436_contig_12.gbk
writing S3436_contig_15.gbk
writing S3436_contig_16.gbk
writing S3436_contig_16.gbk
writing S3436_contig_16.gbk
writing S3436_contig_16.gbk
writing S3436_contig_21.gbk
writing S3436_contig_23.gbk
writing S3436_contig_24.gbk
writing S3436_contig_26.gbk
writing S3436_contig_26.gbk
writing S3436_contig_30.gbk
writing S3436_contig_30.gbk
writing S3436_contig_36.gbk
The summary file for S3436 was saved to S3436/S3436.tsv.
Success: 'ampcombi parse_tables' completed successfully ! Now run ampcombi complete !

=== Sample 217/301: S3494 ===

 $$$$$$\  $$\      $$\ $$$$$$$\                                    $$\       $$\|
$$  __$$\ $$$\    $$$ |$$  __$$\                                   $$ |      \__|
$ /   $$ |$$$$\  $$$$ |$$ |  $$ | $$$$$$$\  $$$$$$\  $$$$$$\$$$$\  $$$$$$$\  $$\ 
$$$$$$$$ |$$\$$\$$ $$ |$$$$$$$  |$$  _____|$$  __$$\ $$  _$$  _$$\ $$  __$$\ $$ |
$$  __$$ |$$ \$$$  $$ |$$  ____/ $$ /      $$ /  $$ |$$ / $$ / $$ |$$ |  $$ |$$ |
$$ |  $$ |$$ |\$  /$$ |$$ |      $$ |      $$ |  $$ |$$ | $$ | $$ |$$ |  $$ |$$ |
$$ |  $$ |$$ | \_/ $$ |$$ |      \$$$$$$$\ \$$$$$$  |$$ | $$ | $$ |$$$$$$$  |$$ |
\__|  \__|\__|     \__|\__|       \_______| \______/ \__| \__| \__|\_______/ \__|

<--AMP_database> = /work3/josne/github/bacass/assets/databases/amp_DRAMP_database is found and will be used
MMseqs2 directory already exists in /work3/josne/github/bacass/assets/databases/amp_DRAMP_database.

 ########################################################## 
Processing AMP-files from sample: S3494
found macrel file
found ampir file
found amplify file
No InterproScan files were provided. Workflow continuing ....
The fasta containing AMP sequences for S3494 was saved to S3494/ 

The mmseqs alignment for S3494 in progress ....
No AMP hits for S3494 were successfully aligned to the reference database. Consider changing the database.
The mmseqs alignment for S3494 was saved to S3494/.
Estimating functional and structural properties for S3494 ....
Parsing the corresponding gene bank file for S3494 ....
writing S3494_contig_1.gbk
writing S3494_contig_1.gbk
writing S3494_contig_2.gbk
writing S3494_contig_2.gbk
writing S3494_contig_2.gbk
writing S3494_contig_2.gbk
writing S3494_contig_2.gbk
writing S3494_contig_2.gbk
writing S3494_contig_2.gbk
writing S3494_contig_2.gbk
writing S3494_contig_3.gbk
writing S3494_contig_3.gbk
writing S3494_contig_3.gbk
writing S3494_contig_4.gbk
writing S3494_contig_6.gbk
writing S3494_contig_6.gbk
writing S3494_contig_7.gbk
writing S3494_contig_11.gbk
writing S3494_contig_12.gbk
writing S3494_contig_13.gbk
writing S3494_contig_13.gbk
writing S3494_contig_14.gbk
writing S3494_contig_14.gbk
writing S3494_contig_15.gbk
writing S3494_contig_18.gbk
writing S3494_contig_19.gbk
writing S3494_contig_20.gbk
writing S3494_contig_23.gbk
writing S3494_contig_24.gbk
writing S3494_contig_31.gbk
writing S3494_contig_39.gbk
writing S3494_contig_41.gbk
writing S3494_contig_56.gbk
writing S3494_contig_59.gbk
writing S3494_contig_85.gbk
The summary file for S3494 was saved to S3494/S3494.tsv.
Success: 'ampcombi parse_tables' completed successfully ! Now run ampcombi complete !

=== Sample 218/301: S3495 ===

 $$$$$$\  $$\      $$\ $$$$$$$\                                    $$\       $$\|
$$  __$$\ $$$\    $$$ |$$  __$$\                                   $$ |      \__|
$ /   $$ |$$$$\  $$$$ |$$ |  $$ | $$$$$$$\  $$$$$$\  $$$$$$\$$$$\  $$$$$$$\  $$\ 
$$$$$$$$ |$$\$$\$$ $$ |$$$$$$$  |$$  _____|$$  __$$\ $$  _$$  _$$\ $$  __$$\ $$ |
$$  __$$ |$$ \$$$  $$ |$$  ____/ $$ /      $$ /  $$ |$$ / $$ / $$ |$$ |  $$ |$$ |
$$ |  $$ |$$ |\$  /$$ |$$ |      $$ |      $$ |  $$ |$$ | $$ | $$ |$$ |  $$ |$$ |
$$ |  $$ |$$ | \_/ $$ |$$ |      \$$$$$$$\ \$$$$$$  |$$ | $$ | $$ |$$$$$$$  |$$ |
\__|  \__|\__|     \__|\__|       \_______| \______/ \__| \__| \__|\_______/ \__|

<--AMP_database> = /work3/josne/github/bacass/assets/databases/amp_DRAMP_database is found and will be used
MMseqs2 directory already exists in /work3/josne/github/bacass/assets/databases/amp_DRAMP_database.

 ########################################################## 
Processing AMP-files from sample: S3495
found macrel file
found ampir file
found amplify file
No InterproScan files were provided. Workflow continuing ....
The fasta containing AMP sequences for S3495 was saved to S3495/ 

The mmseqs alignment for S3495 in progress ....
No AMP hits for S3495 were successfully aligned to the reference database. Consider changing the database.
The mmseqs alignment for S3495 was saved to S3495/.
Estimating functional and structural properties for S3495 ....
Parsing the corresponding gene bank file for S3495 ....
writing S3495_contig_1.gbk
writing S3495_contig_1.gbk
writing S3495_contig_2.gbk
writing S3495_contig_2.gbk
writing S3495_contig_2.gbk
writing S3495_contig_2.gbk
writing S3495_contig_2.gbk
writing S3495_contig_2.gbk
writing S3495_contig_2.gbk
writing S3495_contig_2.gbk
writing S3495_contig_3.gbk
writing S3495_contig_3.gbk
writing S3495_contig_3.gbk
writing S3495_contig_4.gbk
writing S3495_contig_6.gbk
writing S3495_contig_6.gbk
writing S3495_contig_10.gbk
writing S3495_contig_11.gbk
writing S3495_contig_12.gbk
writing S3495_contig_12.gbk
writing S3495_contig_13.gbk
writing S3495_contig_13.gbk
writing S3495_contig_14.gbk
writing S3495_contig_17.gbk
writing S3495_contig_18.gbk
writing S3495_contig_19.gbk
writing S3495_contig_22.gbk
writing S3495_contig_23.gbk
writing S3495_contig_24.gbk
writing S3495_contig_32.gbk
writing S3495_contig_40.gbk
writing S3495_contig_41.gbk
The summary file for S3495 was saved to S3495/S3495.tsv.
Success: 'ampcombi parse_tables' completed successfully ! Now run ampcombi complete !

=== Sample 219/301: S3583 ===

 $$$$$$\  $$\      $$\ $$$$$$$\                                    $$\       $$\|
$$  __$$\ $$$\    $$$ |$$  __$$\                                   $$ |      \__|
$ /   $$ |$$$$\  $$$$ |$$ |  $$ | $$$$$$$\  $$$$$$\  $$$$$$\$$$$\  $$$$$$$\  $$\ 
$$$$$$$$ |$$\$$\$$ $$ |$$$$$$$  |$$  _____|$$  __$$\ $$  _$$  _$$\ $$  __$$\ $$ |
$$  __$$ |$$ \$$$  $$ |$$  ____/ $$ /      $$ /  $$ |$$ / $$ / $$ |$$ |  $$ |$$ |
$$ |  $$ |$$ |\$  /$$ |$$ |      $$ |      $$ |  $$ |$$ | $$ | $$ |$$ |  $$ |$$ |
$$ |  $$ |$$ | \_/ $$ |$$ |      \$$$$$$$\ \$$$$$$  |$$ | $$ | $$ |$$$$$$$  |$$ |
\__|  \__|\__|     \__|\__|       \_______| \______/ \__| \__| \__|\_______/ \__|

<--AMP_database> = /work3/josne/github/bacass/assets/databases/amp_DRAMP_database is found and will be used
MMseqs2 directory already exists in /work3/josne/github/bacass/assets/databases/amp_DRAMP_database.

 ########################################################## 
Processing AMP-files from sample: S3583
found macrel file
found ampir file
found amplify file
No InterproScan files were provided. Workflow continuing ....
The fasta containing AMP sequences for S3583 was saved to S3583/ 

The mmseqs alignment for S3583 in progress ....
No AMP hits for S3583 were successfully aligned to the reference database. Consider changing the database.
The mmseqs alignment for S3583 was saved to S3583/.
Estimating functional and structural properties for S3583 ....
Parsing the corresponding gene bank file for S3583 ....
writing S3583_contig_1.gbk
writing S3583_contig_2.gbk
writing S3583_contig_2.gbk
writing S3583_contig_3.gbk
writing S3583_contig_3.gbk
writing S3583_contig_5.gbk
writing S3583_contig_5.gbk
writing S3583_contig_5.gbk
writing S3583_contig_6.gbk
writing S3583_contig_6.gbk
writing S3583_contig_6.gbk
writing S3583_contig_7.gbk
writing S3583_contig_7.gbk
writing S3583_contig_7.gbk
writing S3583_contig_7.gbk
writing S3583_contig_8.gbk
writing S3583_contig_8.gbk
writing S3583_contig_10.gbk
writing S3583_contig_11.gbk
writing S3583_contig_11.gbk
writing S3583_contig_12.gbk
writing S3583_contig_13.gbk
writing S3583_contig_14.gbk
writing S3583_contig_14.gbk
writing S3583_contig_16.gbk
writing S3583_contig_19.gbk
writing S3583_contig_20.gbk
writing S3583_contig_22.gbk
writing S3583_contig_22.gbk
writing S3583_contig_23.gbk
writing S3583_contig_28.gbk
The summary file for S3583 was saved to S3583/S3583.tsv.
Success: 'ampcombi parse_tables' completed successfully ! Now run ampcombi complete !

=== Sample 220/301: S3656 ===

 $$$$$$\  $$\      $$\ $$$$$$$\                                    $$\       $$\|
$$  __$$\ $$$\    $$$ |$$  __$$\                                   $$ |      \__|
$ /   $$ |$$$$\  $$$$ |$$ |  $$ | $$$$$$$\  $$$$$$\  $$$$$$\$$$$\  $$$$$$$\  $$\ 
$$$$$$$$ |$$\$$\$$ $$ |$$$$$$$  |$$  _____|$$  __$$\ $$  _$$  _$$\ $$  __$$\ $$ |
$$  __$$ |$$ \$$$  $$ |$$  ____/ $$ /      $$ /  $$ |$$ / $$ / $$ |$$ |  $$ |$$ |
$$ |  $$ |$$ |\$  /$$ |$$ |      $$ |      $$ |  $$ |$$ | $$ | $$ |$$ |  $$ |$$ |
$$ |  $$ |$$ | \_/ $$ |$$ |      \$$$$$$$\ \$$$$$$  |$$ | $$ | $$ |$$$$$$$  |$$ |
\__|  \__|\__|     \__|\__|       \_______| \______/ \__| \__| \__|\_______/ \__|

<--AMP_database> = /work3/josne/github/bacass/assets/databases/amp_DRAMP_database is found and will be used
MMseqs2 directory already exists in /work3/josne/github/bacass/assets/databases/amp_DRAMP_database.

 ########################################################## 
Processing AMP-files from sample: S3656
found macrel file
found ampir file
found amplify file
No InterproScan files were provided. Workflow continuing ....
The fasta containing AMP sequences for S3656 was saved to S3656/ 

The mmseqs alignment for S3656 in progress ....
No AMP hits for S3656 were successfully aligned to the reference database. Consider changing the database.
The mmseqs alignment for S3656 was saved to S3656/.
Estimating functional and structural properties for S3656 ....
Parsing the corresponding gene bank file for S3656 ....
writing S3656_contig_1.gbk
writing S3656_contig_1.gbk
writing S3656_contig_1.gbk
writing S3656_contig_1.gbk
writing S3656_contig_1.gbk
writing S3656_contig_2.gbk
writing S3656_contig_2.gbk
writing S3656_contig_2.gbk
writing S3656_contig_2.gbk
writing S3656_contig_3.gbk
writing S3656_contig_3.gbk
writing S3656_contig_4.gbk
writing S3656_contig_4.gbk
writing S3656_contig_4.gbk
writing S3656_contig_4.gbk
writing S3656_contig_6.gbk
writing S3656_contig_6.gbk
writing S3656_contig_7.gbk
writing S3656_contig_8.gbk
writing S3656_contig_9.gbk
writing S3656_contig_9.gbk
writing S3656_contig_9.gbk
writing S3656_contig_9.gbk
writing S3656_contig_10.gbk
writing S3656_contig_10.gbk
writing S3656_contig_12.gbk
writing S3656_contig_14.gbk
writing S3656_contig_26.gbk
The summary file for S3656 was saved to S3656/S3656.tsv.
Success: 'ampcombi parse_tables' completed successfully ! Now run ampcombi complete !

=== Sample 221/301: S3657 ===

 $$$$$$\  $$\      $$\ $$$$$$$\                                    $$\       $$\|
$$  __$$\ $$$\    $$$ |$$  __$$\                                   $$ |      \__|
$ /   $$ |$$$$\  $$$$ |$$ |  $$ | $$$$$$$\  $$$$$$\  $$$$$$\$$$$\  $$$$$$$\  $$\ 
$$$$$$$$ |$$\$$\$$ $$ |$$$$$$$  |$$  _____|$$  __$$\ $$  _$$  _$$\ $$  __$$\ $$ |
$$  __$$ |$$ \$$$  $$ |$$  ____/ $$ /      $$ /  $$ |$$ / $$ / $$ |$$ |  $$ |$$ |
$$ |  $$ |$$ |\$  /$$ |$$ |      $$ |      $$ |  $$ |$$ | $$ | $$ |$$ |  $$ |$$ |
$$ |  $$ |$$ | \_/ $$ |$$ |      \$$$$$$$\ \$$$$$$  |$$ | $$ | $$ |$$$$$$$  |$$ |
\__|  \__|\__|     \__|\__|       \_______| \______/ \__| \__| \__|\_______/ \__|

<--AMP_database> = /work3/josne/github/bacass/assets/databases/amp_DRAMP_database is found and will be used
MMseqs2 directory already exists in /work3/josne/github/bacass/assets/databases/amp_DRAMP_database.

 ########################################################## 
Processing AMP-files from sample: S3657
found macrel file
found ampir file
found amplify file
No InterproScan files were provided. Workflow continuing ....
The fasta containing AMP sequences for S3657 was saved to S3657/ 

The mmseqs alignment for S3657 in progress ....
No AMP hits for S3657 were successfully aligned to the reference database. Consider changing the database.
The mmseqs alignment for S3657 was saved to S3657/.
Estimating functional and structural properties for S3657 ....
Parsing the corresponding gene bank file for S3657 ....
writing S3657_contig_1.gbk
writing S3657_contig_1.gbk
writing S3657_contig_1.gbk
writing S3657_contig_1.gbk
writing S3657_contig_2.gbk
writing S3657_contig_2.gbk
writing S3657_contig_2.gbk
writing S3657_contig_2.gbk
writing S3657_contig_2.gbk
writing S3657_contig_2.gbk
writing S3657_contig_3.gbk
writing S3657_contig_4.gbk
writing S3657_contig_4.gbk
writing S3657_contig_5.gbk
writing S3657_contig_9.gbk
writing S3657_contig_9.gbk
writing S3657_contig_9.gbk
writing S3657_contig_10.gbk
writing S3657_contig_12.gbk
writing S3657_contig_13.gbk
writing S3657_contig_13.gbk
writing S3657_contig_14.gbk
writing S3657_contig_15.gbk
writing S3657_contig_28.gbk
writing S3657_contig_33.gbk
The summary file for S3657 was saved to S3657/S3657.tsv.
Success: 'ampcombi parse_tables' completed successfully ! Now run ampcombi complete !

=== Sample 222/301: S3658 ===

 $$$$$$\  $$\      $$\ $$$$$$$\                                    $$\       $$\|
$$  __$$\ $$$\    $$$ |$$  __$$\                                   $$ |      \__|
$ /   $$ |$$$$\  $$$$ |$$ |  $$ | $$$$$$$\  $$$$$$\  $$$$$$\$$$$\  $$$$$$$\  $$\ 
$$$$$$$$ |$$\$$\$$ $$ |$$$$$$$  |$$  _____|$$  __$$\ $$  _$$  _$$\ $$  __$$\ $$ |
$$  __$$ |$$ \$$$  $$ |$$  ____/ $$ /      $$ /  $$ |$$ / $$ / $$ |$$ |  $$ |$$ |
$$ |  $$ |$$ |\$  /$$ |$$ |      $$ |      $$ |  $$ |$$ | $$ | $$ |$$ |  $$ |$$ |
$$ |  $$ |$$ | \_/ $$ |$$ |      \$$$$$$$\ \$$$$$$  |$$ | $$ | $$ |$$$$$$$  |$$ |
\__|  \__|\__|     \__|\__|       \_______| \______/ \__| \__| \__|\_______/ \__|

<--AMP_database> = /work3/josne/github/bacass/assets/databases/amp_DRAMP_database is found and will be used
MMseqs2 directory already exists in /work3/josne/github/bacass/assets/databases/amp_DRAMP_database.

 ########################################################## 
Processing AMP-files from sample: S3658
found macrel file
found ampir file
found amplify file
No InterproScan files were provided. Workflow continuing ....
The fasta containing AMP sequences for S3658 was saved to S3658/ 

The mmseqs alignment for S3658 in progress ....
No AMP hits for S3658 were successfully aligned to the reference database. Consider changing the database.
The mmseqs alignment for S3658 was saved to S3658/.
Estimating functional and structural properties for S3658 ....
Parsing the corresponding gene bank file for S3658 ....
writing S3658_contig_1.gbk
writing S3658_contig_1.gbk
writing S3658_contig_2.gbk
writing S3658_contig_2.gbk
writing S3658_contig_2.gbk
writing S3658_contig_2.gbk
writing S3658_contig_2.gbk
writing S3658_contig_2.gbk
writing S3658_contig_2.gbk
writing S3658_contig_2.gbk
writing S3658_contig_2.gbk
writing S3658_contig_2.gbk
writing S3658_contig_2.gbk
writing S3658_contig_2.gbk
writing S3658_contig_3.gbk
writing S3658_contig_4.gbk
writing S3658_contig_4.gbk
writing S3658_contig_4.gbk
writing S3658_contig_4.gbk
writing S3658_contig_4.gbk
writing S3658_contig_6.gbk
writing S3658_contig_6.gbk
writing S3658_contig_6.gbk
writing S3658_contig_6.gbk
writing S3658_contig_7.gbk
writing S3658_contig_7.gbk
writing S3658_contig_7.gbk
writing S3658_contig_8.gbk
writing S3658_contig_8.gbk
writing S3658_contig_9.gbk
writing S3658_contig_9.gbk
writing S3658_contig_13.gbk
writing S3658_contig_14.gbk
writing S3658_contig_14.gbk
writing S3658_contig_16.gbk
writing S3658_contig_19.gbk
writing S3658_contig_22.gbk
writing S3658_contig_23.gbk
writing S3658_contig_24.gbk
The summary file for S3658 was saved to S3658/S3658.tsv.
Success: 'ampcombi parse_tables' completed successfully ! Now run ampcombi complete !

=== Sample 223/301: S3659 ===

 $$$$$$\  $$\      $$\ $$$$$$$\                                    $$\       $$\|
$$  __$$\ $$$\    $$$ |$$  __$$\                                   $$ |      \__|
$ /   $$ |$$$$\  $$$$ |$$ |  $$ | $$$$$$$\  $$$$$$\  $$$$$$\$$$$\  $$$$$$$\  $$\ 
$$$$$$$$ |$$\$$\$$ $$ |$$$$$$$  |$$  _____|$$  __$$\ $$  _$$  _$$\ $$  __$$\ $$ |
$$  __$$ |$$ \$$$  $$ |$$  ____/ $$ /      $$ /  $$ |$$ / $$ / $$ |$$ |  $$ |$$ |
$$ |  $$ |$$ |\$  /$$ |$$ |      $$ |      $$ |  $$ |$$ | $$ | $$ |$$ |  $$ |$$ |
$$ |  $$ |$$ | \_/ $$ |$$ |      \$$$$$$$\ \$$$$$$  |$$ | $$ | $$ |$$$$$$$  |$$ |
\__|  \__|\__|     \__|\__|       \_______| \______/ \__| \__| \__|\_______/ \__|

<--AMP_database> = /work3/josne/github/bacass/assets/databases/amp_DRAMP_database is found and will be used
MMseqs2 directory already exists in /work3/josne/github/bacass/assets/databases/amp_DRAMP_database.

 ########################################################## 
Processing AMP-files from sample: S3659
found macrel file
found ampir file
found amplify file
No InterproScan files were provided. Workflow continuing ....
The fasta containing AMP sequences for S3659 was saved to S3659/ 

The mmseqs alignment for S3659 in progress ....
No AMP hits for S3659 were successfully aligned to the reference database. Consider changing the database.
The mmseqs alignment for S3659 was saved to S3659/.
Estimating functional and structural properties for S3659 ....
Parsing the corresponding gene bank file for S3659 ....
writing S3659_contig_1.gbk
writing S3659_contig_1.gbk
writing S3659_contig_1.gbk
writing S3659_contig_1.gbk
writing S3659_contig_1.gbk
writing S3659_contig_1.gbk
writing S3659_contig_1.gbk
writing S3659_contig_2.gbk
writing S3659_contig_2.gbk
writing S3659_contig_2.gbk
writing S3659_contig_2.gbk
writing S3659_contig_2.gbk
writing S3659_contig_2.gbk
writing S3659_contig_2.gbk
writing S3659_contig_2.gbk
writing S3659_contig_2.gbk
writing S3659_contig_2.gbk
writing S3659_contig_2.gbk
writing S3659_contig_2.gbk
writing S3659_contig_3.gbk
writing S3659_contig_3.gbk
writing S3659_contig_3.gbk
writing S3659_contig_4.gbk
writing S3659_contig_4.gbk
writing S3659_contig_4.gbk
writing S3659_contig_4.gbk
writing S3659_contig_5.gbk
writing S3659_contig_5.gbk
writing S3659_contig_5.gbk
writing S3659_contig_5.gbk
writing S3659_contig_6.gbk
writing S3659_contig_6.gbk
writing S3659_contig_6.gbk
writing S3659_contig_6.gbk
writing S3659_contig_8.gbk
writing S3659_contig_10.gbk
writing S3659_contig_11.gbk
writing S3659_contig_11.gbk
writing S3659_contig_11.gbk
writing S3659_contig_12.gbk
writing S3659_contig_12.gbk
writing S3659_contig_14.gbk
writing S3659_contig_15.gbk
writing S3659_contig_16.gbk
The summary file for S3659 was saved to S3659/S3659.tsv.
Success: 'ampcombi parse_tables' completed successfully ! Now run ampcombi complete !

=== Sample 224/301: S3660 ===

 $$$$$$\  $$\      $$\ $$$$$$$\                                    $$\       $$\|
$$  __$$\ $$$\    $$$ |$$  __$$\                                   $$ |      \__|
$ /   $$ |$$$$\  $$$$ |$$ |  $$ | $$$$$$$\  $$$$$$\  $$$$$$\$$$$\  $$$$$$$\  $$\ 
$$$$$$$$ |$$\$$\$$ $$ |$$$$$$$  |$$  _____|$$  __$$\ $$  _$$  _$$\ $$  __$$\ $$ |
$$  __$$ |$$ \$$$  $$ |$$  ____/ $$ /      $$ /  $$ |$$ / $$ / $$ |$$ |  $$ |$$ |
$$ |  $$ |$$ |\$  /$$ |$$ |      $$ |      $$ |  $$ |$$ | $$ | $$ |$$ |  $$ |$$ |
$$ |  $$ |$$ | \_/ $$ |$$ |      \$$$$$$$\ \$$$$$$  |$$ | $$ | $$ |$$$$$$$  |$$ |
\__|  \__|\__|     \__|\__|       \_______| \______/ \__| \__| \__|\_______/ \__|

<--AMP_database> = /work3/josne/github/bacass/assets/databases/amp_DRAMP_database is found and will be used
MMseqs2 directory already exists in /work3/josne/github/bacass/assets/databases/amp_DRAMP_database.

 ########################################################## 
Processing AMP-files from sample: S3660
found macrel file
found ampir file
found amplify file
No InterproScan files were provided. Workflow continuing ....
The fasta containing AMP sequences for S3660 was saved to S3660/ 

The mmseqs alignment for S3660 in progress ....
No AMP hits for S3660 were successfully aligned to the reference database. Consider changing the database.
The mmseqs alignment for S3660 was saved to S3660/.
Estimating functional and structural properties for S3660 ....
Parsing the corresponding gene bank file for S3660 ....
writing S3660_contig_1.gbk
writing S3660_contig_1.gbk
writing S3660_contig_1.gbk
writing S3660_contig_2.gbk
writing S3660_contig_3.gbk
writing S3660_contig_3.gbk
writing S3660_contig_4.gbk
writing S3660_contig_4.gbk
writing S3660_contig_5.gbk
writing S3660_contig_7.gbk
writing S3660_contig_7.gbk
writing S3660_contig_7.gbk
writing S3660_contig_12.gbk
writing S3660_contig_12.gbk
writing S3660_contig_13.gbk
writing S3660_contig_14.gbk
writing S3660_contig_14.gbk
writing S3660_contig_15.gbk
writing S3660_contig_18.gbk
writing S3660_contig_19.gbk
writing S3660_contig_21.gbk
writing S3660_contig_21.gbk
writing S3660_contig_21.gbk
writing S3660_contig_22.gbk
writing S3660_contig_23.gbk
writing S3660_contig_29.gbk
writing S3660_contig_34.gbk
The summary file for S3660 was saved to S3660/S3660.tsv.
Success: 'ampcombi parse_tables' completed successfully ! Now run ampcombi complete !

=== Sample 225/301: S3661 ===

 $$$$$$\  $$\      $$\ $$$$$$$\                                    $$\       $$\|
$$  __$$\ $$$\    $$$ |$$  __$$\                                   $$ |      \__|
$ /   $$ |$$$$\  $$$$ |$$ |  $$ | $$$$$$$\  $$$$$$\  $$$$$$\$$$$\  $$$$$$$\  $$\ 
$$$$$$$$ |$$\$$\$$ $$ |$$$$$$$  |$$  _____|$$  __$$\ $$  _$$  _$$\ $$  __$$\ $$ |
$$  __$$ |$$ \$$$  $$ |$$  ____/ $$ /      $$ /  $$ |$$ / $$ / $$ |$$ |  $$ |$$ |
$$ |  $$ |$$ |\$  /$$ |$$ |      $$ |      $$ |  $$ |$$ | $$ | $$ |$$ |  $$ |$$ |
$$ |  $$ |$$ | \_/ $$ |$$ |      \$$$$$$$\ \$$$$$$  |$$ | $$ | $$ |$$$$$$$  |$$ |
\__|  \__|\__|     \__|\__|       \_______| \______/ \__| \__| \__|\_______/ \__|

<--AMP_database> = /work3/josne/github/bacass/assets/databases/amp_DRAMP_database is found and will be used
MMseqs2 directory already exists in /work3/josne/github/bacass/assets/databases/amp_DRAMP_database.

 ########################################################## 
Processing AMP-files from sample: S3661
found macrel file
found ampir file
found amplify file
No InterproScan files were provided. Workflow continuing ....
The fasta containing AMP sequences for S3661 was saved to S3661/ 

The mmseqs alignment for S3661 in progress ....
No AMP hits for S3661 were successfully aligned to the reference database. Consider changing the database.
The mmseqs alignment for S3661 was saved to S3661/.
Estimating functional and structural properties for S3661 ....
Parsing the corresponding gene bank file for S3661 ....
writing S3661_contig_1.gbk
writing S3661_contig_1.gbk
writing S3661_contig_1.gbk
writing S3661_contig_2.gbk
writing S3661_contig_2.gbk
writing S3661_contig_2.gbk
writing S3661_contig_3.gbk
writing S3661_contig_3.gbk
writing S3661_contig_3.gbk
writing S3661_contig_3.gbk
writing S3661_contig_4.gbk
writing S3661_contig_5.gbk
writing S3661_contig_5.gbk
writing S3661_contig_5.gbk
writing S3661_contig_7.gbk
writing S3661_contig_7.gbk
writing S3661_contig_8.gbk
writing S3661_contig_8.gbk
writing S3661_contig_8.gbk
writing S3661_contig_9.gbk
writing S3661_contig_10.gbk
writing S3661_contig_11.gbk
writing S3661_contig_11.gbk
writing S3661_contig_14.gbk
writing S3661_contig_14.gbk
writing S3661_contig_15.gbk
writing S3661_contig_18.gbk
writing S3661_contig_20.gbk
writing S3661_contig_20.gbk
writing S3661_contig_20.gbk
writing S3661_contig_20.gbk
writing S3661_contig_20.gbk
writing S3661_contig_22.gbk
writing S3661_contig_26.gbk
writing S3661_contig_33.gbk
writing S3661_contig_37.gbk
writing S3661_contig_37.gbk
The summary file for S3661 was saved to S3661/S3661.tsv.
Success: 'ampcombi parse_tables' completed successfully ! Now run ampcombi complete !

=== Sample 226/301: S3662 ===

 $$$$$$\  $$\      $$\ $$$$$$$\                                    $$\       $$\|
$$  __$$\ $$$\    $$$ |$$  __$$\                                   $$ |      \__|
$ /   $$ |$$$$\  $$$$ |$$ |  $$ | $$$$$$$\  $$$$$$\  $$$$$$\$$$$\  $$$$$$$\  $$\ 
$$$$$$$$ |$$\$$\$$ $$ |$$$$$$$  |$$  _____|$$  __$$\ $$  _$$  _$$\ $$  __$$\ $$ |
$$  __$$ |$$ \$$$  $$ |$$  ____/ $$ /      $$ /  $$ |$$ / $$ / $$ |$$ |  $$ |$$ |
$$ |  $$ |$$ |\$  /$$ |$$ |      $$ |      $$ |  $$ |$$ | $$ | $$ |$$ |  $$ |$$ |
$$ |  $$ |$$ | \_/ $$ |$$ |      \$$$$$$$\ \$$$$$$  |$$ | $$ | $$ |$$$$$$$  |$$ |
\__|  \__|\__|     \__|\__|       \_______| \______/ \__| \__| \__|\_______/ \__|

<--AMP_database> = /work3/josne/github/bacass/assets/databases/amp_DRAMP_database is found and will be used
MMseqs2 directory already exists in /work3/josne/github/bacass/assets/databases/amp_DRAMP_database.

 ########################################################## 
Processing AMP-files from sample: S3662
found macrel file
found ampir file
found amplify file
No InterproScan files were provided. Workflow continuing ....
The fasta containing AMP sequences for S3662 was saved to S3662/ 

The mmseqs alignment for S3662 in progress ....
No AMP hits for S3662 were successfully aligned to the reference database. Consider changing the database.
The mmseqs alignment for S3662 was saved to S3662/.
Estimating functional and structural properties for S3662 ....
Parsing the corresponding gene bank file for S3662 ....
writing S3662_contig_1.gbk
writing S3662_contig_2.gbk
writing S3662_contig_2.gbk
writing S3662_contig_3.gbk
writing S3662_contig_3.gbk
writing S3662_contig_3.gbk
writing S3662_contig_3.gbk
writing S3662_contig_3.gbk
writing S3662_contig_4.gbk
writing S3662_contig_4.gbk
writing S3662_contig_4.gbk
writing S3662_contig_4.gbk
writing S3662_contig_5.gbk
writing S3662_contig_6.gbk
writing S3662_contig_6.gbk
writing S3662_contig_6.gbk
writing S3662_contig_6.gbk
writing S3662_contig_7.gbk
writing S3662_contig_10.gbk
writing S3662_contig_12.gbk
writing S3662_contig_12.gbk
writing S3662_contig_12.gbk
writing S3662_contig_14.gbk
writing S3662_contig_15.gbk
writing S3662_contig_22.gbk
writing S3662_contig_34.gbk
The summary file for S3662 was saved to S3662/S3662.tsv.
Success: 'ampcombi parse_tables' completed successfully ! Now run ampcombi complete !

=== Sample 227/301: S3664 ===

 $$$$$$\  $$\      $$\ $$$$$$$\                                    $$\       $$\|
$$  __$$\ $$$\    $$$ |$$  __$$\                                   $$ |      \__|
$ /   $$ |$$$$\  $$$$ |$$ |  $$ | $$$$$$$\  $$$$$$\  $$$$$$\$$$$\  $$$$$$$\  $$\ 
$$$$$$$$ |$$\$$\$$ $$ |$$$$$$$  |$$  _____|$$  __$$\ $$  _$$  _$$\ $$  __$$\ $$ |
$$  __$$ |$$ \$$$  $$ |$$  ____/ $$ /      $$ /  $$ |$$ / $$ / $$ |$$ |  $$ |$$ |
$$ |  $$ |$$ |\$  /$$ |$$ |      $$ |      $$ |  $$ |$$ | $$ | $$ |$$ |  $$ |$$ |
$$ |  $$ |$$ | \_/ $$ |$$ |      \$$$$$$$\ \$$$$$$  |$$ | $$ | $$ |$$$$$$$  |$$ |
\__|  \__|\__|     \__|\__|       \_______| \______/ \__| \__| \__|\_______/ \__|

<--AMP_database> = /work3/josne/github/bacass/assets/databases/amp_DRAMP_database is found and will be used
MMseqs2 directory already exists in /work3/josne/github/bacass/assets/databases/amp_DRAMP_database.

 ########################################################## 
Processing AMP-files from sample: S3664
found macrel file
found ampir file
found amplify file
No InterproScan files were provided. Workflow continuing ....
The fasta containing AMP sequences for S3664 was saved to S3664/ 

The mmseqs alignment for S3664 in progress ....
No AMP hits for S3664 were successfully aligned to the reference database. Consider changing the database.
The mmseqs alignment for S3664 was saved to S3664/.
Estimating functional and structural properties for S3664 ....
Parsing the corresponding gene bank file for S3664 ....
writing S3664_contig_2.gbk
writing S3664_contig_2.gbk
writing S3664_contig_3.gbk
writing S3664_contig_3.gbk
writing S3664_contig_3.gbk
writing S3664_contig_6.gbk
writing S3664_contig_6.gbk
writing S3664_contig_7.gbk
writing S3664_contig_7.gbk
writing S3664_contig_7.gbk
writing S3664_contig_7.gbk
writing S3664_contig_8.gbk
writing S3664_contig_8.gbk
writing S3664_contig_10.gbk
writing S3664_contig_12.gbk
writing S3664_contig_13.gbk
writing S3664_contig_14.gbk
writing S3664_contig_19.gbk
writing S3664_contig_23.gbk
writing S3664_contig_25.gbk
writing S3664_contig_31.gbk
writing S3664_contig_34.gbk
writing S3664_contig_34.gbk
writing S3664_contig_44.gbk
writing S3664_contig_44.gbk
writing S3664_contig_48.gbk
writing S3664_contig_51.gbk
writing S3664_contig_54.gbk
writing S3664_contig_109.gbk
The summary file for S3664 was saved to S3664/S3664.tsv.
Success: 'ampcombi parse_tables' completed successfully ! Now run ampcombi complete !

=== Sample 228/301: S3667 ===

 $$$$$$\  $$\      $$\ $$$$$$$\                                    $$\       $$\|
$$  __$$\ $$$\    $$$ |$$  __$$\                                   $$ |      \__|
$ /   $$ |$$$$\  $$$$ |$$ |  $$ | $$$$$$$\  $$$$$$\  $$$$$$\$$$$\  $$$$$$$\  $$\ 
$$$$$$$$ |$$\$$\$$ $$ |$$$$$$$  |$$  _____|$$  __$$\ $$  _$$  _$$\ $$  __$$\ $$ |
$$  __$$ |$$ \$$$  $$ |$$  ____/ $$ /      $$ /  $$ |$$ / $$ / $$ |$$ |  $$ |$$ |
$$ |  $$ |$$ |\$  /$$ |$$ |      $$ |      $$ |  $$ |$$ | $$ | $$ |$$ |  $$ |$$ |
$$ |  $$ |$$ | \_/ $$ |$$ |      \$$$$$$$\ \$$$$$$  |$$ | $$ | $$ |$$$$$$$  |$$ |
\__|  \__|\__|     \__|\__|       \_______| \______/ \__| \__| \__|\_______/ \__|

<--AMP_database> = /work3/josne/github/bacass/assets/databases/amp_DRAMP_database is found and will be used
MMseqs2 directory already exists in /work3/josne/github/bacass/assets/databases/amp_DRAMP_database.

 ########################################################## 
Processing AMP-files from sample: S3667
found macrel file
found ampir file
found amplify file
No InterproScan files were provided. Workflow continuing ....
The fasta containing AMP sequences for S3667 was saved to S3667/ 

The mmseqs alignment for S3667 in progress ....
No AMP hits for S3667 were successfully aligned to the reference database. Consider changing the database.
The mmseqs alignment for S3667 was saved to S3667/.
Estimating functional and structural properties for S3667 ....
Parsing the corresponding gene bank file for S3667 ....
writing S3667_contig_1.gbk
writing S3667_contig_1.gbk
writing S3667_contig_1.gbk
writing S3667_contig_1.gbk
writing S3667_contig_1.gbk
writing S3667_contig_2.gbk
writing S3667_contig_2.gbk
writing S3667_contig_2.gbk
writing S3667_contig_2.gbk
writing S3667_contig_2.gbk
writing S3667_contig_2.gbk
writing S3667_contig_2.gbk
writing S3667_contig_2.gbk
writing S3667_contig_2.gbk
writing S3667_contig_2.gbk
writing S3667_contig_3.gbk
writing S3667_contig_3.gbk
writing S3667_contig_3.gbk
writing S3667_contig_4.gbk
writing S3667_contig_4.gbk
writing S3667_contig_4.gbk
writing S3667_contig_4.gbk
writing S3667_contig_4.gbk
writing S3667_contig_4.gbk
writing S3667_contig_7.gbk
writing S3667_contig_9.gbk
writing S3667_contig_11.gbk
writing S3667_contig_11.gbk
writing S3667_contig_11.gbk
writing S3667_contig_12.gbk
writing S3667_contig_13.gbk
writing S3667_contig_14.gbk
writing S3667_contig_15.gbk
The summary file for S3667 was saved to S3667/S3667.tsv.
Success: 'ampcombi parse_tables' completed successfully ! Now run ampcombi complete !

=== Sample 229/301: S3668 ===

 $$$$$$\  $$\      $$\ $$$$$$$\                                    $$\       $$\|
$$  __$$\ $$$\    $$$ |$$  __$$\                                   $$ |      \__|
$ /   $$ |$$$$\  $$$$ |$$ |  $$ | $$$$$$$\  $$$$$$\  $$$$$$\$$$$\  $$$$$$$\  $$\ 
$$$$$$$$ |$$\$$\$$ $$ |$$$$$$$  |$$  _____|$$  __$$\ $$  _$$  _$$\ $$  __$$\ $$ |
$$  __$$ |$$ \$$$  $$ |$$  ____/ $$ /      $$ /  $$ |$$ / $$ / $$ |$$ |  $$ |$$ |
$$ |  $$ |$$ |\$  /$$ |$$ |      $$ |      $$ |  $$ |$$ | $$ | $$ |$$ |  $$ |$$ |
$$ |  $$ |$$ | \_/ $$ |$$ |      \$$$$$$$\ \$$$$$$  |$$ | $$ | $$ |$$$$$$$  |$$ |
\__|  \__|\__|     \__|\__|       \_______| \______/ \__| \__| \__|\_______/ \__|

<--AMP_database> = /work3/josne/github/bacass/assets/databases/amp_DRAMP_database is found and will be used
MMseqs2 directory already exists in /work3/josne/github/bacass/assets/databases/amp_DRAMP_database.

 ########################################################## 
Processing AMP-files from sample: S3668
found macrel file
found ampir file
found amplify file
No InterproScan files were provided. Workflow continuing ....
The fasta containing AMP sequences for S3668 was saved to S3668/ 

The mmseqs alignment for S3668 in progress ....
No AMP hits for S3668 were successfully aligned to the reference database. Consider changing the database.
The mmseqs alignment for S3668 was saved to S3668/.
Estimating functional and structural properties for S3668 ....
Parsing the corresponding gene bank file for S3668 ....
writing S3668_contig_1.gbk
writing S3668_contig_1.gbk
writing S3668_contig_1.gbk
writing S3668_contig_1.gbk
writing S3668_contig_1.gbk
writing S3668_contig_1.gbk
writing S3668_contig_1.gbk
writing S3668_contig_1.gbk
writing S3668_contig_2.gbk
writing S3668_contig_2.gbk
writing S3668_contig_2.gbk
writing S3668_contig_2.gbk
writing S3668_contig_2.gbk
writing S3668_contig_2.gbk
writing S3668_contig_2.gbk
writing S3668_contig_2.gbk
writing S3668_contig_3.gbk
writing S3668_contig_4.gbk
writing S3668_contig_4.gbk
writing S3668_contig_4.gbk
writing S3668_contig_4.gbk
writing S3668_contig_6.gbk
writing S3668_contig_6.gbk
writing S3668_contig_6.gbk
writing S3668_contig_6.gbk
writing S3668_contig_8.gbk
writing S3668_contig_8.gbk
writing S3668_contig_9.gbk
writing S3668_contig_10.gbk
writing S3668_contig_13.gbk
writing S3668_contig_14.gbk
writing S3668_contig_15.gbk
writing S3668_contig_21.gbk
writing S3668_contig_22.gbk
writing S3668_contig_25.gbk
writing S3668_contig_38.gbk
writing S3668_contig_50.gbk
writing S3668_contig_91.gbk
The summary file for S3668 was saved to S3668/S3668.tsv.
Success: 'ampcombi parse_tables' completed successfully ! Now run ampcombi complete !

=== Sample 230/301: S3669 ===

 $$$$$$\  $$\      $$\ $$$$$$$\                                    $$\       $$\|
$$  __$$\ $$$\    $$$ |$$  __$$\                                   $$ |      \__|
$ /   $$ |$$$$\  $$$$ |$$ |  $$ | $$$$$$$\  $$$$$$\  $$$$$$\$$$$\  $$$$$$$\  $$\ 
$$$$$$$$ |$$\$$\$$ $$ |$$$$$$$  |$$  _____|$$  __$$\ $$  _$$  _$$\ $$  __$$\ $$ |
$$  __$$ |$$ \$$$  $$ |$$  ____/ $$ /      $$ /  $$ |$$ / $$ / $$ |$$ |  $$ |$$ |
$$ |  $$ |$$ |\$  /$$ |$$ |      $$ |      $$ |  $$ |$$ | $$ | $$ |$$ |  $$ |$$ |
$$ |  $$ |$$ | \_/ $$ |$$ |      \$$$$$$$\ \$$$$$$  |$$ | $$ | $$ |$$$$$$$  |$$ |
\__|  \__|\__|     \__|\__|       \_______| \______/ \__| \__| \__|\_______/ \__|

<--AMP_database> = /work3/josne/github/bacass/assets/databases/amp_DRAMP_database is found and will be used
MMseqs2 directory already exists in /work3/josne/github/bacass/assets/databases/amp_DRAMP_database.

 ########################################################## 
Processing AMP-files from sample: S3669
found macrel file
found ampir file
found amplify file
No InterproScan files were provided. Workflow continuing ....
The fasta containing AMP sequences for S3669 was saved to S3669/ 

The mmseqs alignment for S3669 in progress ....
No AMP hits for S3669 were successfully aligned to the reference database. Consider changing the database.
The mmseqs alignment for S3669 was saved to S3669/.
Estimating functional and structural properties for S3669 ....
Parsing the corresponding gene bank file for S3669 ....
writing S3669_contig_1.gbk
writing S3669_contig_1.gbk
writing S3669_contig_1.gbk
writing S3669_contig_1.gbk
writing S3669_contig_1.gbk
writing S3669_contig_2.gbk
writing S3669_contig_2.gbk
writing S3669_contig_2.gbk
writing S3669_contig_3.gbk
writing S3669_contig_3.gbk
writing S3669_contig_3.gbk
writing S3669_contig_3.gbk
writing S3669_contig_3.gbk
writing S3669_contig_4.gbk
writing S3669_contig_5.gbk
writing S3669_contig_6.gbk
writing S3669_contig_7.gbk
writing S3669_contig_7.gbk
writing S3669_contig_7.gbk
writing S3669_contig_10.gbk
writing S3669_contig_13.gbk
writing S3669_contig_15.gbk
writing S3669_contig_17.gbk
writing S3669_contig_19.gbk
The summary file for S3669 was saved to S3669/S3669.tsv.
Success: 'ampcombi parse_tables' completed successfully ! Now run ampcombi complete !

=== Sample 231/301: S3672 ===

 $$$$$$\  $$\      $$\ $$$$$$$\                                    $$\       $$\|
$$  __$$\ $$$\    $$$ |$$  __$$\                                   $$ |      \__|
$ /   $$ |$$$$\  $$$$ |$$ |  $$ | $$$$$$$\  $$$$$$\  $$$$$$\$$$$\  $$$$$$$\  $$\ 
$$$$$$$$ |$$\$$\$$ $$ |$$$$$$$  |$$  _____|$$  __$$\ $$  _$$  _$$\ $$  __$$\ $$ |
$$  __$$ |$$ \$$$  $$ |$$  ____/ $$ /      $$ /  $$ |$$ / $$ / $$ |$$ |  $$ |$$ |
$$ |  $$ |$$ |\$  /$$ |$$ |      $$ |      $$ |  $$ |$$ | $$ | $$ |$$ |  $$ |$$ |
$$ |  $$ |$$ | \_/ $$ |$$ |      \$$$$$$$\ \$$$$$$  |$$ | $$ | $$ |$$$$$$$  |$$ |
\__|  \__|\__|     \__|\__|       \_______| \______/ \__| \__| \__|\_______/ \__|

<--AMP_database> = /work3/josne/github/bacass/assets/databases/amp_DRAMP_database is found and will be used
MMseqs2 directory already exists in /work3/josne/github/bacass/assets/databases/amp_DRAMP_database.

 ########################################################## 
Processing AMP-files from sample: S3672
found macrel file
found ampir file
found amplify file
No InterproScan files were provided. Workflow continuing ....
The fasta containing AMP sequences for S3672 was saved to S3672/ 

The mmseqs alignment for S3672 in progress ....
No AMP hits for S3672 were successfully aligned to the reference database. Consider changing the database.
The mmseqs alignment for S3672 was saved to S3672/.
Estimating functional and structural properties for S3672 ....
Parsing the corresponding gene bank file for S3672 ....
writing S3672_contig_1.gbk
writing S3672_contig_1.gbk
writing S3672_contig_1.gbk
writing S3672_contig_1.gbk
writing S3672_contig_1.gbk
writing S3672_contig_2.gbk
writing S3672_contig_2.gbk
writing S3672_contig_2.gbk
writing S3672_contig_2.gbk
writing S3672_contig_3.gbk
writing S3672_contig_3.gbk
writing S3672_contig_5.gbk
writing S3672_contig_5.gbk
writing S3672_contig_5.gbk
writing S3672_contig_5.gbk
writing S3672_contig_6.gbk
writing S3672_contig_6.gbk
writing S3672_contig_6.gbk
writing S3672_contig_7.gbk
writing S3672_contig_8.gbk
writing S3672_contig_9.gbk
writing S3672_contig_9.gbk
writing S3672_contig_9.gbk
writing S3672_contig_9.gbk
writing S3672_contig_10.gbk
writing S3672_contig_11.gbk
writing S3672_contig_11.gbk
The summary file for S3672 was saved to S3672/S3672.tsv.
Success: 'ampcombi parse_tables' completed successfully ! Now run ampcombi complete !

=== Sample 232/301: S3704 ===

 $$$$$$\  $$\      $$\ $$$$$$$\                                    $$\       $$\|
$$  __$$\ $$$\    $$$ |$$  __$$\                                   $$ |      \__|
$ /   $$ |$$$$\  $$$$ |$$ |  $$ | $$$$$$$\  $$$$$$\  $$$$$$\$$$$\  $$$$$$$\  $$\ 
$$$$$$$$ |$$\$$\$$ $$ |$$$$$$$  |$$  _____|$$  __$$\ $$  _$$  _$$\ $$  __$$\ $$ |
$$  __$$ |$$ \$$$  $$ |$$  ____/ $$ /      $$ /  $$ |$$ / $$ / $$ |$$ |  $$ |$$ |
$$ |  $$ |$$ |\$  /$$ |$$ |      $$ |      $$ |  $$ |$$ | $$ | $$ |$$ |  $$ |$$ |
$$ |  $$ |$$ | \_/ $$ |$$ |      \$$$$$$$\ \$$$$$$  |$$ | $$ | $$ |$$$$$$$  |$$ |
\__|  \__|\__|     \__|\__|       \_______| \______/ \__| \__| \__|\_______/ \__|

<--AMP_database> = /work3/josne/github/bacass/assets/databases/amp_DRAMP_database is found and will be used
MMseqs2 directory already exists in /work3/josne/github/bacass/assets/databases/amp_DRAMP_database.

 ########################################################## 
Processing AMP-files from sample: S3704
found macrel file
found ampir file
found amplify file
No InterproScan files were provided. Workflow continuing ....
The fasta containing AMP sequences for S3704 was saved to S3704/ 

The mmseqs alignment for S3704 in progress ....
No AMP hits for S3704 were successfully aligned to the reference database. Consider changing the database.
The mmseqs alignment for S3704 was saved to S3704/.
Estimating functional and structural properties for S3704 ....
Parsing the corresponding gene bank file for S3704 ....
writing S3704_contig_1.gbk
writing S3704_contig_1.gbk
writing S3704_contig_1.gbk
writing S3704_contig_1.gbk
writing S3704_contig_1.gbk
writing S3704_contig_1.gbk
writing S3704_contig_1.gbk
writing S3704_contig_1.gbk
writing S3704_contig_1.gbk
writing S3704_contig_2.gbk
writing S3704_contig_2.gbk
writing S3704_contig_2.gbk
writing S3704_contig_2.gbk
writing S3704_contig_2.gbk
writing S3704_contig_2.gbk
writing S3704_contig_3.gbk
writing S3704_contig_4.gbk
writing S3704_contig_5.gbk
writing S3704_contig_5.gbk
writing S3704_contig_5.gbk
writing S3704_contig_5.gbk
writing S3704_contig_6.gbk
writing S3704_contig_11.gbk
writing S3704_contig_13.gbk
writing S3704_contig_14.gbk
writing S3704_contig_19.gbk
writing S3704_contig_21.gbk
writing S3704_contig_23.gbk
writing S3704_contig_28.gbk
writing S3704_contig_28.gbk
writing S3704_contig_30.gbk
writing S3704_contig_33.gbk
The summary file for S3704 was saved to S3704/S3704.tsv.
Success: 'ampcombi parse_tables' completed successfully ! Now run ampcombi complete !

=== Sample 233/301: S3705 ===

 $$$$$$\  $$\      $$\ $$$$$$$\                                    $$\       $$\|
$$  __$$\ $$$\    $$$ |$$  __$$\                                   $$ |      \__|
$ /   $$ |$$$$\  $$$$ |$$ |  $$ | $$$$$$$\  $$$$$$\  $$$$$$\$$$$\  $$$$$$$\  $$\ 
$$$$$$$$ |$$\$$\$$ $$ |$$$$$$$  |$$  _____|$$  __$$\ $$  _$$  _$$\ $$  __$$\ $$ |
$$  __$$ |$$ \$$$  $$ |$$  ____/ $$ /      $$ /  $$ |$$ / $$ / $$ |$$ |  $$ |$$ |
$$ |  $$ |$$ |\$  /$$ |$$ |      $$ |      $$ |  $$ |$$ | $$ | $$ |$$ |  $$ |$$ |
$$ |  $$ |$$ | \_/ $$ |$$ |      \$$$$$$$\ \$$$$$$  |$$ | $$ | $$ |$$$$$$$  |$$ |
\__|  \__|\__|     \__|\__|       \_______| \______/ \__| \__| \__|\_______/ \__|

<--AMP_database> = /work3/josne/github/bacass/assets/databases/amp_DRAMP_database is found and will be used
MMseqs2 directory already exists in /work3/josne/github/bacass/assets/databases/amp_DRAMP_database.

 ########################################################## 
Processing AMP-files from sample: S3705
found macrel file
found ampir file
found amplify file
No InterproScan files were provided. Workflow continuing ....
The fasta containing AMP sequences for S3705 was saved to S3705/ 

The mmseqs alignment for S3705 in progress ....
No AMP hits for S3705 were successfully aligned to the reference database. Consider changing the database.
The mmseqs alignment for S3705 was saved to S3705/.
Estimating functional and structural properties for S3705 ....
Parsing the corresponding gene bank file for S3705 ....
writing S3705_contig_1.gbk
writing S3705_contig_1.gbk
writing S3705_contig_2.gbk
writing S3705_contig_2.gbk
writing S3705_contig_2.gbk
writing S3705_contig_3.gbk
writing S3705_contig_4.gbk
writing S3705_contig_4.gbk
writing S3705_contig_4.gbk
writing S3705_contig_4.gbk
writing S3705_contig_5.gbk
writing S3705_contig_5.gbk
writing S3705_contig_5.gbk
writing S3705_contig_8.gbk
writing S3705_contig_8.gbk
writing S3705_contig_9.gbk
writing S3705_contig_9.gbk
writing S3705_contig_10.gbk
writing S3705_contig_10.gbk
writing S3705_contig_11.gbk
writing S3705_contig_12.gbk
writing S3705_contig_13.gbk
writing S3705_contig_17.gbk
writing S3705_contig_22.gbk
writing S3705_contig_23.gbk
writing S3705_contig_29.gbk
writing S3705_contig_32.gbk
writing S3705_contig_40.gbk
writing S3705_contig_59.gbk
The summary file for S3705 was saved to S3705/S3705.tsv.
Success: 'ampcombi parse_tables' completed successfully ! Now run ampcombi complete !

=== Sample 234/301: S3706 ===

 $$$$$$\  $$\      $$\ $$$$$$$\                                    $$\       $$\|
$$  __$$\ $$$\    $$$ |$$  __$$\                                   $$ |      \__|
$ /   $$ |$$$$\  $$$$ |$$ |  $$ | $$$$$$$\  $$$$$$\  $$$$$$\$$$$\  $$$$$$$\  $$\ 
$$$$$$$$ |$$\$$\$$ $$ |$$$$$$$  |$$  _____|$$  __$$\ $$  _$$  _$$\ $$  __$$\ $$ |
$$  __$$ |$$ \$$$  $$ |$$  ____/ $$ /      $$ /  $$ |$$ / $$ / $$ |$$ |  $$ |$$ |
$$ |  $$ |$$ |\$  /$$ |$$ |      $$ |      $$ |  $$ |$$ | $$ | $$ |$$ |  $$ |$$ |
$$ |  $$ |$$ | \_/ $$ |$$ |      \$$$$$$$\ \$$$$$$  |$$ | $$ | $$ |$$$$$$$  |$$ |
\__|  \__|\__|     \__|\__|       \_______| \______/ \__| \__| \__|\_______/ \__|

<--AMP_database> = /work3/josne/github/bacass/assets/databases/amp_DRAMP_database is found and will be used
MMseqs2 directory already exists in /work3/josne/github/bacass/assets/databases/amp_DRAMP_database.

 ########################################################## 
Processing AMP-files from sample: S3706
found macrel file
found ampir file
found amplify file
No InterproScan files were provided. Workflow continuing ....
The fasta containing AMP sequences for S3706 was saved to S3706/ 

The mmseqs alignment for S3706 in progress ....
No AMP hits for S3706 were successfully aligned to the reference database. Consider changing the database.
The mmseqs alignment for S3706 was saved to S3706/.
Estimating functional and structural properties for S3706 ....
Parsing the corresponding gene bank file for S3706 ....
writing S3706_contig_1.gbk
writing S3706_contig_2.gbk
writing S3706_contig_2.gbk
writing S3706_contig_2.gbk
writing S3706_contig_3.gbk
writing S3706_contig_3.gbk
writing S3706_contig_3.gbk
writing S3706_contig_3.gbk
writing S3706_contig_4.gbk
writing S3706_contig_4.gbk
writing S3706_contig_5.gbk
writing S3706_contig_5.gbk
writing S3706_contig_5.gbk
writing S3706_contig_7.gbk
writing S3706_contig_7.gbk
writing S3706_contig_8.gbk
writing S3706_contig_8.gbk
writing S3706_contig_9.gbk
writing S3706_contig_9.gbk
writing S3706_contig_10.gbk
writing S3706_contig_11.gbk
writing S3706_contig_13.gbk
writing S3706_contig_14.gbk
writing S3706_contig_15.gbk
writing S3706_contig_19.gbk
writing S3706_contig_24.gbk
writing S3706_contig_25.gbk
writing S3706_contig_26.gbk
writing S3706_contig_31.gbk
The summary file for S3706 was saved to S3706/S3706.tsv.
Success: 'ampcombi parse_tables' completed successfully ! Now run ampcombi complete !

=== Sample 235/301: S3707 ===

 $$$$$$\  $$\      $$\ $$$$$$$\                                    $$\       $$\|
$$  __$$\ $$$\    $$$ |$$  __$$\                                   $$ |      \__|
$ /   $$ |$$$$\  $$$$ |$$ |  $$ | $$$$$$$\  $$$$$$\  $$$$$$\$$$$\  $$$$$$$\  $$\ 
$$$$$$$$ |$$\$$\$$ $$ |$$$$$$$  |$$  _____|$$  __$$\ $$  _$$  _$$\ $$  __$$\ $$ |
$$  __$$ |$$ \$$$  $$ |$$  ____/ $$ /      $$ /  $$ |$$ / $$ / $$ |$$ |  $$ |$$ |
$$ |  $$ |$$ |\$  /$$ |$$ |      $$ |      $$ |  $$ |$$ | $$ | $$ |$$ |  $$ |$$ |
$$ |  $$ |$$ | \_/ $$ |$$ |      \$$$$$$$\ \$$$$$$  |$$ | $$ | $$ |$$$$$$$  |$$ |
\__|  \__|\__|     \__|\__|       \_______| \______/ \__| \__| \__|\_______/ \__|

<--AMP_database> = /work3/josne/github/bacass/assets/databases/amp_DRAMP_database is found and will be used
MMseqs2 directory already exists in /work3/josne/github/bacass/assets/databases/amp_DRAMP_database.

 ########################################################## 
Processing AMP-files from sample: S3707
found macrel file
found ampir file
found amplify file
No InterproScan files were provided. Workflow continuing ....
The fasta containing AMP sequences for S3707 was saved to S3707/ 

The mmseqs alignment for S3707 in progress ....
No AMP hits for S3707 were successfully aligned to the reference database. Consider changing the database.
The mmseqs alignment for S3707 was saved to S3707/.
Estimating functional and structural properties for S3707 ....
Parsing the corresponding gene bank file for S3707 ....
writing S3707_contig_1.gbk
writing S3707_contig_1.gbk
writing S3707_contig_3.gbk
writing S3707_contig_3.gbk
writing S3707_contig_4.gbk
writing S3707_contig_4.gbk
writing S3707_contig_6.gbk
writing S3707_contig_8.gbk
writing S3707_contig_9.gbk
writing S3707_contig_10.gbk
writing S3707_contig_11.gbk
writing S3707_contig_12.gbk
writing S3707_contig_13.gbk
writing S3707_contig_15.gbk
writing S3707_contig_16.gbk
writing S3707_contig_16.gbk
writing S3707_contig_18.gbk
writing S3707_contig_19.gbk
writing S3707_contig_20.gbk
writing S3707_contig_20.gbk
writing S3707_contig_20.gbk
writing S3707_contig_22.gbk
writing S3707_contig_24.gbk
writing S3707_contig_27.gbk
writing S3707_contig_28.gbk
writing S3707_contig_33.gbk
writing S3707_contig_35.gbk
writing S3707_contig_35.gbk
writing S3707_contig_38.gbk
writing S3707_contig_42.gbk
writing S3707_contig_44.gbk
writing S3707_contig_44.gbk
writing S3707_contig_45.gbk
writing S3707_contig_50.gbk
writing S3707_contig_54.gbk
writing S3707_contig_71.gbk
writing S3707_contig_73.gbk
The summary file for S3707 was saved to S3707/S3707.tsv.
Success: 'ampcombi parse_tables' completed successfully ! Now run ampcombi complete !

=== Sample 236/301: S3728 ===

 $$$$$$\  $$\      $$\ $$$$$$$\                                    $$\       $$\|
$$  __$$\ $$$\    $$$ |$$  __$$\                                   $$ |      \__|
$ /   $$ |$$$$\  $$$$ |$$ |  $$ | $$$$$$$\  $$$$$$\  $$$$$$\$$$$\  $$$$$$$\  $$\ 
$$$$$$$$ |$$\$$\$$ $$ |$$$$$$$  |$$  _____|$$  __$$\ $$  _$$  _$$\ $$  __$$\ $$ |
$$  __$$ |$$ \$$$  $$ |$$  ____/ $$ /      $$ /  $$ |$$ / $$ / $$ |$$ |  $$ |$$ |
$$ |  $$ |$$ |\$  /$$ |$$ |      $$ |      $$ |  $$ |$$ | $$ | $$ |$$ |  $$ |$$ |
$$ |  $$ |$$ | \_/ $$ |$$ |      \$$$$$$$\ \$$$$$$  |$$ | $$ | $$ |$$$$$$$  |$$ |
\__|  \__|\__|     \__|\__|       \_______| \______/ \__| \__| \__|\_______/ \__|

<--AMP_database> = /work3/josne/github/bacass/assets/databases/amp_DRAMP_database is found and will be used
MMseqs2 directory already exists in /work3/josne/github/bacass/assets/databases/amp_DRAMP_database.

 ########################################################## 
Processing AMP-files from sample: S3728
found macrel file
found ampir file
found amplify file
No InterproScan files were provided. Workflow continuing ....
The fasta containing AMP sequences for S3728 was saved to S3728/ 

The mmseqs alignment for S3728 in progress ....
No AMP hits for S3728 were successfully aligned to the reference database. Consider changing the database.
The mmseqs alignment for S3728 was saved to S3728/.
Estimating functional and structural properties for S3728 ....
Parsing the corresponding gene bank file for S3728 ....
writing S3728_contig_1.gbk
writing S3728_contig_1.gbk
writing S3728_contig_1.gbk
writing S3728_contig_1.gbk
writing S3728_contig_1.gbk
writing S3728_contig_1.gbk
writing S3728_contig_1.gbk
writing S3728_contig_2.gbk
writing S3728_contig_2.gbk
writing S3728_contig_2.gbk
writing S3728_contig_2.gbk
writing S3728_contig_2.gbk
writing S3728_contig_2.gbk
writing S3728_contig_3.gbk
writing S3728_contig_4.gbk
writing S3728_contig_7.gbk
writing S3728_contig_9.gbk
The summary file for S3728 was saved to S3728/S3728.tsv.
Success: 'ampcombi parse_tables' completed successfully ! Now run ampcombi complete !

=== Sample 237/301: S3729 ===

 $$$$$$\  $$\      $$\ $$$$$$$\                                    $$\       $$\|
$$  __$$\ $$$\    $$$ |$$  __$$\                                   $$ |      \__|
$ /   $$ |$$$$\  $$$$ |$$ |  $$ | $$$$$$$\  $$$$$$\  $$$$$$\$$$$\  $$$$$$$\  $$\ 
$$$$$$$$ |$$\$$\$$ $$ |$$$$$$$  |$$  _____|$$  __$$\ $$  _$$  _$$\ $$  __$$\ $$ |
$$  __$$ |$$ \$$$  $$ |$$  ____/ $$ /      $$ /  $$ |$$ / $$ / $$ |$$ |  $$ |$$ |
$$ |  $$ |$$ |\$  /$$ |$$ |      $$ |      $$ |  $$ |$$ | $$ | $$ |$$ |  $$ |$$ |
$$ |  $$ |$$ | \_/ $$ |$$ |      \$$$$$$$\ \$$$$$$  |$$ | $$ | $$ |$$$$$$$  |$$ |
\__|  \__|\__|     \__|\__|       \_______| \______/ \__| \__| \__|\_______/ \__|

<--AMP_database> = /work3/josne/github/bacass/assets/databases/amp_DRAMP_database is found and will be used
MMseqs2 directory already exists in /work3/josne/github/bacass/assets/databases/amp_DRAMP_database.

 ########################################################## 
Processing AMP-files from sample: S3729
found macrel file
found ampir file
found amplify file
No InterproScan files were provided. Workflow continuing ....
The fasta containing AMP sequences for S3729 was saved to S3729/ 

The mmseqs alignment for S3729 in progress ....
No AMP hits for S3729 were successfully aligned to the reference database. Consider changing the database.
The mmseqs alignment for S3729 was saved to S3729/.
Estimating functional and structural properties for S3729 ....
Parsing the corresponding gene bank file for S3729 ....
writing S3729_contig_1.gbk
writing S3729_contig_1.gbk
writing S3729_contig_2.gbk
writing S3729_contig_4.gbk
writing S3729_contig_4.gbk
writing S3729_contig_5.gbk
writing S3729_contig_5.gbk
writing S3729_contig_5.gbk
writing S3729_contig_5.gbk
writing S3729_contig_6.gbk
writing S3729_contig_6.gbk
writing S3729_contig_8.gbk
writing S3729_contig_10.gbk
writing S3729_contig_11.gbk
writing S3729_contig_11.gbk
writing S3729_contig_12.gbk
writing S3729_contig_12.gbk
writing S3729_contig_12.gbk
writing S3729_contig_15.gbk
writing S3729_contig_17.gbk
writing S3729_contig_21.gbk
writing S3729_contig_23.gbk
writing S3729_contig_26.gbk
writing S3729_contig_35.gbk
writing S3729_contig_41.gbk
writing S3729_contig_44.gbk
writing S3729_contig_47.gbk
writing S3729_contig_47.gbk
writing S3729_contig_47.gbk
writing S3729_contig_54.gbk
The summary file for S3729 was saved to S3729/S3729.tsv.
Success: 'ampcombi parse_tables' completed successfully ! Now run ampcombi complete !

=== Sample 238/301: S3730 ===

 $$$$$$\  $$\      $$\ $$$$$$$\                                    $$\       $$\|
$$  __$$\ $$$\    $$$ |$$  __$$\                                   $$ |      \__|
$ /   $$ |$$$$\  $$$$ |$$ |  $$ | $$$$$$$\  $$$$$$\  $$$$$$\$$$$\  $$$$$$$\  $$\ 
$$$$$$$$ |$$\$$\$$ $$ |$$$$$$$  |$$  _____|$$  __$$\ $$  _$$  _$$\ $$  __$$\ $$ |
$$  __$$ |$$ \$$$  $$ |$$  ____/ $$ /      $$ /  $$ |$$ / $$ / $$ |$$ |  $$ |$$ |
$$ |  $$ |$$ |\$  /$$ |$$ |      $$ |      $$ |  $$ |$$ | $$ | $$ |$$ |  $$ |$$ |
$$ |  $$ |$$ | \_/ $$ |$$ |      \$$$$$$$\ \$$$$$$  |$$ | $$ | $$ |$$$$$$$  |$$ |
\__|  \__|\__|     \__|\__|       \_______| \______/ \__| \__| \__|\_______/ \__|

<--AMP_database> = /work3/josne/github/bacass/assets/databases/amp_DRAMP_database is found and will be used
MMseqs2 directory already exists in /work3/josne/github/bacass/assets/databases/amp_DRAMP_database.

 ########################################################## 
Processing AMP-files from sample: S3730
found macrel file
found ampir file
found amplify file
No InterproScan files were provided. Workflow continuing ....
The fasta containing AMP sequences for S3730 was saved to S3730/ 

The mmseqs alignment for S3730 in progress ....
No AMP hits for S3730 were successfully aligned to the reference database. Consider changing the database.
The mmseqs alignment for S3730 was saved to S3730/.
Estimating functional and structural properties for S3730 ....
Parsing the corresponding gene bank file for S3730 ....
writing S3730_contig_1.gbk
writing S3730_contig_1.gbk
writing S3730_contig_1.gbk
writing S3730_contig_1.gbk
writing S3730_contig_1.gbk
writing S3730_contig_1.gbk
writing S3730_contig_1.gbk
writing S3730_contig_2.gbk
writing S3730_contig_2.gbk
writing S3730_contig_2.gbk
writing S3730_contig_2.gbk
writing S3730_contig_2.gbk
writing S3730_contig_2.gbk
writing S3730_contig_2.gbk
writing S3730_contig_3.gbk
writing S3730_contig_4.gbk
writing S3730_contig_4.gbk
writing S3730_contig_6.gbk
writing S3730_contig_6.gbk
writing S3730_contig_6.gbk
writing S3730_contig_8.gbk
writing S3730_contig_8.gbk
writing S3730_contig_8.gbk
writing S3730_contig_8.gbk
writing S3730_contig_9.gbk
writing S3730_contig_10.gbk
writing S3730_contig_15.gbk
writing S3730_contig_23.gbk
The summary file for S3730 was saved to S3730/S3730.tsv.
Success: 'ampcombi parse_tables' completed successfully ! Now run ampcombi complete !

=== Sample 239/301: S3775 ===

 $$$$$$\  $$\      $$\ $$$$$$$\                                    $$\       $$\|
$$  __$$\ $$$\    $$$ |$$  __$$\                                   $$ |      \__|
$ /   $$ |$$$$\  $$$$ |$$ |  $$ | $$$$$$$\  $$$$$$\  $$$$$$\$$$$\  $$$$$$$\  $$\ 
$$$$$$$$ |$$\$$\$$ $$ |$$$$$$$  |$$  _____|$$  __$$\ $$  _$$  _$$\ $$  __$$\ $$ |
$$  __$$ |$$ \$$$  $$ |$$  ____/ $$ /      $$ /  $$ |$$ / $$ / $$ |$$ |  $$ |$$ |
$$ |  $$ |$$ |\$  /$$ |$$ |      $$ |      $$ |  $$ |$$ | $$ | $$ |$$ |  $$ |$$ |
$$ |  $$ |$$ | \_/ $$ |$$ |      \$$$$$$$\ \$$$$$$  |$$ | $$ | $$ |$$$$$$$  |$$ |
\__|  \__|\__|     \__|\__|       \_______| \______/ \__| \__| \__|\_______/ \__|

<--AMP_database> = /work3/josne/github/bacass/assets/databases/amp_DRAMP_database is found and will be used
MMseqs2 directory already exists in /work3/josne/github/bacass/assets/databases/amp_DRAMP_database.

 ########################################################## 
Processing AMP-files from sample: S3775
found macrel file
found ampir file
found amplify file
No InterproScan files were provided. Workflow continuing ....
The fasta containing AMP sequences for S3775 was saved to S3775/ 

The mmseqs alignment for S3775 in progress ....
No AMP hits for S3775 were successfully aligned to the reference database. Consider changing the database.
The mmseqs alignment for S3775 was saved to S3775/.
Estimating functional and structural properties for S3775 ....
Parsing the corresponding gene bank file for S3775 ....
writing S3775_contig_1.gbk
writing S3775_contig_1.gbk
writing S3775_contig_1.gbk
writing S3775_contig_1.gbk
writing S3775_contig_1.gbk
writing S3775_contig_1.gbk
writing S3775_contig_1.gbk
writing S3775_contig_1.gbk
writing S3775_contig_2.gbk
writing S3775_contig_2.gbk
writing S3775_contig_2.gbk
writing S3775_contig_4.gbk
writing S3775_contig_4.gbk
writing S3775_contig_4.gbk
writing S3775_contig_5.gbk
writing S3775_contig_5.gbk
writing S3775_contig_5.gbk
writing S3775_contig_5.gbk
writing S3775_contig_7.gbk
writing S3775_contig_7.gbk
writing S3775_contig_7.gbk
writing S3775_contig_7.gbk
writing S3775_contig_9.gbk
writing S3775_contig_10.gbk
writing S3775_contig_12.gbk
writing S3775_contig_13.gbk
writing S3775_contig_14.gbk
writing S3775_contig_17.gbk
writing S3775_contig_17.gbk
The summary file for S3775 was saved to S3775/S3775.tsv.
Success: 'ampcombi parse_tables' completed successfully ! Now run ampcombi complete !

=== Sample 240/301: S3777 ===

 $$$$$$\  $$\      $$\ $$$$$$$\                                    $$\       $$\|
$$  __$$\ $$$\    $$$ |$$  __$$\                                   $$ |      \__|
$ /   $$ |$$$$\  $$$$ |$$ |  $$ | $$$$$$$\  $$$$$$\  $$$$$$\$$$$\  $$$$$$$\  $$\ 
$$$$$$$$ |$$\$$\$$ $$ |$$$$$$$  |$$  _____|$$  __$$\ $$  _$$  _$$\ $$  __$$\ $$ |
$$  __$$ |$$ \$$$  $$ |$$  ____/ $$ /      $$ /  $$ |$$ / $$ / $$ |$$ |  $$ |$$ |
$$ |  $$ |$$ |\$  /$$ |$$ |      $$ |      $$ |  $$ |$$ | $$ | $$ |$$ |  $$ |$$ |
$$ |  $$ |$$ | \_/ $$ |$$ |      \$$$$$$$\ \$$$$$$  |$$ | $$ | $$ |$$$$$$$  |$$ |
\__|  \__|\__|     \__|\__|       \_______| \______/ \__| \__| \__|\_______/ \__|

<--AMP_database> = /work3/josne/github/bacass/assets/databases/amp_DRAMP_database is found and will be used
MMseqs2 directory already exists in /work3/josne/github/bacass/assets/databases/amp_DRAMP_database.

 ########################################################## 
Processing AMP-files from sample: S3777
found macrel file
found ampir file
found amplify file
No InterproScan files were provided. Workflow continuing ....
The fasta containing AMP sequences for S3777 was saved to S3777/ 

The mmseqs alignment for S3777 in progress ....
No AMP hits for S3777 were successfully aligned to the reference database. Consider changing the database.
The mmseqs alignment for S3777 was saved to S3777/.
Estimating functional and structural properties for S3777 ....
Parsing the corresponding gene bank file for S3777 ....
writing S3777_contig_1.gbk
writing S3777_contig_1.gbk
writing S3777_contig_1.gbk
writing S3777_contig_2.gbk
writing S3777_contig_3.gbk
writing S3777_contig_3.gbk
writing S3777_contig_3.gbk
writing S3777_contig_3.gbk
writing S3777_contig_5.gbk
writing S3777_contig_6.gbk
writing S3777_contig_6.gbk
writing S3777_contig_9.gbk
writing S3777_contig_13.gbk
writing S3777_contig_15.gbk
writing S3777_contig_17.gbk
writing S3777_contig_19.gbk
writing S3777_contig_22.gbk
writing S3777_contig_22.gbk
writing S3777_contig_23.gbk
writing S3777_contig_24.gbk
writing S3777_contig_25.gbk
writing S3777_contig_28.gbk
writing S3777_contig_34.gbk
writing S3777_contig_35.gbk
The summary file for S3777 was saved to S3777/S3777.tsv.
Success: 'ampcombi parse_tables' completed successfully ! Now run ampcombi complete !

=== Sample 241/301: S3778 ===

 $$$$$$\  $$\      $$\ $$$$$$$\                                    $$\       $$\|
$$  __$$\ $$$\    $$$ |$$  __$$\                                   $$ |      \__|
$ /   $$ |$$$$\  $$$$ |$$ |  $$ | $$$$$$$\  $$$$$$\  $$$$$$\$$$$\  $$$$$$$\  $$\ 
$$$$$$$$ |$$\$$\$$ $$ |$$$$$$$  |$$  _____|$$  __$$\ $$  _$$  _$$\ $$  __$$\ $$ |
$$  __$$ |$$ \$$$  $$ |$$  ____/ $$ /      $$ /  $$ |$$ / $$ / $$ |$$ |  $$ |$$ |
$$ |  $$ |$$ |\$  /$$ |$$ |      $$ |      $$ |  $$ |$$ | $$ | $$ |$$ |  $$ |$$ |
$$ |  $$ |$$ | \_/ $$ |$$ |      \$$$$$$$\ \$$$$$$  |$$ | $$ | $$ |$$$$$$$  |$$ |
\__|  \__|\__|     \__|\__|       \_______| \______/ \__| \__| \__|\_______/ \__|

<--AMP_database> = /work3/josne/github/bacass/assets/databases/amp_DRAMP_database is found and will be used
MMseqs2 directory already exists in /work3/josne/github/bacass/assets/databases/amp_DRAMP_database.

 ########################################################## 
Processing AMP-files from sample: S3778
found macrel file
found ampir file
found amplify file
No InterproScan files were provided. Workflow continuing ....
The fasta containing AMP sequences for S3778 was saved to S3778/ 

The mmseqs alignment for S3778 in progress ....
No AMP hits for S3778 were successfully aligned to the reference database. Consider changing the database.
The mmseqs alignment for S3778 was saved to S3778/.
Estimating functional and structural properties for S3778 ....
Parsing the corresponding gene bank file for S3778 ....
writing S3778_contig_1.gbk
writing S3778_contig_1.gbk
writing S3778_contig_2.gbk
writing S3778_contig_6.gbk
writing S3778_contig_7.gbk
writing S3778_contig_7.gbk
writing S3778_contig_7.gbk
writing S3778_contig_7.gbk
writing S3778_contig_7.gbk
writing S3778_contig_9.gbk
writing S3778_contig_9.gbk
writing S3778_contig_9.gbk
writing S3778_contig_10.gbk
writing S3778_contig_10.gbk
writing S3778_contig_10.gbk
writing S3778_contig_10.gbk
writing S3778_contig_10.gbk
writing S3778_contig_11.gbk
writing S3778_contig_11.gbk
writing S3778_contig_13.gbk
writing S3778_contig_13.gbk
writing S3778_contig_15.gbk
writing S3778_contig_15.gbk
writing S3778_contig_16.gbk
writing S3778_contig_18.gbk
writing S3778_contig_21.gbk
writing S3778_contig_22.gbk
writing S3778_contig_24.gbk
writing S3778_contig_25.gbk
writing S3778_contig_31.gbk
writing S3778_contig_46.gbk
writing S3778_contig_62.gbk
The summary file for S3778 was saved to S3778/S3778.tsv.
Success: 'ampcombi parse_tables' completed successfully ! Now run ampcombi complete !

=== Sample 242/301: S3779 ===

 $$$$$$\  $$\      $$\ $$$$$$$\                                    $$\       $$\|
$$  __$$\ $$$\    $$$ |$$  __$$\                                   $$ |      \__|
$ /   $$ |$$$$\  $$$$ |$$ |  $$ | $$$$$$$\  $$$$$$\  $$$$$$\$$$$\  $$$$$$$\  $$\ 
$$$$$$$$ |$$\$$\$$ $$ |$$$$$$$  |$$  _____|$$  __$$\ $$  _$$  _$$\ $$  __$$\ $$ |
$$  __$$ |$$ \$$$  $$ |$$  ____/ $$ /      $$ /  $$ |$$ / $$ / $$ |$$ |  $$ |$$ |
$$ |  $$ |$$ |\$  /$$ |$$ |      $$ |      $$ |  $$ |$$ | $$ | $$ |$$ |  $$ |$$ |
$$ |  $$ |$$ | \_/ $$ |$$ |      \$$$$$$$\ \$$$$$$  |$$ | $$ | $$ |$$$$$$$  |$$ |
\__|  \__|\__|     \__|\__|       \_______| \______/ \__| \__| \__|\_______/ \__|

<--AMP_database> = /work3/josne/github/bacass/assets/databases/amp_DRAMP_database is found and will be used
MMseqs2 directory already exists in /work3/josne/github/bacass/assets/databases/amp_DRAMP_database.

 ########################################################## 
Processing AMP-files from sample: S3779
found macrel file
found ampir file
found amplify file
No InterproScan files were provided. Workflow continuing ....
The fasta containing AMP sequences for S3779 was saved to S3779/ 

The mmseqs alignment for S3779 in progress ....
No AMP hits for S3779 were successfully aligned to the reference database. Consider changing the database.
The mmseqs alignment for S3779 was saved to S3779/.
Estimating functional and structural properties for S3779 ....
Parsing the corresponding gene bank file for S3779 ....
writing S3779_contig_1.gbk
writing S3779_contig_1.gbk
writing S3779_contig_1.gbk
writing S3779_contig_1.gbk
writing S3779_contig_1.gbk
writing S3779_contig_1.gbk
writing S3779_contig_1.gbk
writing S3779_contig_1.gbk
writing S3779_contig_2.gbk
writing S3779_contig_2.gbk
writing S3779_contig_2.gbk
writing S3779_contig_3.gbk
writing S3779_contig_3.gbk
writing S3779_contig_4.gbk
writing S3779_contig_4.gbk
writing S3779_contig_4.gbk
writing S3779_contig_4.gbk
writing S3779_contig_6.gbk
writing S3779_contig_6.gbk
writing S3779_contig_6.gbk
writing S3779_contig_6.gbk
writing S3779_contig_6.gbk
writing S3779_contig_8.gbk
writing S3779_contig_8.gbk
writing S3779_contig_8.gbk
writing S3779_contig_8.gbk
writing S3779_contig_8.gbk
writing S3779_contig_9.gbk
writing S3779_contig_10.gbk
writing S3779_contig_12.gbk
writing S3779_contig_13.gbk
writing S3779_contig_26.gbk
The summary file for S3779 was saved to S3779/S3779.tsv.
Success: 'ampcombi parse_tables' completed successfully ! Now run ampcombi complete !

=== Sample 243/301: S3781 ===

 $$$$$$\  $$\      $$\ $$$$$$$\                                    $$\       $$\|
$$  __$$\ $$$\    $$$ |$$  __$$\                                   $$ |      \__|
$ /   $$ |$$$$\  $$$$ |$$ |  $$ | $$$$$$$\  $$$$$$\  $$$$$$\$$$$\  $$$$$$$\  $$\ 
$$$$$$$$ |$$\$$\$$ $$ |$$$$$$$  |$$  _____|$$  __$$\ $$  _$$  _$$\ $$  __$$\ $$ |
$$  __$$ |$$ \$$$  $$ |$$  ____/ $$ /      $$ /  $$ |$$ / $$ / $$ |$$ |  $$ |$$ |
$$ |  $$ |$$ |\$  /$$ |$$ |      $$ |      $$ |  $$ |$$ | $$ | $$ |$$ |  $$ |$$ |
$$ |  $$ |$$ | \_/ $$ |$$ |      \$$$$$$$\ \$$$$$$  |$$ | $$ | $$ |$$$$$$$  |$$ |
\__|  \__|\__|     \__|\__|       \_______| \______/ \__| \__| \__|\_______/ \__|

<--AMP_database> = /work3/josne/github/bacass/assets/databases/amp_DRAMP_database is found and will be used
MMseqs2 directory already exists in /work3/josne/github/bacass/assets/databases/amp_DRAMP_database.

 ########################################################## 
Processing AMP-files from sample: S3781
found macrel file
found ampir file
found amplify file
No InterproScan files were provided. Workflow continuing ....
The fasta containing AMP sequences for S3781 was saved to S3781/ 

The mmseqs alignment for S3781 in progress ....
No AMP hits for S3781 were successfully aligned to the reference database. Consider changing the database.
The mmseqs alignment for S3781 was saved to S3781/.
Estimating functional and structural properties for S3781 ....
Parsing the corresponding gene bank file for S3781 ....
writing S3781_contig_1.gbk
writing S3781_contig_1.gbk
writing S3781_contig_1.gbk
writing S3781_contig_2.gbk
writing S3781_contig_2.gbk
writing S3781_contig_2.gbk
writing S3781_contig_3.gbk
writing S3781_contig_4.gbk
writing S3781_contig_4.gbk
writing S3781_contig_4.gbk
writing S3781_contig_4.gbk
writing S3781_contig_7.gbk
writing S3781_contig_9.gbk
writing S3781_contig_15.gbk
writing S3781_contig_16.gbk
writing S3781_contig_18.gbk
writing S3781_contig_20.gbk
writing S3781_contig_20.gbk
writing S3781_contig_22.gbk
writing S3781_contig_22.gbk
writing S3781_contig_22.gbk
writing S3781_contig_23.gbk
writing S3781_contig_23.gbk
writing S3781_contig_25.gbk
writing S3781_contig_25.gbk
writing S3781_contig_27.gbk
writing S3781_contig_31.gbk
writing S3781_contig_37.gbk
The summary file for S3781 was saved to S3781/S3781.tsv.
Success: 'ampcombi parse_tables' completed successfully ! Now run ampcombi complete !

=== Sample 244/301: S3782 ===

 $$$$$$\  $$\      $$\ $$$$$$$\                                    $$\       $$\|
$$  __$$\ $$$\    $$$ |$$  __$$\                                   $$ |      \__|
$ /   $$ |$$$$\  $$$$ |$$ |  $$ | $$$$$$$\  $$$$$$\  $$$$$$\$$$$\  $$$$$$$\  $$\ 
$$$$$$$$ |$$\$$\$$ $$ |$$$$$$$  |$$  _____|$$  __$$\ $$  _$$  _$$\ $$  __$$\ $$ |
$$  __$$ |$$ \$$$  $$ |$$  ____/ $$ /      $$ /  $$ |$$ / $$ / $$ |$$ |  $$ |$$ |
$$ |  $$ |$$ |\$  /$$ |$$ |      $$ |      $$ |  $$ |$$ | $$ | $$ |$$ |  $$ |$$ |
$$ |  $$ |$$ | \_/ $$ |$$ |      \$$$$$$$\ \$$$$$$  |$$ | $$ | $$ |$$$$$$$  |$$ |
\__|  \__|\__|     \__|\__|       \_______| \______/ \__| \__| \__|\_______/ \__|

<--AMP_database> = /work3/josne/github/bacass/assets/databases/amp_DRAMP_database is found and will be used
MMseqs2 directory already exists in /work3/josne/github/bacass/assets/databases/amp_DRAMP_database.

 ########################################################## 
Processing AMP-files from sample: S3782
found macrel file
found ampir file
found amplify file
No InterproScan files were provided. Workflow continuing ....
The fasta containing AMP sequences for S3782 was saved to S3782/ 

The mmseqs alignment for S3782 in progress ....
No AMP hits for S3782 were successfully aligned to the reference database. Consider changing the database.
The mmseqs alignment for S3782 was saved to S3782/.
Estimating functional and structural properties for S3782 ....
Parsing the corresponding gene bank file for S3782 ....
writing S3782_contig_1.gbk
writing S3782_contig_1.gbk
writing S3782_contig_1.gbk
writing S3782_contig_1.gbk
writing S3782_contig_1.gbk
writing S3782_contig_1.gbk
writing S3782_contig_2.gbk
writing S3782_contig_2.gbk
writing S3782_contig_2.gbk
writing S3782_contig_2.gbk
writing S3782_contig_2.gbk
writing S3782_contig_3.gbk
writing S3782_contig_3.gbk
writing S3782_contig_3.gbk
writing S3782_contig_4.gbk
writing S3782_contig_4.gbk
writing S3782_contig_4.gbk
writing S3782_contig_4.gbk
writing S3782_contig_7.gbk
writing S3782_contig_8.gbk
writing S3782_contig_9.gbk
writing S3782_contig_9.gbk
writing S3782_contig_11.gbk
writing S3782_contig_11.gbk
writing S3782_contig_11.gbk
writing S3782_contig_11.gbk
writing S3782_contig_12.gbk
writing S3782_contig_13.gbk
writing S3782_contig_14.gbk
writing S3782_contig_15.gbk
The summary file for S3782 was saved to S3782/S3782.tsv.
Success: 'ampcombi parse_tables' completed successfully ! Now run ampcombi complete !

=== Sample 245/301: S3783 ===

 $$$$$$\  $$\      $$\ $$$$$$$\                                    $$\       $$\|
$$  __$$\ $$$\    $$$ |$$  __$$\                                   $$ |      \__|
$ /   $$ |$$$$\  $$$$ |$$ |  $$ | $$$$$$$\  $$$$$$\  $$$$$$\$$$$\  $$$$$$$\  $$\ 
$$$$$$$$ |$$\$$\$$ $$ |$$$$$$$  |$$  _____|$$  __$$\ $$  _$$  _$$\ $$  __$$\ $$ |
$$  __$$ |$$ \$$$  $$ |$$  ____/ $$ /      $$ /  $$ |$$ / $$ / $$ |$$ |  $$ |$$ |
$$ |  $$ |$$ |\$  /$$ |$$ |      $$ |      $$ |  $$ |$$ | $$ | $$ |$$ |  $$ |$$ |
$$ |  $$ |$$ | \_/ $$ |$$ |      \$$$$$$$\ \$$$$$$  |$$ | $$ | $$ |$$$$$$$  |$$ |
\__|  \__|\__|     \__|\__|       \_______| \______/ \__| \__| \__|\_______/ \__|

<--AMP_database> = /work3/josne/github/bacass/assets/databases/amp_DRAMP_database is found and will be used
MMseqs2 directory already exists in /work3/josne/github/bacass/assets/databases/amp_DRAMP_database.

 ########################################################## 
Processing AMP-files from sample: S3783
found macrel file
found ampir file
found amplify file
No InterproScan files were provided. Workflow continuing ....
The fasta containing AMP sequences for S3783 was saved to S3783/ 

The mmseqs alignment for S3783 in progress ....
No AMP hits for S3783 were successfully aligned to the reference database. Consider changing the database.
The mmseqs alignment for S3783 was saved to S3783/.
Estimating functional and structural properties for S3783 ....
Parsing the corresponding gene bank file for S3783 ....
writing S3783_contig_1.gbk
writing S3783_contig_1.gbk
writing S3783_contig_1.gbk
writing S3783_contig_1.gbk
writing S3783_contig_1.gbk
writing S3783_contig_1.gbk
writing S3783_contig_2.gbk
writing S3783_contig_2.gbk
writing S3783_contig_2.gbk
writing S3783_contig_3.gbk
writing S3783_contig_3.gbk
writing S3783_contig_3.gbk
writing S3783_contig_3.gbk
writing S3783_contig_3.gbk
writing S3783_contig_4.gbk
writing S3783_contig_6.gbk
writing S3783_contig_6.gbk
writing S3783_contig_6.gbk
writing S3783_contig_6.gbk
writing S3783_contig_6.gbk
writing S3783_contig_7.gbk
writing S3783_contig_7.gbk
writing S3783_contig_8.gbk
writing S3783_contig_8.gbk
writing S3783_contig_9.gbk
writing S3783_contig_10.gbk
writing S3783_contig_13.gbk
writing S3783_contig_14.gbk
The summary file for S3783 was saved to S3783/S3783.tsv.
Success: 'ampcombi parse_tables' completed successfully ! Now run ampcombi complete !

=== Sample 246/301: S3784 ===

 $$$$$$\  $$\      $$\ $$$$$$$\                                    $$\       $$\|
$$  __$$\ $$$\    $$$ |$$  __$$\                                   $$ |      \__|
$ /   $$ |$$$$\  $$$$ |$$ |  $$ | $$$$$$$\  $$$$$$\  $$$$$$\$$$$\  $$$$$$$\  $$\ 
$$$$$$$$ |$$\$$\$$ $$ |$$$$$$$  |$$  _____|$$  __$$\ $$  _$$  _$$\ $$  __$$\ $$ |
$$  __$$ |$$ \$$$  $$ |$$  ____/ $$ /      $$ /  $$ |$$ / $$ / $$ |$$ |  $$ |$$ |
$$ |  $$ |$$ |\$  /$$ |$$ |      $$ |      $$ |  $$ |$$ | $$ | $$ |$$ |  $$ |$$ |
$$ |  $$ |$$ | \_/ $$ |$$ |      \$$$$$$$\ \$$$$$$  |$$ | $$ | $$ |$$$$$$$  |$$ |
\__|  \__|\__|     \__|\__|       \_______| \______/ \__| \__| \__|\_______/ \__|

<--AMP_database> = /work3/josne/github/bacass/assets/databases/amp_DRAMP_database is found and will be used
MMseqs2 directory already exists in /work3/josne/github/bacass/assets/databases/amp_DRAMP_database.

 ########################################################## 
Processing AMP-files from sample: S3784
found macrel file
found ampir file
found amplify file
No InterproScan files were provided. Workflow continuing ....
The fasta containing AMP sequences for S3784 was saved to S3784/ 

The mmseqs alignment for S3784 in progress ....
No AMP hits for S3784 were successfully aligned to the reference database. Consider changing the database.
The mmseqs alignment for S3784 was saved to S3784/.
Estimating functional and structural properties for S3784 ....
Parsing the corresponding gene bank file for S3784 ....
writing S3784_contig_1.gbk
writing S3784_contig_2.gbk
writing S3784_contig_2.gbk
writing S3784_contig_2.gbk
writing S3784_contig_3.gbk
writing S3784_contig_3.gbk
writing S3784_contig_3.gbk
writing S3784_contig_4.gbk
writing S3784_contig_4.gbk
writing S3784_contig_4.gbk
writing S3784_contig_6.gbk
writing S3784_contig_8.gbk
writing S3784_contig_8.gbk
writing S3784_contig_9.gbk
writing S3784_contig_9.gbk
writing S3784_contig_16.gbk
writing S3784_contig_18.gbk
writing S3784_contig_19.gbk
writing S3784_contig_19.gbk
writing S3784_contig_20.gbk
writing S3784_contig_21.gbk
writing S3784_contig_22.gbk
writing S3784_contig_24.gbk
writing S3784_contig_31.gbk
writing S3784_contig_38.gbk
The summary file for S3784 was saved to S3784/S3784.tsv.
Success: 'ampcombi parse_tables' completed successfully ! Now run ampcombi complete !

=== Sample 247/301: S3786 ===

 $$$$$$\  $$\      $$\ $$$$$$$\                                    $$\       $$\|
$$  __$$\ $$$\    $$$ |$$  __$$\                                   $$ |      \__|
$ /   $$ |$$$$\  $$$$ |$$ |  $$ | $$$$$$$\  $$$$$$\  $$$$$$\$$$$\  $$$$$$$\  $$\ 
$$$$$$$$ |$$\$$\$$ $$ |$$$$$$$  |$$  _____|$$  __$$\ $$  _$$  _$$\ $$  __$$\ $$ |
$$  __$$ |$$ \$$$  $$ |$$  ____/ $$ /      $$ /  $$ |$$ / $$ / $$ |$$ |  $$ |$$ |
$$ |  $$ |$$ |\$  /$$ |$$ |      $$ |      $$ |  $$ |$$ | $$ | $$ |$$ |  $$ |$$ |
$$ |  $$ |$$ | \_/ $$ |$$ |      \$$$$$$$\ \$$$$$$  |$$ | $$ | $$ |$$$$$$$  |$$ |
\__|  \__|\__|     \__|\__|       \_______| \______/ \__| \__| \__|\_______/ \__|

<--AMP_database> = /work3/josne/github/bacass/assets/databases/amp_DRAMP_database is found and will be used
MMseqs2 directory already exists in /work3/josne/github/bacass/assets/databases/amp_DRAMP_database.

 ########################################################## 
Processing AMP-files from sample: S3786
found macrel file
found ampir file
found amplify file
No InterproScan files were provided. Workflow continuing ....
The fasta containing AMP sequences for S3786 was saved to S3786/ 

The mmseqs alignment for S3786 in progress ....
No AMP hits for S3786 were successfully aligned to the reference database. Consider changing the database.
The mmseqs alignment for S3786 was saved to S3786/.
Estimating functional and structural properties for S3786 ....
Parsing the corresponding gene bank file for S3786 ....
writing S3786_contig_1.gbk
writing S3786_contig_1.gbk
writing S3786_contig_1.gbk
writing S3786_contig_1.gbk
writing S3786_contig_2.gbk
writing S3786_contig_2.gbk
writing S3786_contig_3.gbk
writing S3786_contig_3.gbk
writing S3786_contig_3.gbk
writing S3786_contig_4.gbk
writing S3786_contig_4.gbk
writing S3786_contig_4.gbk
writing S3786_contig_4.gbk
writing S3786_contig_4.gbk
writing S3786_contig_4.gbk
writing S3786_contig_4.gbk
writing S3786_contig_4.gbk
writing S3786_contig_5.gbk
writing S3786_contig_5.gbk
writing S3786_contig_5.gbk
writing S3786_contig_7.gbk
writing S3786_contig_7.gbk
writing S3786_contig_7.gbk
writing S3786_contig_7.gbk
writing S3786_contig_8.gbk
writing S3786_contig_9.gbk
writing S3786_contig_10.gbk
writing S3786_contig_12.gbk
writing S3786_contig_13.gbk
writing S3786_contig_13.gbk
writing S3786_contig_14.gbk
writing S3786_contig_14.gbk
writing S3786_contig_15.gbk
writing S3786_contig_17.gbk
writing S3786_contig_18.gbk
writing S3786_contig_21.gbk
The summary file for S3786 was saved to S3786/S3786.tsv.
Success: 'ampcombi parse_tables' completed successfully ! Now run ampcombi complete !

=== Sample 248/301: S3789 ===

 $$$$$$\  $$\      $$\ $$$$$$$\                                    $$\       $$\|
$$  __$$\ $$$\    $$$ |$$  __$$\                                   $$ |      \__|
$ /   $$ |$$$$\  $$$$ |$$ |  $$ | $$$$$$$\  $$$$$$\  $$$$$$\$$$$\  $$$$$$$\  $$\ 
$$$$$$$$ |$$\$$\$$ $$ |$$$$$$$  |$$  _____|$$  __$$\ $$  _$$  _$$\ $$  __$$\ $$ |
$$  __$$ |$$ \$$$  $$ |$$  ____/ $$ /      $$ /  $$ |$$ / $$ / $$ |$$ |  $$ |$$ |
$$ |  $$ |$$ |\$  /$$ |$$ |      $$ |      $$ |  $$ |$$ | $$ | $$ |$$ |  $$ |$$ |
$$ |  $$ |$$ | \_/ $$ |$$ |      \$$$$$$$\ \$$$$$$  |$$ | $$ | $$ |$$$$$$$  |$$ |
\__|  \__|\__|     \__|\__|       \_______| \______/ \__| \__| \__|\_______/ \__|

<--AMP_database> = /work3/josne/github/bacass/assets/databases/amp_DRAMP_database is found and will be used
MMseqs2 directory already exists in /work3/josne/github/bacass/assets/databases/amp_DRAMP_database.

 ########################################################## 
Processing AMP-files from sample: S3789
found macrel file
found ampir file
found amplify file
No InterproScan files were provided. Workflow continuing ....
The fasta containing AMP sequences for S3789 was saved to S3789/ 

The mmseqs alignment for S3789 in progress ....
No AMP hits for S3789 were successfully aligned to the reference database. Consider changing the database.
The mmseqs alignment for S3789 was saved to S3789/.
Estimating functional and structural properties for S3789 ....
Parsing the corresponding gene bank file for S3789 ....
writing S3789_contig_1.gbk
writing S3789_contig_2.gbk
writing S3789_contig_2.gbk
writing S3789_contig_2.gbk
writing S3789_contig_2.gbk
writing S3789_contig_2.gbk
writing S3789_contig_3.gbk
writing S3789_contig_3.gbk
writing S3789_contig_3.gbk
writing S3789_contig_3.gbk
writing S3789_contig_4.gbk
writing S3789_contig_6.gbk
writing S3789_contig_6.gbk
writing S3789_contig_7.gbk
writing S3789_contig_8.gbk
writing S3789_contig_8.gbk
writing S3789_contig_8.gbk
writing S3789_contig_8.gbk
writing S3789_contig_9.gbk
writing S3789_contig_9.gbk
writing S3789_contig_10.gbk
writing S3789_contig_11.gbk
writing S3789_contig_12.gbk
writing S3789_contig_13.gbk
writing S3789_contig_13.gbk
writing S3789_contig_17.gbk
writing S3789_contig_24.gbk
writing S3789_contig_31.gbk
The summary file for S3789 was saved to S3789/S3789.tsv.
Success: 'ampcombi parse_tables' completed successfully ! Now run ampcombi complete !

=== Sample 249/301: S3791 ===

 $$$$$$\  $$\      $$\ $$$$$$$\                                    $$\       $$\|
$$  __$$\ $$$\    $$$ |$$  __$$\                                   $$ |      \__|
$ /   $$ |$$$$\  $$$$ |$$ |  $$ | $$$$$$$\  $$$$$$\  $$$$$$\$$$$\  $$$$$$$\  $$\ 
$$$$$$$$ |$$\$$\$$ $$ |$$$$$$$  |$$  _____|$$  __$$\ $$  _$$  _$$\ $$  __$$\ $$ |
$$  __$$ |$$ \$$$  $$ |$$  ____/ $$ /      $$ /  $$ |$$ / $$ / $$ |$$ |  $$ |$$ |
$$ |  $$ |$$ |\$  /$$ |$$ |      $$ |      $$ |  $$ |$$ | $$ | $$ |$$ |  $$ |$$ |
$$ |  $$ |$$ | \_/ $$ |$$ |      \$$$$$$$\ \$$$$$$  |$$ | $$ | $$ |$$$$$$$  |$$ |
\__|  \__|\__|     \__|\__|       \_______| \______/ \__| \__| \__|\_______/ \__|

<--AMP_database> = /work3/josne/github/bacass/assets/databases/amp_DRAMP_database is found and will be used
MMseqs2 directory already exists in /work3/josne/github/bacass/assets/databases/amp_DRAMP_database.

 ########################################################## 
Processing AMP-files from sample: S3791
found macrel file
found ampir file
found amplify file
No InterproScan files were provided. Workflow continuing ....
The fasta containing AMP sequences for S3791 was saved to S3791/ 

The mmseqs alignment for S3791 in progress ....
No AMP hits for S3791 were successfully aligned to the reference database. Consider changing the database.
The mmseqs alignment for S3791 was saved to S3791/.
Estimating functional and structural properties for S3791 ....
Parsing the corresponding gene bank file for S3791 ....
writing S3791_contig_1.gbk
writing S3791_contig_1.gbk
writing S3791_contig_3.gbk
writing S3791_contig_3.gbk
writing S3791_contig_4.gbk
writing S3791_contig_4.gbk
writing S3791_contig_6.gbk
writing S3791_contig_6.gbk
writing S3791_contig_6.gbk
writing S3791_contig_7.gbk
writing S3791_contig_9.gbk
writing S3791_contig_10.gbk
writing S3791_contig_11.gbk
writing S3791_contig_12.gbk
writing S3791_contig_14.gbk
writing S3791_contig_15.gbk
writing S3791_contig_16.gbk
writing S3791_contig_16.gbk
writing S3791_contig_18.gbk
writing S3791_contig_20.gbk
writing S3791_contig_22.gbk
writing S3791_contig_27.gbk
writing S3791_contig_29.gbk
writing S3791_contig_32.gbk
writing S3791_contig_34.gbk
writing S3791_contig_34.gbk
writing S3791_contig_36.gbk
writing S3791_contig_40.gbk
writing S3791_contig_43.gbk
writing S3791_contig_48.gbk
writing S3791_contig_51.gbk
writing S3791_contig_58.gbk
writing S3791_contig_68.gbk
The summary file for S3791 was saved to S3791/S3791.tsv.
Success: 'ampcombi parse_tables' completed successfully ! Now run ampcombi complete !

=== Sample 250/301: S3792 ===

 $$$$$$\  $$\      $$\ $$$$$$$\                                    $$\       $$\|
$$  __$$\ $$$\    $$$ |$$  __$$\                                   $$ |      \__|
$ /   $$ |$$$$\  $$$$ |$$ |  $$ | $$$$$$$\  $$$$$$\  $$$$$$\$$$$\  $$$$$$$\  $$\ 
$$$$$$$$ |$$\$$\$$ $$ |$$$$$$$  |$$  _____|$$  __$$\ $$  _$$  _$$\ $$  __$$\ $$ |
$$  __$$ |$$ \$$$  $$ |$$  ____/ $$ /      $$ /  $$ |$$ / $$ / $$ |$$ |  $$ |$$ |
$$ |  $$ |$$ |\$  /$$ |$$ |      $$ |      $$ |  $$ |$$ | $$ | $$ |$$ |  $$ |$$ |
$$ |  $$ |$$ | \_/ $$ |$$ |      \$$$$$$$\ \$$$$$$  |$$ | $$ | $$ |$$$$$$$  |$$ |
\__|  \__|\__|     \__|\__|       \_______| \______/ \__| \__| \__|\_______/ \__|

<--AMP_database> = /work3/josne/github/bacass/assets/databases/amp_DRAMP_database is found and will be used
MMseqs2 directory already exists in /work3/josne/github/bacass/assets/databases/amp_DRAMP_database.

 ########################################################## 
Processing AMP-files from sample: S3792
found macrel file
found ampir file
found amplify file
No InterproScan files were provided. Workflow continuing ....
The fasta containing AMP sequences for S3792 was saved to S3792/ 

The mmseqs alignment for S3792 in progress ....
No AMP hits for S3792 were successfully aligned to the reference database. Consider changing the database.
The mmseqs alignment for S3792 was saved to S3792/.
Estimating functional and structural properties for S3792 ....
Parsing the corresponding gene bank file for S3792 ....
writing S3792_contig_1.gbk
writing S3792_contig_5.gbk
writing S3792_contig_6.gbk
writing S3792_contig_9.gbk
writing S3792_contig_10.gbk
writing S3792_contig_10.gbk
writing S3792_contig_11.gbk
writing S3792_contig_12.gbk
writing S3792_contig_12.gbk
writing S3792_contig_12.gbk
writing S3792_contig_13.gbk
writing S3792_contig_13.gbk
writing S3792_contig_13.gbk
writing S3792_contig_14.gbk
writing S3792_contig_17.gbk
writing S3792_contig_17.gbk
writing S3792_contig_19.gbk
writing S3792_contig_20.gbk
writing S3792_contig_21.gbk
writing S3792_contig_24.gbk
writing S3792_contig_27.gbk
writing S3792_contig_31.gbk
writing S3792_contig_31.gbk
writing S3792_contig_32.gbk
writing S3792_contig_32.gbk
writing S3792_contig_43.gbk
writing S3792_contig_45.gbk
writing S3792_contig_47.gbk
writing S3792_contig_48.gbk
writing S3792_contig_56.gbk
writing S3792_contig_57.gbk
writing S3792_contig_84.gbk
writing S3792_contig_86.gbk
The summary file for S3792 was saved to S3792/S3792.tsv.
Success: 'ampcombi parse_tables' completed successfully ! Now run ampcombi complete !

=== Sample 251/301: S3793 ===

 $$$$$$\  $$\      $$\ $$$$$$$\                                    $$\       $$\|
$$  __$$\ $$$\    $$$ |$$  __$$\                                   $$ |      \__|
$ /   $$ |$$$$\  $$$$ |$$ |  $$ | $$$$$$$\  $$$$$$\  $$$$$$\$$$$\  $$$$$$$\  $$\ 
$$$$$$$$ |$$\$$\$$ $$ |$$$$$$$  |$$  _____|$$  __$$\ $$  _$$  _$$\ $$  __$$\ $$ |
$$  __$$ |$$ \$$$  $$ |$$  ____/ $$ /      $$ /  $$ |$$ / $$ / $$ |$$ |  $$ |$$ |
$$ |  $$ |$$ |\$  /$$ |$$ |      $$ |      $$ |  $$ |$$ | $$ | $$ |$$ |  $$ |$$ |
$$ |  $$ |$$ | \_/ $$ |$$ |      \$$$$$$$\ \$$$$$$  |$$ | $$ | $$ |$$$$$$$  |$$ |
\__|  \__|\__|     \__|\__|       \_______| \______/ \__| \__| \__|\_______/ \__|

<--AMP_database> = /work3/josne/github/bacass/assets/databases/amp_DRAMP_database is found and will be used
MMseqs2 directory already exists in /work3/josne/github/bacass/assets/databases/amp_DRAMP_database.

 ########################################################## 
Processing AMP-files from sample: S3793
found macrel file
found ampir file
found amplify file
No InterproScan files were provided. Workflow continuing ....
The fasta containing AMP sequences for S3793 was saved to S3793/ 

The mmseqs alignment for S3793 in progress ....
No AMP hits for S3793 were successfully aligned to the reference database. Consider changing the database.
The mmseqs alignment for S3793 was saved to S3793/.
Estimating functional and structural properties for S3793 ....
Parsing the corresponding gene bank file for S3793 ....
writing S3793_contig_1.gbk
writing S3793_contig_1.gbk
writing S3793_contig_1.gbk
writing S3793_contig_2.gbk
writing S3793_contig_2.gbk
writing S3793_contig_2.gbk
writing S3793_contig_2.gbk
writing S3793_contig_4.gbk
writing S3793_contig_5.gbk
writing S3793_contig_6.gbk
writing S3793_contig_6.gbk
writing S3793_contig_8.gbk
writing S3793_contig_8.gbk
writing S3793_contig_10.gbk
writing S3793_contig_14.gbk
writing S3793_contig_16.gbk
writing S3793_contig_19.gbk
writing S3793_contig_22.gbk
writing S3793_contig_23.gbk
writing S3793_contig_24.gbk
writing S3793_contig_25.gbk
writing S3793_contig_27.gbk
writing S3793_contig_30.gbk
writing S3793_contig_33.gbk
The summary file for S3793 was saved to S3793/S3793.tsv.
Success: 'ampcombi parse_tables' completed successfully ! Now run ampcombi complete !

=== Sample 252/301: S3794 ===

 $$$$$$\  $$\      $$\ $$$$$$$\                                    $$\       $$\|
$$  __$$\ $$$\    $$$ |$$  __$$\                                   $$ |      \__|
$ /   $$ |$$$$\  $$$$ |$$ |  $$ | $$$$$$$\  $$$$$$\  $$$$$$\$$$$\  $$$$$$$\  $$\ 
$$$$$$$$ |$$\$$\$$ $$ |$$$$$$$  |$$  _____|$$  __$$\ $$  _$$  _$$\ $$  __$$\ $$ |
$$  __$$ |$$ \$$$  $$ |$$  ____/ $$ /      $$ /  $$ |$$ / $$ / $$ |$$ |  $$ |$$ |
$$ |  $$ |$$ |\$  /$$ |$$ |      $$ |      $$ |  $$ |$$ | $$ | $$ |$$ |  $$ |$$ |
$$ |  $$ |$$ | \_/ $$ |$$ |      \$$$$$$$\ \$$$$$$  |$$ | $$ | $$ |$$$$$$$  |$$ |
\__|  \__|\__|     \__|\__|       \_______| \______/ \__| \__| \__|\_______/ \__|

<--AMP_database> = /work3/josne/github/bacass/assets/databases/amp_DRAMP_database is found and will be used
MMseqs2 directory already exists in /work3/josne/github/bacass/assets/databases/amp_DRAMP_database.

 ########################################################## 
Processing AMP-files from sample: S3794
found macrel file
found ampir file
found amplify file
No InterproScan files were provided. Workflow continuing ....
The fasta containing AMP sequences for S3794 was saved to S3794/ 

The mmseqs alignment for S3794 in progress ....
No AMP hits for S3794 were successfully aligned to the reference database. Consider changing the database.
The mmseqs alignment for S3794 was saved to S3794/.
Estimating functional and structural properties for S3794 ....
Parsing the corresponding gene bank file for S3794 ....
writing S3794_contig_1.gbk
writing S3794_contig_1.gbk
writing S3794_contig_1.gbk
writing S3794_contig_1.gbk
writing S3794_contig_1.gbk
writing S3794_contig_1.gbk
writing S3794_contig_3.gbk
writing S3794_contig_3.gbk
writing S3794_contig_4.gbk
writing S3794_contig_4.gbk
writing S3794_contig_6.gbk
writing S3794_contig_6.gbk
writing S3794_contig_7.gbk
writing S3794_contig_8.gbk
writing S3794_contig_8.gbk
writing S3794_contig_10.gbk
writing S3794_contig_10.gbk
writing S3794_contig_10.gbk
writing S3794_contig_10.gbk
writing S3794_contig_11.gbk
writing S3794_contig_11.gbk
writing S3794_contig_12.gbk
writing S3794_contig_13.gbk
writing S3794_contig_14.gbk
writing S3794_contig_20.gbk
writing S3794_contig_33.gbk
The summary file for S3794 was saved to S3794/S3794.tsv.
Success: 'ampcombi parse_tables' completed successfully ! Now run ampcombi complete !

=== Sample 253/301: S3854 ===

 $$$$$$\  $$\      $$\ $$$$$$$\                                    $$\       $$\|
$$  __$$\ $$$\    $$$ |$$  __$$\                                   $$ |      \__|
$ /   $$ |$$$$\  $$$$ |$$ |  $$ | $$$$$$$\  $$$$$$\  $$$$$$\$$$$\  $$$$$$$\  $$\ 
$$$$$$$$ |$$\$$\$$ $$ |$$$$$$$  |$$  _____|$$  __$$\ $$  _$$  _$$\ $$  __$$\ $$ |
$$  __$$ |$$ \$$$  $$ |$$  ____/ $$ /      $$ /  $$ |$$ / $$ / $$ |$$ |  $$ |$$ |
$$ |  $$ |$$ |\$  /$$ |$$ |      $$ |      $$ |  $$ |$$ | $$ | $$ |$$ |  $$ |$$ |
$$ |  $$ |$$ | \_/ $$ |$$ |      \$$$$$$$\ \$$$$$$  |$$ | $$ | $$ |$$$$$$$  |$$ |
\__|  \__|\__|     \__|\__|       \_______| \______/ \__| \__| \__|\_______/ \__|

<--AMP_database> = /work3/josne/github/bacass/assets/databases/amp_DRAMP_database is found and will be used
MMseqs2 directory already exists in /work3/josne/github/bacass/assets/databases/amp_DRAMP_database.

 ########################################################## 
Processing AMP-files from sample: S3854
found macrel file
found ampir file
found amplify file
No InterproScan files were provided. Workflow continuing ....
The fasta containing AMP sequences for S3854 was saved to S3854/ 

The mmseqs alignment for S3854 in progress ....
No AMP hits for S3854 were successfully aligned to the reference database. Consider changing the database.
The mmseqs alignment for S3854 was saved to S3854/.
Estimating functional and structural properties for S3854 ....
Parsing the corresponding gene bank file for S3854 ....
writing S3854_contig_1.gbk
writing S3854_contig_1.gbk
writing S3854_contig_1.gbk
writing S3854_contig_1.gbk
writing S3854_contig_1.gbk
writing S3854_contig_1.gbk
writing S3854_contig_1.gbk
writing S3854_contig_2.gbk
writing S3854_contig_2.gbk
writing S3854_contig_2.gbk
writing S3854_contig_2.gbk
writing S3854_contig_2.gbk
writing S3854_contig_3.gbk
writing S3854_contig_4.gbk
writing S3854_contig_4.gbk
writing S3854_contig_4.gbk
writing S3854_contig_4.gbk
writing S3854_contig_5.gbk
writing S3854_contig_6.gbk
writing S3854_contig_6.gbk
writing S3854_contig_7.gbk
writing S3854_contig_8.gbk
writing S3854_contig_14.gbk
writing S3854_contig_16.gbk
The summary file for S3854 was saved to S3854/S3854.tsv.
Success: 'ampcombi parse_tables' completed successfully ! Now run ampcombi complete !

=== Sample 254/301: S3855 ===

 $$$$$$\  $$\      $$\ $$$$$$$\                                    $$\       $$\|
$$  __$$\ $$$\    $$$ |$$  __$$\                                   $$ |      \__|
$ /   $$ |$$$$\  $$$$ |$$ |  $$ | $$$$$$$\  $$$$$$\  $$$$$$\$$$$\  $$$$$$$\  $$\ 
$$$$$$$$ |$$\$$\$$ $$ |$$$$$$$  |$$  _____|$$  __$$\ $$  _$$  _$$\ $$  __$$\ $$ |
$$  __$$ |$$ \$$$  $$ |$$  ____/ $$ /      $$ /  $$ |$$ / $$ / $$ |$$ |  $$ |$$ |
$$ |  $$ |$$ |\$  /$$ |$$ |      $$ |      $$ |  $$ |$$ | $$ | $$ |$$ |  $$ |$$ |
$$ |  $$ |$$ | \_/ $$ |$$ |      \$$$$$$$\ \$$$$$$  |$$ | $$ | $$ |$$$$$$$  |$$ |
\__|  \__|\__|     \__|\__|       \_______| \______/ \__| \__| \__|\_______/ \__|

<--AMP_database> = /work3/josne/github/bacass/assets/databases/amp_DRAMP_database is found and will be used
MMseqs2 directory already exists in /work3/josne/github/bacass/assets/databases/amp_DRAMP_database.

 ########################################################## 
Processing AMP-files from sample: S3855
found macrel file
found ampir file
found amplify file
No InterproScan files were provided. Workflow continuing ....
The fasta containing AMP sequences for S3855 was saved to S3855/ 

The mmseqs alignment for S3855 in progress ....
No AMP hits for S3855 were successfully aligned to the reference database. Consider changing the database.
The mmseqs alignment for S3855 was saved to S3855/.
Estimating functional and structural properties for S3855 ....
Parsing the corresponding gene bank file for S3855 ....
writing S3855_contig_1.gbk
writing S3855_contig_1.gbk
writing S3855_contig_1.gbk
writing S3855_contig_2.gbk
writing S3855_contig_2.gbk
writing S3855_contig_2.gbk
writing S3855_contig_2.gbk
writing S3855_contig_2.gbk
writing S3855_contig_3.gbk
writing S3855_contig_3.gbk
writing S3855_contig_3.gbk
writing S3855_contig_3.gbk
writing S3855_contig_3.gbk
writing S3855_contig_3.gbk
writing S3855_contig_3.gbk
writing S3855_contig_3.gbk
writing S3855_contig_3.gbk
writing S3855_contig_3.gbk
writing S3855_contig_3.gbk
writing S3855_contig_5.gbk
writing S3855_contig_5.gbk
writing S3855_contig_5.gbk
writing S3855_contig_5.gbk
writing S3855_contig_5.gbk
writing S3855_contig_5.gbk
writing S3855_contig_6.gbk
writing S3855_contig_6.gbk
writing S3855_contig_8.gbk
writing S3855_contig_11.gbk
writing S3855_contig_11.gbk
writing S3855_contig_13.gbk
writing S3855_contig_17.gbk
The summary file for S3855 was saved to S3855/S3855.tsv.
Success: 'ampcombi parse_tables' completed successfully ! Now run ampcombi complete !

=== Sample 255/301: S3856 ===

 $$$$$$\  $$\      $$\ $$$$$$$\                                    $$\       $$\|
$$  __$$\ $$$\    $$$ |$$  __$$\                                   $$ |      \__|
$ /   $$ |$$$$\  $$$$ |$$ |  $$ | $$$$$$$\  $$$$$$\  $$$$$$\$$$$\  $$$$$$$\  $$\ 
$$$$$$$$ |$$\$$\$$ $$ |$$$$$$$  |$$  _____|$$  __$$\ $$  _$$  _$$\ $$  __$$\ $$ |
$$  __$$ |$$ \$$$  $$ |$$  ____/ $$ /      $$ /  $$ |$$ / $$ / $$ |$$ |  $$ |$$ |
$$ |  $$ |$$ |\$  /$$ |$$ |      $$ |      $$ |  $$ |$$ | $$ | $$ |$$ |  $$ |$$ |
$$ |  $$ |$$ | \_/ $$ |$$ |      \$$$$$$$\ \$$$$$$  |$$ | $$ | $$ |$$$$$$$  |$$ |
\__|  \__|\__|     \__|\__|       \_______| \______/ \__| \__| \__|\_______/ \__|

<--AMP_database> = /work3/josne/github/bacass/assets/databases/amp_DRAMP_database is found and will be used
MMseqs2 directory already exists in /work3/josne/github/bacass/assets/databases/amp_DRAMP_database.

 ########################################################## 
Processing AMP-files from sample: S3856
found macrel file
found ampir file
found amplify file
No InterproScan files were provided. Workflow continuing ....
The fasta containing AMP sequences for S3856 was saved to S3856/ 

The mmseqs alignment for S3856 in progress ....
No AMP hits for S3856 were successfully aligned to the reference database. Consider changing the database.
The mmseqs alignment for S3856 was saved to S3856/.
Estimating functional and structural properties for S3856 ....
Parsing the corresponding gene bank file for S3856 ....
writing S3856_contig_1.gbk
writing S3856_contig_1.gbk
writing S3856_contig_1.gbk
writing S3856_contig_2.gbk
writing S3856_contig_2.gbk
writing S3856_contig_2.gbk
writing S3856_contig_2.gbk
writing S3856_contig_3.gbk
writing S3856_contig_3.gbk
writing S3856_contig_3.gbk
writing S3856_contig_4.gbk
writing S3856_contig_4.gbk
writing S3856_contig_4.gbk
writing S3856_contig_6.gbk
writing S3856_contig_7.gbk
writing S3856_contig_7.gbk
writing S3856_contig_7.gbk
writing S3856_contig_8.gbk
writing S3856_contig_8.gbk
writing S3856_contig_8.gbk
writing S3856_contig_8.gbk
writing S3856_contig_11.gbk
writing S3856_contig_12.gbk
writing S3856_contig_12.gbk
writing S3856_contig_12.gbk
writing S3856_contig_12.gbk
writing S3856_contig_12.gbk
writing S3856_contig_12.gbk
writing S3856_contig_13.gbk
writing S3856_contig_13.gbk
writing S3856_contig_14.gbk
writing S3856_contig_14.gbk
writing S3856_contig_14.gbk
writing S3856_contig_18.gbk
writing S3856_contig_22.gbk
writing S3856_contig_22.gbk
writing S3856_contig_22.gbk
writing S3856_contig_22.gbk
writing S3856_contig_25.gbk
writing S3856_contig_28.gbk
writing S3856_contig_30.gbk
writing S3856_contig_35.gbk
The summary file for S3856 was saved to S3856/S3856.tsv.
Success: 'ampcombi parse_tables' completed successfully ! Now run ampcombi complete !

=== Sample 256/301: S3857 ===

 $$$$$$\  $$\      $$\ $$$$$$$\                                    $$\       $$\|
$$  __$$\ $$$\    $$$ |$$  __$$\                                   $$ |      \__|
$ /   $$ |$$$$\  $$$$ |$$ |  $$ | $$$$$$$\  $$$$$$\  $$$$$$\$$$$\  $$$$$$$\  $$\ 
$$$$$$$$ |$$\$$\$$ $$ |$$$$$$$  |$$  _____|$$  __$$\ $$  _$$  _$$\ $$  __$$\ $$ |
$$  __$$ |$$ \$$$  $$ |$$  ____/ $$ /      $$ /  $$ |$$ / $$ / $$ |$$ |  $$ |$$ |
$$ |  $$ |$$ |\$  /$$ |$$ |      $$ |      $$ |  $$ |$$ | $$ | $$ |$$ |  $$ |$$ |
$$ |  $$ |$$ | \_/ $$ |$$ |      \$$$$$$$\ \$$$$$$  |$$ | $$ | $$ |$$$$$$$  |$$ |
\__|  \__|\__|     \__|\__|       \_______| \______/ \__| \__| \__|\_______/ \__|

<--AMP_database> = /work3/josne/github/bacass/assets/databases/amp_DRAMP_database is found and will be used
MMseqs2 directory already exists in /work3/josne/github/bacass/assets/databases/amp_DRAMP_database.

 ########################################################## 
Processing AMP-files from sample: S3857
found macrel file
found ampir file
found amplify file
No InterproScan files were provided. Workflow continuing ....
The fasta containing AMP sequences for S3857 was saved to S3857/ 

The mmseqs alignment for S3857 in progress ....
No AMP hits for S3857 were successfully aligned to the reference database. Consider changing the database.
The mmseqs alignment for S3857 was saved to S3857/.
Estimating functional and structural properties for S3857 ....
Parsing the corresponding gene bank file for S3857 ....
writing S3857_contig_1.gbk
writing S3857_contig_2.gbk
writing S3857_contig_2.gbk
writing S3857_contig_2.gbk
writing S3857_contig_3.gbk
writing S3857_contig_4.gbk
writing S3857_contig_4.gbk
writing S3857_contig_5.gbk
writing S3857_contig_5.gbk
writing S3857_contig_6.gbk
writing S3857_contig_6.gbk
writing S3857_contig_6.gbk
writing S3857_contig_7.gbk
writing S3857_contig_8.gbk
writing S3857_contig_10.gbk
writing S3857_contig_11.gbk
writing S3857_contig_11.gbk
writing S3857_contig_11.gbk
writing S3857_contig_12.gbk
writing S3857_contig_12.gbk
writing S3857_contig_15.gbk
writing S3857_contig_15.gbk
writing S3857_contig_21.gbk
writing S3857_contig_24.gbk
writing S3857_contig_28.gbk
writing S3857_contig_38.gbk
writing S3857_contig_43.gbk
writing S3857_contig_44.gbk
writing S3857_contig_49.gbk
writing S3857_contig_57.gbk
writing S3857_contig_62.gbk
writing S3857_contig_65.gbk
writing S3857_contig_67.gbk
writing S3857_contig_76.gbk
writing S3857_contig_82.gbk
writing S3857_contig_119.gbk
The summary file for S3857 was saved to S3857/S3857.tsv.
Success: 'ampcombi parse_tables' completed successfully ! Now run ampcombi complete !

=== Sample 257/301: S3858 ===

 $$$$$$\  $$\      $$\ $$$$$$$\                                    $$\       $$\|
$$  __$$\ $$$\    $$$ |$$  __$$\                                   $$ |      \__|
$ /   $$ |$$$$\  $$$$ |$$ |  $$ | $$$$$$$\  $$$$$$\  $$$$$$\$$$$\  $$$$$$$\  $$\ 
$$$$$$$$ |$$\$$\$$ $$ |$$$$$$$  |$$  _____|$$  __$$\ $$  _$$  _$$\ $$  __$$\ $$ |
$$  __$$ |$$ \$$$  $$ |$$  ____/ $$ /      $$ /  $$ |$$ / $$ / $$ |$$ |  $$ |$$ |
$$ |  $$ |$$ |\$  /$$ |$$ |      $$ |      $$ |  $$ |$$ | $$ | $$ |$$ |  $$ |$$ |
$$ |  $$ |$$ | \_/ $$ |$$ |      \$$$$$$$\ \$$$$$$  |$$ | $$ | $$ |$$$$$$$  |$$ |
\__|  \__|\__|     \__|\__|       \_______| \______/ \__| \__| \__|\_______/ \__|

<--AMP_database> = /work3/josne/github/bacass/assets/databases/amp_DRAMP_database is found and will be used
MMseqs2 directory already exists in /work3/josne/github/bacass/assets/databases/amp_DRAMP_database.

 ########################################################## 
Processing AMP-files from sample: S3858
found macrel file
found ampir file
found amplify file
No InterproScan files were provided. Workflow continuing ....
The fasta containing AMP sequences for S3858 was saved to S3858/ 

The mmseqs alignment for S3858 in progress ....
No AMP hits for S3858 were successfully aligned to the reference database. Consider changing the database.
The mmseqs alignment for S3858 was saved to S3858/.
Estimating functional and structural properties for S3858 ....
Parsing the corresponding gene bank file for S3858 ....
writing S3858_contig_1.gbk
writing S3858_contig_2.gbk
writing S3858_contig_2.gbk
writing S3858_contig_3.gbk
writing S3858_contig_3.gbk
writing S3858_contig_3.gbk
writing S3858_contig_3.gbk
writing S3858_contig_5.gbk
writing S3858_contig_6.gbk
writing S3858_contig_6.gbk
writing S3858_contig_6.gbk
writing S3858_contig_8.gbk
writing S3858_contig_9.gbk
writing S3858_contig_10.gbk
writing S3858_contig_11.gbk
writing S3858_contig_14.gbk
writing S3858_contig_14.gbk
writing S3858_contig_14.gbk
writing S3858_contig_15.gbk
writing S3858_contig_17.gbk
writing S3858_contig_22.gbk
writing S3858_contig_23.gbk
writing S3858_contig_25.gbk
writing S3858_contig_38.gbk
writing S3858_contig_40.gbk
writing S3858_contig_43.gbk
writing S3858_contig_44.gbk
The summary file for S3858 was saved to S3858/S3858.tsv.
Success: 'ampcombi parse_tables' completed successfully ! Now run ampcombi complete !

=== Sample 258/301: S3859 ===

 $$$$$$\  $$\      $$\ $$$$$$$\                                    $$\       $$\|
$$  __$$\ $$$\    $$$ |$$  __$$\                                   $$ |      \__|
$ /   $$ |$$$$\  $$$$ |$$ |  $$ | $$$$$$$\  $$$$$$\  $$$$$$\$$$$\  $$$$$$$\  $$\ 
$$$$$$$$ |$$\$$\$$ $$ |$$$$$$$  |$$  _____|$$  __$$\ $$  _$$  _$$\ $$  __$$\ $$ |
$$  __$$ |$$ \$$$  $$ |$$  ____/ $$ /      $$ /  $$ |$$ / $$ / $$ |$$ |  $$ |$$ |
$$ |  $$ |$$ |\$  /$$ |$$ |      $$ |      $$ |  $$ |$$ | $$ | $$ |$$ |  $$ |$$ |
$$ |  $$ |$$ | \_/ $$ |$$ |      \$$$$$$$\ \$$$$$$  |$$ | $$ | $$ |$$$$$$$  |$$ |
\__|  \__|\__|     \__|\__|       \_______| \______/ \__| \__| \__|\_______/ \__|

<--AMP_database> = /work3/josne/github/bacass/assets/databases/amp_DRAMP_database is found and will be used
MMseqs2 directory already exists in /work3/josne/github/bacass/assets/databases/amp_DRAMP_database.

 ########################################################## 
Processing AMP-files from sample: S3859
found macrel file
found ampir file
found amplify file
No InterproScan files were provided. Workflow continuing ....
The fasta containing AMP sequences for S3859 was saved to S3859/ 

The mmseqs alignment for S3859 in progress ....
No AMP hits for S3859 were successfully aligned to the reference database. Consider changing the database.
The mmseqs alignment for S3859 was saved to S3859/.
Estimating functional and structural properties for S3859 ....
Parsing the corresponding gene bank file for S3859 ....
writing S3859_contig_1.gbk
writing S3859_contig_1.gbk
writing S3859_contig_1.gbk
writing S3859_contig_2.gbk
writing S3859_contig_2.gbk
writing S3859_contig_2.gbk
writing S3859_contig_3.gbk
writing S3859_contig_4.gbk
writing S3859_contig_5.gbk
writing S3859_contig_6.gbk
writing S3859_contig_6.gbk
writing S3859_contig_7.gbk
writing S3859_contig_7.gbk
writing S3859_contig_7.gbk
writing S3859_contig_10.gbk
writing S3859_contig_10.gbk
writing S3859_contig_11.gbk
writing S3859_contig_14.gbk
writing S3859_contig_14.gbk
writing S3859_contig_18.gbk
writing S3859_contig_20.gbk
writing S3859_contig_20.gbk
writing S3859_contig_20.gbk
writing S3859_contig_23.gbk
writing S3859_contig_27.gbk
The summary file for S3859 was saved to S3859/S3859.tsv.
Success: 'ampcombi parse_tables' completed successfully ! Now run ampcombi complete !

=== Sample 259/301: S3860 ===

 $$$$$$\  $$\      $$\ $$$$$$$\                                    $$\       $$\|
$$  __$$\ $$$\    $$$ |$$  __$$\                                   $$ |      \__|
$ /   $$ |$$$$\  $$$$ |$$ |  $$ | $$$$$$$\  $$$$$$\  $$$$$$\$$$$\  $$$$$$$\  $$\ 
$$$$$$$$ |$$\$$\$$ $$ |$$$$$$$  |$$  _____|$$  __$$\ $$  _$$  _$$\ $$  __$$\ $$ |
$$  __$$ |$$ \$$$  $$ |$$  ____/ $$ /      $$ /  $$ |$$ / $$ / $$ |$$ |  $$ |$$ |
$$ |  $$ |$$ |\$  /$$ |$$ |      $$ |      $$ |  $$ |$$ | $$ | $$ |$$ |  $$ |$$ |
$$ |  $$ |$$ | \_/ $$ |$$ |      \$$$$$$$\ \$$$$$$  |$$ | $$ | $$ |$$$$$$$  |$$ |
\__|  \__|\__|     \__|\__|       \_______| \______/ \__| \__| \__|\_______/ \__|

<--AMP_database> = /work3/josne/github/bacass/assets/databases/amp_DRAMP_database is found and will be used
MMseqs2 directory already exists in /work3/josne/github/bacass/assets/databases/amp_DRAMP_database.

 ########################################################## 
Processing AMP-files from sample: S3860
found macrel file
found ampir file
found amplify file
No InterproScan files were provided. Workflow continuing ....
The fasta containing AMP sequences for S3860 was saved to S3860/ 

The mmseqs alignment for S3860 in progress ....
No AMP hits for S3860 were successfully aligned to the reference database. Consider changing the database.
The mmseqs alignment for S3860 was saved to S3860/.
Estimating functional and structural properties for S3860 ....
Parsing the corresponding gene bank file for S3860 ....
writing S3860_contig_1.gbk
writing S3860_contig_1.gbk
writing S3860_contig_1.gbk
writing S3860_contig_1.gbk
writing S3860_contig_1.gbk
writing S3860_contig_2.gbk
writing S3860_contig_2.gbk
writing S3860_contig_3.gbk
writing S3860_contig_4.gbk
writing S3860_contig_4.gbk
writing S3860_contig_4.gbk
writing S3860_contig_4.gbk
writing S3860_contig_5.gbk
writing S3860_contig_5.gbk
writing S3860_contig_7.gbk
writing S3860_contig_7.gbk
writing S3860_contig_9.gbk
writing S3860_contig_10.gbk
writing S3860_contig_16.gbk
writing S3860_contig_17.gbk
writing S3860_contig_20.gbk
The summary file for S3860 was saved to S3860/S3860.tsv.
Success: 'ampcombi parse_tables' completed successfully ! Now run ampcombi complete !

=== Sample 260/301: S3861 ===

 $$$$$$\  $$\      $$\ $$$$$$$\                                    $$\       $$\|
$$  __$$\ $$$\    $$$ |$$  __$$\                                   $$ |      \__|
$ /   $$ |$$$$\  $$$$ |$$ |  $$ | $$$$$$$\  $$$$$$\  $$$$$$\$$$$\  $$$$$$$\  $$\ 
$$$$$$$$ |$$\$$\$$ $$ |$$$$$$$  |$$  _____|$$  __$$\ $$  _$$  _$$\ $$  __$$\ $$ |
$$  __$$ |$$ \$$$  $$ |$$  ____/ $$ /      $$ /  $$ |$$ / $$ / $$ |$$ |  $$ |$$ |
$$ |  $$ |$$ |\$  /$$ |$$ |      $$ |      $$ |  $$ |$$ | $$ | $$ |$$ |  $$ |$$ |
$$ |  $$ |$$ | \_/ $$ |$$ |      \$$$$$$$\ \$$$$$$  |$$ | $$ | $$ |$$$$$$$  |$$ |
\__|  \__|\__|     \__|\__|       \_______| \______/ \__| \__| \__|\_______/ \__|

<--AMP_database> = /work3/josne/github/bacass/assets/databases/amp_DRAMP_database is found and will be used
MMseqs2 directory already exists in /work3/josne/github/bacass/assets/databases/amp_DRAMP_database.

 ########################################################## 
Processing AMP-files from sample: S3861
found macrel file
found ampir file
found amplify file
No InterproScan files were provided. Workflow continuing ....
The fasta containing AMP sequences for S3861 was saved to S3861/ 

The mmseqs alignment for S3861 in progress ....
No AMP hits for S3861 were successfully aligned to the reference database. Consider changing the database.
The mmseqs alignment for S3861 was saved to S3861/.
Estimating functional and structural properties for S3861 ....
Parsing the corresponding gene bank file for S3861 ....
writing S3861_contig_1.gbk
writing S3861_contig_2.gbk
writing S3861_contig_2.gbk
writing S3861_contig_3.gbk
writing S3861_contig_3.gbk
writing S3861_contig_3.gbk
writing S3861_contig_3.gbk
writing S3861_contig_4.gbk
writing S3861_contig_4.gbk
writing S3861_contig_4.gbk
writing S3861_contig_4.gbk
writing S3861_contig_6.gbk
writing S3861_contig_6.gbk
writing S3861_contig_6.gbk
writing S3861_contig_8.gbk
writing S3861_contig_8.gbk
writing S3861_contig_9.gbk
writing S3861_contig_10.gbk
writing S3861_contig_11.gbk
writing S3861_contig_12.gbk
writing S3861_contig_14.gbk
writing S3861_contig_15.gbk
writing S3861_contig_16.gbk
writing S3861_contig_17.gbk
writing S3861_contig_17.gbk
writing S3861_contig_18.gbk
writing S3861_contig_18.gbk
writing S3861_contig_18.gbk
writing S3861_contig_21.gbk
writing S3861_contig_29.gbk
writing S3861_contig_39.gbk
The summary file for S3861 was saved to S3861/S3861.tsv.
Success: 'ampcombi parse_tables' completed successfully ! Now run ampcombi complete !

=== Sample 261/301: S3862 ===

 $$$$$$\  $$\      $$\ $$$$$$$\                                    $$\       $$\|
$$  __$$\ $$$\    $$$ |$$  __$$\                                   $$ |      \__|
$ /   $$ |$$$$\  $$$$ |$$ |  $$ | $$$$$$$\  $$$$$$\  $$$$$$\$$$$\  $$$$$$$\  $$\ 
$$$$$$$$ |$$\$$\$$ $$ |$$$$$$$  |$$  _____|$$  __$$\ $$  _$$  _$$\ $$  __$$\ $$ |
$$  __$$ |$$ \$$$  $$ |$$  ____/ $$ /      $$ /  $$ |$$ / $$ / $$ |$$ |  $$ |$$ |
$$ |  $$ |$$ |\$  /$$ |$$ |      $$ |      $$ |  $$ |$$ | $$ | $$ |$$ |  $$ |$$ |
$$ |  $$ |$$ | \_/ $$ |$$ |      \$$$$$$$\ \$$$$$$  |$$ | $$ | $$ |$$$$$$$  |$$ |
\__|  \__|\__|     \__|\__|       \_______| \______/ \__| \__| \__|\_______/ \__|

<--AMP_database> = /work3/josne/github/bacass/assets/databases/amp_DRAMP_database is found and will be used
MMseqs2 directory already exists in /work3/josne/github/bacass/assets/databases/amp_DRAMP_database.

 ########################################################## 
Processing AMP-files from sample: S3862
found macrel file
found ampir file
found amplify file
No InterproScan files were provided. Workflow continuing ....
The fasta containing AMP sequences for S3862 was saved to S3862/ 

The mmseqs alignment for S3862 in progress ....
No AMP hits for S3862 were successfully aligned to the reference database. Consider changing the database.
The mmseqs alignment for S3862 was saved to S3862/.
Estimating functional and structural properties for S3862 ....
Parsing the corresponding gene bank file for S3862 ....
writing S3862_contig_1.gbk
writing S3862_contig_1.gbk
writing S3862_contig_2.gbk
writing S3862_contig_2.gbk
writing S3862_contig_3.gbk
writing S3862_contig_3.gbk
writing S3862_contig_3.gbk
writing S3862_contig_3.gbk
writing S3862_contig_4.gbk
writing S3862_contig_4.gbk
writing S3862_contig_5.gbk
writing S3862_contig_7.gbk
writing S3862_contig_7.gbk
writing S3862_contig_7.gbk
writing S3862_contig_9.gbk
writing S3862_contig_10.gbk
writing S3862_contig_11.gbk
writing S3862_contig_12.gbk
writing S3862_contig_14.gbk
writing S3862_contig_16.gbk
writing S3862_contig_17.gbk
writing S3862_contig_17.gbk
writing S3862_contig_17.gbk
writing S3862_contig_19.gbk
writing S3862_contig_20.gbk
writing S3862_contig_22.gbk
writing S3862_contig_31.gbk
writing S3862_contig_38.gbk
writing S3862_contig_42.gbk
writing S3862_contig_43.gbk
writing S3862_contig_50.gbk
The summary file for S3862 was saved to S3862/S3862.tsv.
Success: 'ampcombi parse_tables' completed successfully ! Now run ampcombi complete !

=== Sample 262/301: S3863 ===

 $$$$$$\  $$\      $$\ $$$$$$$\                                    $$\       $$\|
$$  __$$\ $$$\    $$$ |$$  __$$\                                   $$ |      \__|
$ /   $$ |$$$$\  $$$$ |$$ |  $$ | $$$$$$$\  $$$$$$\  $$$$$$\$$$$\  $$$$$$$\  $$\ 
$$$$$$$$ |$$\$$\$$ $$ |$$$$$$$  |$$  _____|$$  __$$\ $$  _$$  _$$\ $$  __$$\ $$ |
$$  __$$ |$$ \$$$  $$ |$$  ____/ $$ /      $$ /  $$ |$$ / $$ / $$ |$$ |  $$ |$$ |
$$ |  $$ |$$ |\$  /$$ |$$ |      $$ |      $$ |  $$ |$$ | $$ | $$ |$$ |  $$ |$$ |
$$ |  $$ |$$ | \_/ $$ |$$ |      \$$$$$$$\ \$$$$$$  |$$ | $$ | $$ |$$$$$$$  |$$ |
\__|  \__|\__|     \__|\__|       \_______| \______/ \__| \__| \__|\_______/ \__|

<--AMP_database> = /work3/josne/github/bacass/assets/databases/amp_DRAMP_database is found and will be used
MMseqs2 directory already exists in /work3/josne/github/bacass/assets/databases/amp_DRAMP_database.

 ########################################################## 
Processing AMP-files from sample: S3863
found macrel file
found ampir file
found amplify file
No InterproScan files were provided. Workflow continuing ....
The fasta containing AMP sequences for S3863 was saved to S3863/ 

The mmseqs alignment for S3863 in progress ....
No AMP hits for S3863 were successfully aligned to the reference database. Consider changing the database.
The mmseqs alignment for S3863 was saved to S3863/.
Estimating functional and structural properties for S3863 ....
Parsing the corresponding gene bank file for S3863 ....
writing S3863_contig_1.gbk
writing S3863_contig_1.gbk
writing S3863_contig_1.gbk
writing S3863_contig_1.gbk
writing S3863_contig_1.gbk
writing S3863_contig_2.gbk
writing S3863_contig_2.gbk
writing S3863_contig_3.gbk
writing S3863_contig_3.gbk
writing S3863_contig_3.gbk
writing S3863_contig_3.gbk
writing S3863_contig_6.gbk
writing S3863_contig_6.gbk
writing S3863_contig_7.gbk
writing S3863_contig_7.gbk
writing S3863_contig_7.gbk
writing S3863_contig_7.gbk
writing S3863_contig_9.gbk
writing S3863_contig_9.gbk
writing S3863_contig_10.gbk
writing S3863_contig_11.gbk
writing S3863_contig_12.gbk
writing S3863_contig_16.gbk
writing S3863_contig_18.gbk
writing S3863_contig_18.gbk
writing S3863_contig_20.gbk
writing S3863_contig_27.gbk
writing S3863_contig_33.gbk
The summary file for S3863 was saved to S3863/S3863.tsv.
Success: 'ampcombi parse_tables' completed successfully ! Now run ampcombi complete !

=== Sample 263/301: S3864 ===

 $$$$$$\  $$\      $$\ $$$$$$$\                                    $$\       $$\|
$$  __$$\ $$$\    $$$ |$$  __$$\                                   $$ |      \__|
$ /   $$ |$$$$\  $$$$ |$$ |  $$ | $$$$$$$\  $$$$$$\  $$$$$$\$$$$\  $$$$$$$\  $$\ 
$$$$$$$$ |$$\$$\$$ $$ |$$$$$$$  |$$  _____|$$  __$$\ $$  _$$  _$$\ $$  __$$\ $$ |
$$  __$$ |$$ \$$$  $$ |$$  ____/ $$ /      $$ /  $$ |$$ / $$ / $$ |$$ |  $$ |$$ |
$$ |  $$ |$$ |\$  /$$ |$$ |      $$ |      $$ |  $$ |$$ | $$ | $$ |$$ |  $$ |$$ |
$$ |  $$ |$$ | \_/ $$ |$$ |      \$$$$$$$\ \$$$$$$  |$$ | $$ | $$ |$$$$$$$  |$$ |
\__|  \__|\__|     \__|\__|       \_______| \______/ \__| \__| \__|\_______/ \__|

<--AMP_database> = /work3/josne/github/bacass/assets/databases/amp_DRAMP_database is found and will be used
MMseqs2 directory already exists in /work3/josne/github/bacass/assets/databases/amp_DRAMP_database.

 ########################################################## 
Processing AMP-files from sample: S3864
found macrel file
found ampir file
found amplify file
No InterproScan files were provided. Workflow continuing ....
The fasta containing AMP sequences for S3864 was saved to S3864/ 

The mmseqs alignment for S3864 in progress ....
No AMP hits for S3864 were successfully aligned to the reference database. Consider changing the database.
The mmseqs alignment for S3864 was saved to S3864/.
Estimating functional and structural properties for S3864 ....
Parsing the corresponding gene bank file for S3864 ....
writing S3864_contig_1.gbk
writing S3864_contig_1.gbk
writing S3864_contig_2.gbk
writing S3864_contig_2.gbk
writing S3864_contig_2.gbk
writing S3864_contig_2.gbk
writing S3864_contig_2.gbk
writing S3864_contig_3.gbk
writing S3864_contig_3.gbk
writing S3864_contig_4.gbk
writing S3864_contig_4.gbk
writing S3864_contig_4.gbk
writing S3864_contig_4.gbk
writing S3864_contig_6.gbk
writing S3864_contig_6.gbk
writing S3864_contig_6.gbk
writing S3864_contig_8.gbk
writing S3864_contig_8.gbk
writing S3864_contig_9.gbk
writing S3864_contig_10.gbk
writing S3864_contig_11.gbk
writing S3864_contig_12.gbk
writing S3864_contig_13.gbk
writing S3864_contig_16.gbk
writing S3864_contig_16.gbk
writing S3864_contig_20.gbk
writing S3864_contig_21.gbk
writing S3864_contig_21.gbk
writing S3864_contig_23.gbk
writing S3864_contig_29.gbk
writing S3864_contig_36.gbk
writing S3864_contig_39.gbk
writing S3864_contig_58.gbk
The summary file for S3864 was saved to S3864/S3864.tsv.
Success: 'ampcombi parse_tables' completed successfully ! Now run ampcombi complete !

=== Sample 264/301: S3897 ===

 $$$$$$\  $$\      $$\ $$$$$$$\                                    $$\       $$\|
$$  __$$\ $$$\    $$$ |$$  __$$\                                   $$ |      \__|
$ /   $$ |$$$$\  $$$$ |$$ |  $$ | $$$$$$$\  $$$$$$\  $$$$$$\$$$$\  $$$$$$$\  $$\ 
$$$$$$$$ |$$\$$\$$ $$ |$$$$$$$  |$$  _____|$$  __$$\ $$  _$$  _$$\ $$  __$$\ $$ |
$$  __$$ |$$ \$$$  $$ |$$  ____/ $$ /      $$ /  $$ |$$ / $$ / $$ |$$ |  $$ |$$ |
$$ |  $$ |$$ |\$  /$$ |$$ |      $$ |      $$ |  $$ |$$ | $$ | $$ |$$ |  $$ |$$ |
$$ |  $$ |$$ | \_/ $$ |$$ |      \$$$$$$$\ \$$$$$$  |$$ | $$ | $$ |$$$$$$$  |$$ |
\__|  \__|\__|     \__|\__|       \_______| \______/ \__| \__| \__|\_______/ \__|

<--AMP_database> = /work3/josne/github/bacass/assets/databases/amp_DRAMP_database is found and will be used
MMseqs2 directory already exists in /work3/josne/github/bacass/assets/databases/amp_DRAMP_database.

 ########################################################## 
Processing AMP-files from sample: S3897
found macrel file
found ampir file
found amplify file
No InterproScan files were provided. Workflow continuing ....
The fasta containing AMP sequences for S3897 was saved to S3897/ 

The mmseqs alignment for S3897 in progress ....
No AMP hits for S3897 were successfully aligned to the reference database. Consider changing the database.
The mmseqs alignment for S3897 was saved to S3897/.
Estimating functional and structural properties for S3897 ....
Parsing the corresponding gene bank file for S3897 ....
writing S3897_contig_1.gbk
writing S3897_contig_1.gbk
writing S3897_contig_1.gbk
writing S3897_contig_2.gbk
writing S3897_contig_2.gbk
writing S3897_contig_3.gbk
writing S3897_contig_3.gbk
writing S3897_contig_3.gbk
writing S3897_contig_3.gbk
writing S3897_contig_4.gbk
writing S3897_contig_5.gbk
writing S3897_contig_6.gbk
writing S3897_contig_6.gbk
writing S3897_contig_6.gbk
writing S3897_contig_7.gbk
writing S3897_contig_7.gbk
writing S3897_contig_7.gbk
writing S3897_contig_9.gbk
writing S3897_contig_11.gbk
writing S3897_contig_12.gbk
writing S3897_contig_13.gbk
writing S3897_contig_14.gbk
writing S3897_contig_15.gbk
writing S3897_contig_16.gbk
writing S3897_contig_20.gbk
writing S3897_contig_20.gbk
writing S3897_contig_21.gbk
writing S3897_contig_33.gbk
writing S3897_contig_35.gbk
writing S3897_contig_73.gbk
The summary file for S3897 was saved to S3897/S3897.tsv.
Success: 'ampcombi parse_tables' completed successfully ! Now run ampcombi complete !

=== Sample 265/301: S3900 ===

 $$$$$$\  $$\      $$\ $$$$$$$\                                    $$\       $$\|
$$  __$$\ $$$\    $$$ |$$  __$$\                                   $$ |      \__|
$ /   $$ |$$$$\  $$$$ |$$ |  $$ | $$$$$$$\  $$$$$$\  $$$$$$\$$$$\  $$$$$$$\  $$\ 
$$$$$$$$ |$$\$$\$$ $$ |$$$$$$$  |$$  _____|$$  __$$\ $$  _$$  _$$\ $$  __$$\ $$ |
$$  __$$ |$$ \$$$  $$ |$$  ____/ $$ /      $$ /  $$ |$$ / $$ / $$ |$$ |  $$ |$$ |
$$ |  $$ |$$ |\$  /$$ |$$ |      $$ |      $$ |  $$ |$$ | $$ | $$ |$$ |  $$ |$$ |
$$ |  $$ |$$ | \_/ $$ |$$ |      \$$$$$$$\ \$$$$$$  |$$ | $$ | $$ |$$$$$$$  |$$ |
\__|  \__|\__|     \__|\__|       \_______| \______/ \__| \__| \__|\_______/ \__|

<--AMP_database> = /work3/josne/github/bacass/assets/databases/amp_DRAMP_database is found and will be used
MMseqs2 directory already exists in /work3/josne/github/bacass/assets/databases/amp_DRAMP_database.

 ########################################################## 
Processing AMP-files from sample: S3900
found macrel file
found ampir file
found amplify file
No InterproScan files were provided. Workflow continuing ....
The fasta containing AMP sequences for S3900 was saved to S3900/ 

The mmseqs alignment for S3900 in progress ....
No AMP hits for S3900 were successfully aligned to the reference database. Consider changing the database.
The mmseqs alignment for S3900 was saved to S3900/.
Estimating functional and structural properties for S3900 ....
Parsing the corresponding gene bank file for S3900 ....
writing S3900_contig_2.gbk
writing S3900_contig_2.gbk
writing S3900_contig_6.gbk
writing S3900_contig_6.gbk
writing S3900_contig_6.gbk
writing S3900_contig_8.gbk
writing S3900_contig_8.gbk
writing S3900_contig_9.gbk
writing S3900_contig_9.gbk
writing S3900_contig_9.gbk
writing S3900_contig_9.gbk
writing S3900_contig_11.gbk
writing S3900_contig_14.gbk
writing S3900_contig_14.gbk
writing S3900_contig_16.gbk
writing S3900_contig_17.gbk
writing S3900_contig_19.gbk
writing S3900_contig_20.gbk
writing S3900_contig_22.gbk
writing S3900_contig_23.gbk
writing S3900_contig_26.gbk
writing S3900_contig_27.gbk
writing S3900_contig_30.gbk
writing S3900_contig_43.gbk
writing S3900_contig_44.gbk
writing S3900_contig_50.gbk
writing S3900_contig_51.gbk
writing S3900_contig_54.gbk
writing S3900_contig_56.gbk
writing S3900_contig_57.gbk
writing S3900_contig_61.gbk
The summary file for S3900 was saved to S3900/S3900.tsv.
Success: 'ampcombi parse_tables' completed successfully ! Now run ampcombi complete !

=== Sample 266/301: S3901 ===

 $$$$$$\  $$\      $$\ $$$$$$$\                                    $$\       $$\|
$$  __$$\ $$$\    $$$ |$$  __$$\                                   $$ |      \__|
$ /   $$ |$$$$\  $$$$ |$$ |  $$ | $$$$$$$\  $$$$$$\  $$$$$$\$$$$\  $$$$$$$\  $$\ 
$$$$$$$$ |$$\$$\$$ $$ |$$$$$$$  |$$  _____|$$  __$$\ $$  _$$  _$$\ $$  __$$\ $$ |
$$  __$$ |$$ \$$$  $$ |$$  ____/ $$ /      $$ /  $$ |$$ / $$ / $$ |$$ |  $$ |$$ |
$$ |  $$ |$$ |\$  /$$ |$$ |      $$ |      $$ |  $$ |$$ | $$ | $$ |$$ |  $$ |$$ |
$$ |  $$ |$$ | \_/ $$ |$$ |      \$$$$$$$\ \$$$$$$  |$$ | $$ | $$ |$$$$$$$  |$$ |
\__|  \__|\__|     \__|\__|       \_______| \______/ \__| \__| \__|\_______/ \__|

<--AMP_database> = /work3/josne/github/bacass/assets/databases/amp_DRAMP_database is found and will be used
MMseqs2 directory already exists in /work3/josne/github/bacass/assets/databases/amp_DRAMP_database.

 ########################################################## 
Processing AMP-files from sample: S3901
found macrel file
found ampir file
found amplify file
No InterproScan files were provided. Workflow continuing ....
The fasta containing AMP sequences for S3901 was saved to S3901/ 

The mmseqs alignment for S3901 in progress ....
The mmseqs alignment for S3901 was saved to S3901/.
Estimating functional and structural properties for S3901 ....
Parsing the corresponding gene bank file for S3901 ....
writing S3901_contig_1.gbk
writing S3901_contig_1.gbk
writing S3901_contig_1.gbk
writing S3901_contig_1.gbk
writing S3901_contig_3.gbk
writing S3901_contig_3.gbk
writing S3901_contig_4.gbk
writing S3901_contig_7.gbk
writing S3901_contig_7.gbk
writing S3901_contig_10.gbk
writing S3901_contig_14.gbk
writing S3901_contig_15.gbk
writing S3901_contig_16.gbk
writing S3901_contig_16.gbk
writing S3901_contig_16.gbk
writing S3901_contig_16.gbk
writing S3901_contig_19.gbk
writing S3901_contig_19.gbk
writing S3901_contig_26.gbk
writing S3901_contig_34.gbk
writing S3901_contig_38.gbk
The summary file for S3901 was saved to S3901/S3901.tsv.
Success: 'ampcombi parse_tables' completed successfully ! Now run ampcombi complete !

=== Sample 267/301: S3902 ===

 $$$$$$\  $$\      $$\ $$$$$$$\                                    $$\       $$\|
$$  __$$\ $$$\    $$$ |$$  __$$\                                   $$ |      \__|
$ /   $$ |$$$$\  $$$$ |$$ |  $$ | $$$$$$$\  $$$$$$\  $$$$$$\$$$$\  $$$$$$$\  $$\ 
$$$$$$$$ |$$\$$\$$ $$ |$$$$$$$  |$$  _____|$$  __$$\ $$  _$$  _$$\ $$  __$$\ $$ |
$$  __$$ |$$ \$$$  $$ |$$  ____/ $$ /      $$ /  $$ |$$ / $$ / $$ |$$ |  $$ |$$ |
$$ |  $$ |$$ |\$  /$$ |$$ |      $$ |      $$ |  $$ |$$ | $$ | $$ |$$ |  $$ |$$ |
$$ |  $$ |$$ | \_/ $$ |$$ |      \$$$$$$$\ \$$$$$$  |$$ | $$ | $$ |$$$$$$$  |$$ |
\__|  \__|\__|     \__|\__|       \_______| \______/ \__| \__| \__|\_______/ \__|

<--AMP_database> = /work3/josne/github/bacass/assets/databases/amp_DRAMP_database is found and will be used
MMseqs2 directory already exists in /work3/josne/github/bacass/assets/databases/amp_DRAMP_database.

 ########################################################## 
Processing AMP-files from sample: S3902
found macrel file
found ampir file
found amplify file
No InterproScan files were provided. Workflow continuing ....
The fasta containing AMP sequences for S3902 was saved to S3902/ 

The mmseqs alignment for S3902 in progress ....
No AMP hits for S3902 were successfully aligned to the reference database. Consider changing the database.
The mmseqs alignment for S3902 was saved to S3902/.
Estimating functional and structural properties for S3902 ....
Parsing the corresponding gene bank file for S3902 ....
writing S3902_contig_1.gbk
writing S3902_contig_1.gbk
writing S3902_contig_1.gbk
writing S3902_contig_1.gbk
writing S3902_contig_1.gbk
writing S3902_contig_1.gbk
writing S3902_contig_1.gbk
writing S3902_contig_1.gbk
writing S3902_contig_1.gbk
writing S3902_contig_2.gbk
writing S3902_contig_2.gbk
writing S3902_contig_2.gbk
writing S3902_contig_2.gbk
writing S3902_contig_2.gbk
writing S3902_contig_2.gbk
writing S3902_contig_2.gbk
writing S3902_contig_2.gbk
writing S3902_contig_2.gbk
writing S3902_contig_3.gbk
writing S3902_contig_3.gbk
writing S3902_contig_3.gbk
writing S3902_contig_3.gbk
writing S3902_contig_3.gbk
writing S3902_contig_4.gbk
writing S3902_contig_4.gbk
writing S3902_contig_5.gbk
writing S3902_contig_5.gbk
writing S3902_contig_7.gbk
writing S3902_contig_7.gbk
writing S3902_contig_7.gbk
writing S3902_contig_8.gbk
writing S3902_contig_10.gbk
writing S3902_contig_11.gbk
writing S3902_contig_11.gbk
writing S3902_contig_17.gbk
The summary file for S3902 was saved to S3902/S3902.tsv.
Success: 'ampcombi parse_tables' completed successfully ! Now run ampcombi complete !

=== Sample 268/301: S3925 ===

 $$$$$$\  $$\      $$\ $$$$$$$\                                    $$\       $$\|
$$  __$$\ $$$\    $$$ |$$  __$$\                                   $$ |      \__|
$ /   $$ |$$$$\  $$$$ |$$ |  $$ | $$$$$$$\  $$$$$$\  $$$$$$\$$$$\  $$$$$$$\  $$\ 
$$$$$$$$ |$$\$$\$$ $$ |$$$$$$$  |$$  _____|$$  __$$\ $$  _$$  _$$\ $$  __$$\ $$ |
$$  __$$ |$$ \$$$  $$ |$$  ____/ $$ /      $$ /  $$ |$$ / $$ / $$ |$$ |  $$ |$$ |
$$ |  $$ |$$ |\$  /$$ |$$ |      $$ |      $$ |  $$ |$$ | $$ | $$ |$$ |  $$ |$$ |
$$ |  $$ |$$ | \_/ $$ |$$ |      \$$$$$$$\ \$$$$$$  |$$ | $$ | $$ |$$$$$$$  |$$ |
\__|  \__|\__|     \__|\__|       \_______| \______/ \__| \__| \__|\_______/ \__|

<--AMP_database> = /work3/josne/github/bacass/assets/databases/amp_DRAMP_database is found and will be used
MMseqs2 directory already exists in /work3/josne/github/bacass/assets/databases/amp_DRAMP_database.

 ########################################################## 
Processing AMP-files from sample: S3925
found macrel file
found ampir file
found amplify file
No InterproScan files were provided. Workflow continuing ....
The fasta containing AMP sequences for S3925 was saved to S3925/ 

The mmseqs alignment for S3925 in progress ....
No AMP hits for S3925 were successfully aligned to the reference database. Consider changing the database.
The mmseqs alignment for S3925 was saved to S3925/.
Estimating functional and structural properties for S3925 ....
Parsing the corresponding gene bank file for S3925 ....
writing S3925_contig_1.gbk
writing S3925_contig_1.gbk
writing S3925_contig_1.gbk
writing S3925_contig_1.gbk
writing S3925_contig_2.gbk
writing S3925_contig_2.gbk
writing S3925_contig_2.gbk
writing S3925_contig_3.gbk
writing S3925_contig_3.gbk
writing S3925_contig_4.gbk
writing S3925_contig_4.gbk
writing S3925_contig_4.gbk
writing S3925_contig_5.gbk
writing S3925_contig_5.gbk
writing S3925_contig_5.gbk
writing S3925_contig_5.gbk
writing S3925_contig_5.gbk
writing S3925_contig_6.gbk
writing S3925_contig_6.gbk
writing S3925_contig_6.gbk
writing S3925_contig_7.gbk
writing S3925_contig_7.gbk
writing S3925_contig_8.gbk
writing S3925_contig_9.gbk
writing S3925_contig_11.gbk
writing S3925_contig_12.gbk
writing S3925_contig_14.gbk
writing S3925_contig_15.gbk
writing S3925_contig_16.gbk
writing S3925_contig_16.gbk
writing S3925_contig_22.gbk
writing S3925_contig_25.gbk
writing S3925_contig_28.gbk
The summary file for S3925 was saved to S3925/S3925.tsv.
Success: 'ampcombi parse_tables' completed successfully ! Now run ampcombi complete !

=== Sample 269/301: S3926 ===

 $$$$$$\  $$\      $$\ $$$$$$$\                                    $$\       $$\|
$$  __$$\ $$$\    $$$ |$$  __$$\                                   $$ |      \__|
$ /   $$ |$$$$\  $$$$ |$$ |  $$ | $$$$$$$\  $$$$$$\  $$$$$$\$$$$\  $$$$$$$\  $$\ 
$$$$$$$$ |$$\$$\$$ $$ |$$$$$$$  |$$  _____|$$  __$$\ $$  _$$  _$$\ $$  __$$\ $$ |
$$  __$$ |$$ \$$$  $$ |$$  ____/ $$ /      $$ /  $$ |$$ / $$ / $$ |$$ |  $$ |$$ |
$$ |  $$ |$$ |\$  /$$ |$$ |      $$ |      $$ |  $$ |$$ | $$ | $$ |$$ |  $$ |$$ |
$$ |  $$ |$$ | \_/ $$ |$$ |      \$$$$$$$\ \$$$$$$  |$$ | $$ | $$ |$$$$$$$  |$$ |
\__|  \__|\__|     \__|\__|       \_______| \______/ \__| \__| \__|\_______/ \__|

<--AMP_database> = /work3/josne/github/bacass/assets/databases/amp_DRAMP_database is found and will be used
MMseqs2 directory already exists in /work3/josne/github/bacass/assets/databases/amp_DRAMP_database.

 ########################################################## 
Processing AMP-files from sample: S3926
found macrel file
found ampir file
found amplify file
No InterproScan files were provided. Workflow continuing ....
The fasta containing AMP sequences for S3926 was saved to S3926/ 

The mmseqs alignment for S3926 in progress ....
No AMP hits for S3926 were successfully aligned to the reference database. Consider changing the database.
The mmseqs alignment for S3926 was saved to S3926/.
Estimating functional and structural properties for S3926 ....
Parsing the corresponding gene bank file for S3926 ....
writing S3926_contig_1.gbk
writing S3926_contig_1.gbk
writing S3926_contig_1.gbk
writing S3926_contig_1.gbk
writing S3926_contig_1.gbk
writing S3926_contig_1.gbk
writing S3926_contig_2.gbk
writing S3926_contig_2.gbk
writing S3926_contig_2.gbk
writing S3926_contig_2.gbk
writing S3926_contig_3.gbk
writing S3926_contig_3.gbk
writing S3926_contig_3.gbk
writing S3926_contig_4.gbk
writing S3926_contig_4.gbk
writing S3926_contig_4.gbk
writing S3926_contig_4.gbk
writing S3926_contig_4.gbk
writing S3926_contig_5.gbk
writing S3926_contig_5.gbk
writing S3926_contig_6.gbk
writing S3926_contig_10.gbk
writing S3926_contig_11.gbk
writing S3926_contig_11.gbk
writing S3926_contig_12.gbk
writing S3926_contig_13.gbk
writing S3926_contig_16.gbk
writing S3926_contig_17.gbk
writing S3926_contig_17.gbk
writing S3926_contig_18.gbk
writing S3926_contig_19.gbk
The summary file for S3926 was saved to S3926/S3926.tsv.
Success: 'ampcombi parse_tables' completed successfully ! Now run ampcombi complete !

=== Sample 270/301: S3927 ===

 $$$$$$\  $$\      $$\ $$$$$$$\                                    $$\       $$\|
$$  __$$\ $$$\    $$$ |$$  __$$\                                   $$ |      \__|
$ /   $$ |$$$$\  $$$$ |$$ |  $$ | $$$$$$$\  $$$$$$\  $$$$$$\$$$$\  $$$$$$$\  $$\ 
$$$$$$$$ |$$\$$\$$ $$ |$$$$$$$  |$$  _____|$$  __$$\ $$  _$$  _$$\ $$  __$$\ $$ |
$$  __$$ |$$ \$$$  $$ |$$  ____/ $$ /      $$ /  $$ |$$ / $$ / $$ |$$ |  $$ |$$ |
$$ |  $$ |$$ |\$  /$$ |$$ |      $$ |      $$ |  $$ |$$ | $$ | $$ |$$ |  $$ |$$ |
$$ |  $$ |$$ | \_/ $$ |$$ |      \$$$$$$$\ \$$$$$$  |$$ | $$ | $$ |$$$$$$$  |$$ |
\__|  \__|\__|     \__|\__|       \_______| \______/ \__| \__| \__|\_______/ \__|

<--AMP_database> = /work3/josne/github/bacass/assets/databases/amp_DRAMP_database is found and will be used
MMseqs2 directory already exists in /work3/josne/github/bacass/assets/databases/amp_DRAMP_database.

 ########################################################## 
Processing AMP-files from sample: S3927
found macrel file
found ampir file
found amplify file
No InterproScan files were provided. Workflow continuing ....
The fasta containing AMP sequences for S3927 was saved to S3927/ 

The mmseqs alignment for S3927 in progress ....
No AMP hits for S3927 were successfully aligned to the reference database. Consider changing the database.
The mmseqs alignment for S3927 was saved to S3927/.
Estimating functional and structural properties for S3927 ....
Parsing the corresponding gene bank file for S3927 ....
writing S3927_contig_1.gbk
writing S3927_contig_2.gbk
writing S3927_contig_2.gbk
writing S3927_contig_2.gbk
writing S3927_contig_3.gbk
writing S3927_contig_3.gbk
writing S3927_contig_4.gbk
writing S3927_contig_4.gbk
writing S3927_contig_6.gbk
writing S3927_contig_6.gbk
writing S3927_contig_6.gbk
writing S3927_contig_7.gbk
writing S3927_contig_8.gbk
writing S3927_contig_9.gbk
writing S3927_contig_10.gbk
writing S3927_contig_11.gbk
writing S3927_contig_12.gbk
writing S3927_contig_15.gbk
writing S3927_contig_16.gbk
writing S3927_contig_17.gbk
writing S3927_contig_17.gbk
writing S3927_contig_17.gbk
writing S3927_contig_18.gbk
writing S3927_contig_20.gbk
writing S3927_contig_21.gbk
writing S3927_contig_23.gbk
writing S3927_contig_23.gbk
writing S3927_contig_24.gbk
writing S3927_contig_27.gbk
The summary file for S3927 was saved to S3927/S3927.tsv.
Success: 'ampcombi parse_tables' completed successfully ! Now run ampcombi complete !

=== Sample 271/301: S3941 ===

 $$$$$$\  $$\      $$\ $$$$$$$\                                    $$\       $$\|
$$  __$$\ $$$\    $$$ |$$  __$$\                                   $$ |      \__|
$ /   $$ |$$$$\  $$$$ |$$ |  $$ | $$$$$$$\  $$$$$$\  $$$$$$\$$$$\  $$$$$$$\  $$\ 
$$$$$$$$ |$$\$$\$$ $$ |$$$$$$$  |$$  _____|$$  __$$\ $$  _$$  _$$\ $$  __$$\ $$ |
$$  __$$ |$$ \$$$  $$ |$$  ____/ $$ /      $$ /  $$ |$$ / $$ / $$ |$$ |  $$ |$$ |
$$ |  $$ |$$ |\$  /$$ |$$ |      $$ |      $$ |  $$ |$$ | $$ | $$ |$$ |  $$ |$$ |
$$ |  $$ |$$ | \_/ $$ |$$ |      \$$$$$$$\ \$$$$$$  |$$ | $$ | $$ |$$$$$$$  |$$ |
\__|  \__|\__|     \__|\__|       \_______| \______/ \__| \__| \__|\_______/ \__|

<--AMP_database> = /work3/josne/github/bacass/assets/databases/amp_DRAMP_database is found and will be used
MMseqs2 directory already exists in /work3/josne/github/bacass/assets/databases/amp_DRAMP_database.

 ########################################################## 
Processing AMP-files from sample: S3941
found macrel file
found ampir file
found amplify file
No InterproScan files were provided. Workflow continuing ....
The fasta containing AMP sequences for S3941 was saved to S3941/ 

The mmseqs alignment for S3941 in progress ....
No AMP hits for S3941 were successfully aligned to the reference database. Consider changing the database.
The mmseqs alignment for S3941 was saved to S3941/.
Estimating functional and structural properties for S3941 ....
Parsing the corresponding gene bank file for S3941 ....
writing S3941_contig_1.gbk
writing S3941_contig_1.gbk
writing S3941_contig_1.gbk
writing S3941_contig_1.gbk
writing S3941_contig_1.gbk
writing S3941_contig_1.gbk
writing S3941_contig_1.gbk
writing S3941_contig_1.gbk
writing S3941_contig_1.gbk
writing S3941_contig_2.gbk
writing S3941_contig_2.gbk
writing S3941_contig_2.gbk
writing S3941_contig_2.gbk
writing S3941_contig_2.gbk
writing S3941_contig_2.gbk
writing S3941_contig_2.gbk
writing S3941_contig_2.gbk
writing S3941_contig_2.gbk
writing S3941_contig_3.gbk
writing S3941_contig_3.gbk
writing S3941_contig_3.gbk
writing S3941_contig_3.gbk
writing S3941_contig_3.gbk
writing S3941_contig_4.gbk
writing S3941_contig_4.gbk
writing S3941_contig_5.gbk
writing S3941_contig_5.gbk
writing S3941_contig_7.gbk
writing S3941_contig_8.gbk
writing S3941_contig_9.gbk
writing S3941_contig_10.gbk
writing S3941_contig_11.gbk
writing S3941_contig_11.gbk
The summary file for S3941 was saved to S3941/S3941.tsv.
Success: 'ampcombi parse_tables' completed successfully ! Now run ampcombi complete !

=== Sample 272/301: S3942 ===

 $$$$$$\  $$\      $$\ $$$$$$$\                                    $$\       $$\|
$$  __$$\ $$$\    $$$ |$$  __$$\                                   $$ |      \__|
$ /   $$ |$$$$\  $$$$ |$$ |  $$ | $$$$$$$\  $$$$$$\  $$$$$$\$$$$\  $$$$$$$\  $$\ 
$$$$$$$$ |$$\$$\$$ $$ |$$$$$$$  |$$  _____|$$  __$$\ $$  _$$  _$$\ $$  __$$\ $$ |
$$  __$$ |$$ \$$$  $$ |$$  ____/ $$ /      $$ /  $$ |$$ / $$ / $$ |$$ |  $$ |$$ |
$$ |  $$ |$$ |\$  /$$ |$$ |      $$ |      $$ |  $$ |$$ | $$ | $$ |$$ |  $$ |$$ |
$$ |  $$ |$$ | \_/ $$ |$$ |      \$$$$$$$\ \$$$$$$  |$$ | $$ | $$ |$$$$$$$  |$$ |
\__|  \__|\__|     \__|\__|       \_______| \______/ \__| \__| \__|\_______/ \__|

<--AMP_database> = /work3/josne/github/bacass/assets/databases/amp_DRAMP_database is found and will be used
MMseqs2 directory already exists in /work3/josne/github/bacass/assets/databases/amp_DRAMP_database.

 ########################################################## 
Processing AMP-files from sample: S3942
found macrel file
found ampir file
found amplify file
No InterproScan files were provided. Workflow continuing ....
The fasta containing AMP sequences for S3942 was saved to S3942/ 

The mmseqs alignment for S3942 in progress ....
No AMP hits for S3942 were successfully aligned to the reference database. Consider changing the database.
The mmseqs alignment for S3942 was saved to S3942/.
Estimating functional and structural properties for S3942 ....
Parsing the corresponding gene bank file for S3942 ....
writing S3942_contig_1.gbk
writing S3942_contig_1.gbk
writing S3942_contig_1.gbk
writing S3942_contig_2.gbk
writing S3942_contig_3.gbk
writing S3942_contig_3.gbk
writing S3942_contig_3.gbk
writing S3942_contig_4.gbk
writing S3942_contig_5.gbk
writing S3942_contig_5.gbk
writing S3942_contig_5.gbk
writing S3942_contig_5.gbk
writing S3942_contig_7.gbk
writing S3942_contig_8.gbk
writing S3942_contig_8.gbk
writing S3942_contig_8.gbk
writing S3942_contig_8.gbk
writing S3942_contig_9.gbk
writing S3942_contig_13.gbk
writing S3942_contig_14.gbk
writing S3942_contig_14.gbk
writing S3942_contig_15.gbk
writing S3942_contig_16.gbk
writing S3942_contig_17.gbk
writing S3942_contig_19.gbk
writing S3942_contig_20.gbk
writing S3942_contig_20.gbk
writing S3942_contig_20.gbk
writing S3942_contig_25.gbk
writing S3942_contig_25.gbk
writing S3942_contig_25.gbk
writing S3942_contig_27.gbk
writing S3942_contig_42.gbk
writing S3942_contig_83.gbk
The summary file for S3942 was saved to S3942/S3942.tsv.
Success: 'ampcombi parse_tables' completed successfully ! Now run ampcombi complete !

=== Sample 273/301: S3943 ===

 $$$$$$\  $$\      $$\ $$$$$$$\                                    $$\       $$\|
$$  __$$\ $$$\    $$$ |$$  __$$\                                   $$ |      \__|
$ /   $$ |$$$$\  $$$$ |$$ |  $$ | $$$$$$$\  $$$$$$\  $$$$$$\$$$$\  $$$$$$$\  $$\ 
$$$$$$$$ |$$\$$\$$ $$ |$$$$$$$  |$$  _____|$$  __$$\ $$  _$$  _$$\ $$  __$$\ $$ |
$$  __$$ |$$ \$$$  $$ |$$  ____/ $$ /      $$ /  $$ |$$ / $$ / $$ |$$ |  $$ |$$ |
$$ |  $$ |$$ |\$  /$$ |$$ |      $$ |      $$ |  $$ |$$ | $$ | $$ |$$ |  $$ |$$ |
$$ |  $$ |$$ | \_/ $$ |$$ |      \$$$$$$$\ \$$$$$$  |$$ | $$ | $$ |$$$$$$$  |$$ |
\__|  \__|\__|     \__|\__|       \_______| \______/ \__| \__| \__|\_______/ \__|

<--AMP_database> = /work3/josne/github/bacass/assets/databases/amp_DRAMP_database is found and will be used
MMseqs2 directory already exists in /work3/josne/github/bacass/assets/databases/amp_DRAMP_database.

 ########################################################## 
Processing AMP-files from sample: S3943
found macrel file
found ampir file
found amplify file
No InterproScan files were provided. Workflow continuing ....
The fasta containing AMP sequences for S3943 was saved to S3943/ 

The mmseqs alignment for S3943 in progress ....
No AMP hits for S3943 were successfully aligned to the reference database. Consider changing the database.
The mmseqs alignment for S3943 was saved to S3943/.
Estimating functional and structural properties for S3943 ....
Parsing the corresponding gene bank file for S3943 ....
writing S3943_contig_1.gbk
writing S3943_contig_1.gbk
writing S3943_contig_2.gbk
writing S3943_contig_2.gbk
writing S3943_contig_2.gbk
writing S3943_contig_2.gbk
writing S3943_contig_2.gbk
writing S3943_contig_3.gbk
writing S3943_contig_3.gbk
writing S3943_contig_5.gbk
writing S3943_contig_5.gbk
writing S3943_contig_5.gbk
writing S3943_contig_6.gbk
writing S3943_contig_8.gbk
writing S3943_contig_8.gbk
writing S3943_contig_8.gbk
writing S3943_contig_11.gbk
writing S3943_contig_13.gbk
writing S3943_contig_14.gbk
writing S3943_contig_14.gbk
writing S3943_contig_16.gbk
writing S3943_contig_16.gbk
writing S3943_contig_17.gbk
writing S3943_contig_18.gbk
writing S3943_contig_19.gbk
writing S3943_contig_21.gbk
writing S3943_contig_27.gbk
writing S3943_contig_34.gbk
writing S3943_contig_36.gbk
The summary file for S3943 was saved to S3943/S3943.tsv.
Success: 'ampcombi parse_tables' completed successfully ! Now run ampcombi complete !

=== Sample 274/301: S4051 ===

 $$$$$$\  $$\      $$\ $$$$$$$\                                    $$\       $$\|
$$  __$$\ $$$\    $$$ |$$  __$$\                                   $$ |      \__|
$ /   $$ |$$$$\  $$$$ |$$ |  $$ | $$$$$$$\  $$$$$$\  $$$$$$\$$$$\  $$$$$$$\  $$\ 
$$$$$$$$ |$$\$$\$$ $$ |$$$$$$$  |$$  _____|$$  __$$\ $$  _$$  _$$\ $$  __$$\ $$ |
$$  __$$ |$$ \$$$  $$ |$$  ____/ $$ /      $$ /  $$ |$$ / $$ / $$ |$$ |  $$ |$$ |
$$ |  $$ |$$ |\$  /$$ |$$ |      $$ |      $$ |  $$ |$$ | $$ | $$ |$$ |  $$ |$$ |
$$ |  $$ |$$ | \_/ $$ |$$ |      \$$$$$$$\ \$$$$$$  |$$ | $$ | $$ |$$$$$$$  |$$ |
\__|  \__|\__|     \__|\__|       \_______| \______/ \__| \__| \__|\_______/ \__|

<--AMP_database> = /work3/josne/github/bacass/assets/databases/amp_DRAMP_database is found and will be used
MMseqs2 directory already exists in /work3/josne/github/bacass/assets/databases/amp_DRAMP_database.

 ########################################################## 
Processing AMP-files from sample: S4051
found macrel file
found ampir file
found amplify file
No InterproScan files were provided. Workflow continuing ....
The fasta containing AMP sequences for S4051 was saved to S4051/ 

The mmseqs alignment for S4051 in progress ....
No AMP hits for S4051 were successfully aligned to the reference database. Consider changing the database.
The mmseqs alignment for S4051 was saved to S4051/.
Estimating functional and structural properties for S4051 ....
Parsing the corresponding gene bank file for S4051 ....
writing S4051_contig_1.gbk
writing S4051_contig_1.gbk
writing S4051_contig_2.gbk
writing S4051_contig_3.gbk
writing S4051_contig_3.gbk
writing S4051_contig_4.gbk
writing S4051_contig_4.gbk
writing S4051_contig_4.gbk
writing S4051_contig_5.gbk
writing S4051_contig_7.gbk
writing S4051_contig_9.gbk
writing S4051_contig_13.gbk
writing S4051_contig_13.gbk
writing S4051_contig_15.gbk
writing S4051_contig_19.gbk
writing S4051_contig_20.gbk
writing S4051_contig_21.gbk
writing S4051_contig_21.gbk
writing S4051_contig_26.gbk
writing S4051_contig_29.gbk
writing S4051_contig_30.gbk
writing S4051_contig_30.gbk
writing S4051_contig_34.gbk
writing S4051_contig_34.gbk
The summary file for S4051 was saved to S4051/S4051.tsv.
Success: 'ampcombi parse_tables' completed successfully ! Now run ampcombi complete !

=== Sample 275/301: S4053 ===

 $$$$$$\  $$\      $$\ $$$$$$$\                                    $$\       $$\|
$$  __$$\ $$$\    $$$ |$$  __$$\                                   $$ |      \__|
$ /   $$ |$$$$\  $$$$ |$$ |  $$ | $$$$$$$\  $$$$$$\  $$$$$$\$$$$\  $$$$$$$\  $$\ 
$$$$$$$$ |$$\$$\$$ $$ |$$$$$$$  |$$  _____|$$  __$$\ $$  _$$  _$$\ $$  __$$\ $$ |
$$  __$$ |$$ \$$$  $$ |$$  ____/ $$ /      $$ /  $$ |$$ / $$ / $$ |$$ |  $$ |$$ |
$$ |  $$ |$$ |\$  /$$ |$$ |      $$ |      $$ |  $$ |$$ | $$ | $$ |$$ |  $$ |$$ |
$$ |  $$ |$$ | \_/ $$ |$$ |      \$$$$$$$\ \$$$$$$  |$$ | $$ | $$ |$$$$$$$  |$$ |
\__|  \__|\__|     \__|\__|       \_______| \______/ \__| \__| \__|\_______/ \__|

<--AMP_database> = /work3/josne/github/bacass/assets/databases/amp_DRAMP_database is found and will be used
MMseqs2 directory already exists in /work3/josne/github/bacass/assets/databases/amp_DRAMP_database.

 ########################################################## 
Processing AMP-files from sample: S4053
found macrel file
found ampir file
found amplify file
No InterproScan files were provided. Workflow continuing ....
The fasta containing AMP sequences for S4053 was saved to S4053/ 

The mmseqs alignment for S4053 in progress ....
No AMP hits for S4053 were successfully aligned to the reference database. Consider changing the database.
The mmseqs alignment for S4053 was saved to S4053/.
Estimating functional and structural properties for S4053 ....
Parsing the corresponding gene bank file for S4053 ....
writing S4053_contig_1.gbk
writing S4053_contig_1.gbk
writing S4053_contig_2.gbk
writing S4053_contig_2.gbk
writing S4053_contig_2.gbk
writing S4053_contig_2.gbk
writing S4053_contig_2.gbk
writing S4053_contig_2.gbk
writing S4053_contig_2.gbk
writing S4053_contig_3.gbk
writing S4053_contig_3.gbk
writing S4053_contig_3.gbk
writing S4053_contig_4.gbk
writing S4053_contig_4.gbk
writing S4053_contig_4.gbk
writing S4053_contig_5.gbk
writing S4053_contig_5.gbk
writing S4053_contig_6.gbk
writing S4053_contig_6.gbk
writing S4053_contig_6.gbk
writing S4053_contig_7.gbk
writing S4053_contig_8.gbk
writing S4053_contig_9.gbk
writing S4053_contig_9.gbk
writing S4053_contig_9.gbk
The summary file for S4053 was saved to S4053/S4053.tsv.
Success: 'ampcombi parse_tables' completed successfully ! Now run ampcombi complete !

=== Sample 276/301: S4073 ===

 $$$$$$\  $$\      $$\ $$$$$$$\                                    $$\       $$\|
$$  __$$\ $$$\    $$$ |$$  __$$\                                   $$ |      \__|
$ /   $$ |$$$$\  $$$$ |$$ |  $$ | $$$$$$$\  $$$$$$\  $$$$$$\$$$$\  $$$$$$$\  $$\ 
$$$$$$$$ |$$\$$\$$ $$ |$$$$$$$  |$$  _____|$$  __$$\ $$  _$$  _$$\ $$  __$$\ $$ |
$$  __$$ |$$ \$$$  $$ |$$  ____/ $$ /      $$ /  $$ |$$ / $$ / $$ |$$ |  $$ |$$ |
$$ |  $$ |$$ |\$  /$$ |$$ |      $$ |      $$ |  $$ |$$ | $$ | $$ |$$ |  $$ |$$ |
$$ |  $$ |$$ | \_/ $$ |$$ |      \$$$$$$$\ \$$$$$$  |$$ | $$ | $$ |$$$$$$$  |$$ |
\__|  \__|\__|     \__|\__|       \_______| \______/ \__| \__| \__|\_______/ \__|

<--AMP_database> = /work3/josne/github/bacass/assets/databases/amp_DRAMP_database is found and will be used
MMseqs2 directory already exists in /work3/josne/github/bacass/assets/databases/amp_DRAMP_database.

 ########################################################## 
Processing AMP-files from sample: S4073
found macrel file
found ampir file
found amplify file
No InterproScan files were provided. Workflow continuing ....
The fasta containing AMP sequences for S4073 was saved to S4073/ 

The mmseqs alignment for S4073 in progress ....
No AMP hits for S4073 were successfully aligned to the reference database. Consider changing the database.
The mmseqs alignment for S4073 was saved to S4073/.
Estimating functional and structural properties for S4073 ....
Parsing the corresponding gene bank file for S4073 ....
writing S4073_contig_1.gbk
writing S4073_contig_1.gbk
writing S4073_contig_1.gbk
writing S4073_contig_1.gbk
writing S4073_contig_1.gbk
writing S4073_contig_2.gbk
writing S4073_contig_2.gbk
writing S4073_contig_2.gbk
writing S4073_contig_2.gbk
writing S4073_contig_2.gbk
writing S4073_contig_3.gbk
writing S4073_contig_3.gbk
writing S4073_contig_3.gbk
writing S4073_contig_3.gbk
writing S4073_contig_3.gbk
writing S4073_contig_4.gbk
writing S4073_contig_4.gbk
writing S4073_contig_4.gbk
writing S4073_contig_6.gbk
writing S4073_contig_6.gbk
writing S4073_contig_7.gbk
writing S4073_contig_8.gbk
writing S4073_contig_8.gbk
writing S4073_contig_10.gbk
writing S4073_contig_11.gbk
writing S4073_contig_16.gbk
The summary file for S4073 was saved to S4073/S4073.tsv.
Success: 'ampcombi parse_tables' completed successfully ! Now run ampcombi complete !

=== Sample 277/301: S4074 ===

 $$$$$$\  $$\      $$\ $$$$$$$\                                    $$\       $$\|
$$  __$$\ $$$\    $$$ |$$  __$$\                                   $$ |      \__|
$ /   $$ |$$$$\  $$$$ |$$ |  $$ | $$$$$$$\  $$$$$$\  $$$$$$\$$$$\  $$$$$$$\  $$\ 
$$$$$$$$ |$$\$$\$$ $$ |$$$$$$$  |$$  _____|$$  __$$\ $$  _$$  _$$\ $$  __$$\ $$ |
$$  __$$ |$$ \$$$  $$ |$$  ____/ $$ /      $$ /  $$ |$$ / $$ / $$ |$$ |  $$ |$$ |
$$ |  $$ |$$ |\$  /$$ |$$ |      $$ |      $$ |  $$ |$$ | $$ | $$ |$$ |  $$ |$$ |
$$ |  $$ |$$ | \_/ $$ |$$ |      \$$$$$$$\ \$$$$$$  |$$ | $$ | $$ |$$$$$$$  |$$ |
\__|  \__|\__|     \__|\__|       \_______| \______/ \__| \__| \__|\_______/ \__|

<--AMP_database> = /work3/josne/github/bacass/assets/databases/amp_DRAMP_database is found and will be used
MMseqs2 directory already exists in /work3/josne/github/bacass/assets/databases/amp_DRAMP_database.

 ########################################################## 
Processing AMP-files from sample: S4074
found macrel file
found ampir file
found amplify file
No InterproScan files were provided. Workflow continuing ....
The fasta containing AMP sequences for S4074 was saved to S4074/ 

The mmseqs alignment for S4074 in progress ....
No AMP hits for S4074 were successfully aligned to the reference database. Consider changing the database.
The mmseqs alignment for S4074 was saved to S4074/.
Estimating functional and structural properties for S4074 ....
Parsing the corresponding gene bank file for S4074 ....
writing S4074_contig_1.gbk
writing S4074_contig_1.gbk
writing S4074_contig_1.gbk
writing S4074_contig_2.gbk
writing S4074_contig_2.gbk
writing S4074_contig_2.gbk
writing S4074_contig_2.gbk
writing S4074_contig_2.gbk
writing S4074_contig_3.gbk
writing S4074_contig_3.gbk
writing S4074_contig_3.gbk
writing S4074_contig_3.gbk
writing S4074_contig_4.gbk
writing S4074_contig_4.gbk
writing S4074_contig_4.gbk
writing S4074_contig_4.gbk
writing S4074_contig_5.gbk
writing S4074_contig_8.gbk
writing S4074_contig_9.gbk
writing S4074_contig_10.gbk
writing S4074_contig_11.gbk
writing S4074_contig_11.gbk
writing S4074_contig_12.gbk
writing S4074_contig_12.gbk
writing S4074_contig_14.gbk
writing S4074_contig_14.gbk
writing S4074_contig_14.gbk
writing S4074_contig_14.gbk
writing S4074_contig_14.gbk
writing S4074_contig_16.gbk
writing S4074_contig_16.gbk
writing S4074_contig_20.gbk
The summary file for S4074 was saved to S4074/S4074.tsv.
Success: 'ampcombi parse_tables' completed successfully ! Now run ampcombi complete !

=== Sample 278/301: S4075 ===

 $$$$$$\  $$\      $$\ $$$$$$$\                                    $$\       $$\|
$$  __$$\ $$$\    $$$ |$$  __$$\                                   $$ |      \__|
$ /   $$ |$$$$\  $$$$ |$$ |  $$ | $$$$$$$\  $$$$$$\  $$$$$$\$$$$\  $$$$$$$\  $$\ 
$$$$$$$$ |$$\$$\$$ $$ |$$$$$$$  |$$  _____|$$  __$$\ $$  _$$  _$$\ $$  __$$\ $$ |
$$  __$$ |$$ \$$$  $$ |$$  ____/ $$ /      $$ /  $$ |$$ / $$ / $$ |$$ |  $$ |$$ |
$$ |  $$ |$$ |\$  /$$ |$$ |      $$ |      $$ |  $$ |$$ | $$ | $$ |$$ |  $$ |$$ |
$$ |  $$ |$$ | \_/ $$ |$$ |      \$$$$$$$\ \$$$$$$  |$$ | $$ | $$ |$$$$$$$  |$$ |
\__|  \__|\__|     \__|\__|       \_______| \______/ \__| \__| \__|\_______/ \__|

<--AMP_database> = /work3/josne/github/bacass/assets/databases/amp_DRAMP_database is found and will be used
MMseqs2 directory already exists in /work3/josne/github/bacass/assets/databases/amp_DRAMP_database.

 ########################################################## 
Processing AMP-files from sample: S4075
found macrel file
found ampir file
found amplify file
No InterproScan files were provided. Workflow continuing ....
The fasta containing AMP sequences for S4075 was saved to S4075/ 

The mmseqs alignment for S4075 in progress ....
No AMP hits for S4075 were successfully aligned to the reference database. Consider changing the database.
The mmseqs alignment for S4075 was saved to S4075/.
Estimating functional and structural properties for S4075 ....
Parsing the corresponding gene bank file for S4075 ....
writing S4075_contig_1.gbk
writing S4075_contig_2.gbk
writing S4075_contig_2.gbk
writing S4075_contig_2.gbk
writing S4075_contig_4.gbk
writing S4075_contig_6.gbk
writing S4075_contig_6.gbk
writing S4075_contig_7.gbk
writing S4075_contig_7.gbk
writing S4075_contig_7.gbk
writing S4075_contig_7.gbk
writing S4075_contig_8.gbk
writing S4075_contig_9.gbk
writing S4075_contig_9.gbk
writing S4075_contig_13.gbk
writing S4075_contig_13.gbk
writing S4075_contig_18.gbk
writing S4075_contig_18.gbk
writing S4075_contig_23.gbk
writing S4075_contig_27.gbk
writing S4075_contig_29.gbk
The summary file for S4075 was saved to S4075/S4075.tsv.
Success: 'ampcombi parse_tables' completed successfully ! Now run ampcombi complete !

=== Sample 279/301: S4076 ===

 $$$$$$\  $$\      $$\ $$$$$$$\                                    $$\       $$\|
$$  __$$\ $$$\    $$$ |$$  __$$\                                   $$ |      \__|
$ /   $$ |$$$$\  $$$$ |$$ |  $$ | $$$$$$$\  $$$$$$\  $$$$$$\$$$$\  $$$$$$$\  $$\ 
$$$$$$$$ |$$\$$\$$ $$ |$$$$$$$  |$$  _____|$$  __$$\ $$  _$$  _$$\ $$  __$$\ $$ |
$$  __$$ |$$ \$$$  $$ |$$  ____/ $$ /      $$ /  $$ |$$ / $$ / $$ |$$ |  $$ |$$ |
$$ |  $$ |$$ |\$  /$$ |$$ |      $$ |      $$ |  $$ |$$ | $$ | $$ |$$ |  $$ |$$ |
$$ |  $$ |$$ | \_/ $$ |$$ |      \$$$$$$$\ \$$$$$$  |$$ | $$ | $$ |$$$$$$$  |$$ |
\__|  \__|\__|     \__|\__|       \_______| \______/ \__| \__| \__|\_______/ \__|

<--AMP_database> = /work3/josne/github/bacass/assets/databases/amp_DRAMP_database is found and will be used
MMseqs2 directory already exists in /work3/josne/github/bacass/assets/databases/amp_DRAMP_database.

 ########################################################## 
Processing AMP-files from sample: S4076
found macrel file
found ampir file
found amplify file
No InterproScan files were provided. Workflow continuing ....
The fasta containing AMP sequences for S4076 was saved to S4076/ 

The mmseqs alignment for S4076 in progress ....
No AMP hits for S4076 were successfully aligned to the reference database. Consider changing the database.
The mmseqs alignment for S4076 was saved to S4076/.
Estimating functional and structural properties for S4076 ....
Parsing the corresponding gene bank file for S4076 ....
writing S4076_contig_1.gbk
writing S4076_contig_1.gbk
writing S4076_contig_1.gbk
writing S4076_contig_2.gbk
writing S4076_contig_3.gbk
writing S4076_contig_3.gbk
writing S4076_contig_4.gbk
writing S4076_contig_5.gbk
writing S4076_contig_5.gbk
writing S4076_contig_6.gbk
writing S4076_contig_7.gbk
writing S4076_contig_7.gbk
writing S4076_contig_7.gbk
writing S4076_contig_7.gbk
writing S4076_contig_8.gbk
writing S4076_contig_9.gbk
writing S4076_contig_9.gbk
writing S4076_contig_11.gbk
writing S4076_contig_11.gbk
writing S4076_contig_12.gbk
writing S4076_contig_13.gbk
writing S4076_contig_14.gbk
writing S4076_contig_16.gbk
writing S4076_contig_22.gbk
writing S4076_contig_23.gbk
writing S4076_contig_23.gbk
The summary file for S4076 was saved to S4076/S4076.tsv.
Success: 'ampcombi parse_tables' completed successfully ! Now run ampcombi complete !

=== Sample 280/301: S4077 ===

 $$$$$$\  $$\      $$\ $$$$$$$\                                    $$\       $$\|
$$  __$$\ $$$\    $$$ |$$  __$$\                                   $$ |      \__|
$ /   $$ |$$$$\  $$$$ |$$ |  $$ | $$$$$$$\  $$$$$$\  $$$$$$\$$$$\  $$$$$$$\  $$\ 
$$$$$$$$ |$$\$$\$$ $$ |$$$$$$$  |$$  _____|$$  __$$\ $$  _$$  _$$\ $$  __$$\ $$ |
$$  __$$ |$$ \$$$  $$ |$$  ____/ $$ /      $$ /  $$ |$$ / $$ / $$ |$$ |  $$ |$$ |
$$ |  $$ |$$ |\$  /$$ |$$ |      $$ |      $$ |  $$ |$$ | $$ | $$ |$$ |  $$ |$$ |
$$ |  $$ |$$ | \_/ $$ |$$ |      \$$$$$$$\ \$$$$$$  |$$ | $$ | $$ |$$$$$$$  |$$ |
\__|  \__|\__|     \__|\__|       \_______| \______/ \__| \__| \__|\_______/ \__|

<--AMP_database> = /work3/josne/github/bacass/assets/databases/amp_DRAMP_database is found and will be used
MMseqs2 directory already exists in /work3/josne/github/bacass/assets/databases/amp_DRAMP_database.

 ########################################################## 
Processing AMP-files from sample: S4077
found macrel file
found ampir file
found amplify file
No InterproScan files were provided. Workflow continuing ....
The fasta containing AMP sequences for S4077 was saved to S4077/ 

The mmseqs alignment for S4077 in progress ....
No AMP hits for S4077 were successfully aligned to the reference database. Consider changing the database.
The mmseqs alignment for S4077 was saved to S4077/.
Estimating functional and structural properties for S4077 ....
Parsing the corresponding gene bank file for S4077 ....
writing S4077_contig_1.gbk
writing S4077_contig_1.gbk
writing S4077_contig_1.gbk
writing S4077_contig_1.gbk
writing S4077_contig_1.gbk
writing S4077_contig_1.gbk
writing S4077_contig_2.gbk
writing S4077_contig_2.gbk
writing S4077_contig_2.gbk
writing S4077_contig_2.gbk
writing S4077_contig_3.gbk
writing S4077_contig_5.gbk
writing S4077_contig_5.gbk
writing S4077_contig_5.gbk
writing S4077_contig_5.gbk
writing S4077_contig_6.gbk
writing S4077_contig_9.gbk
writing S4077_contig_11.gbk
writing S4077_contig_17.gbk
writing S4077_contig_19.gbk
writing S4077_contig_27.gbk
writing S4077_contig_36.gbk
writing S4077_contig_37.gbk
The summary file for S4077 was saved to S4077/S4077.tsv.
Success: 'ampcombi parse_tables' completed successfully ! Now run ampcombi complete !

=== Sample 281/301: S4078 ===

 $$$$$$\  $$\      $$\ $$$$$$$\                                    $$\       $$\|
$$  __$$\ $$$\    $$$ |$$  __$$\                                   $$ |      \__|
$ /   $$ |$$$$\  $$$$ |$$ |  $$ | $$$$$$$\  $$$$$$\  $$$$$$\$$$$\  $$$$$$$\  $$\ 
$$$$$$$$ |$$\$$\$$ $$ |$$$$$$$  |$$  _____|$$  __$$\ $$  _$$  _$$\ $$  __$$\ $$ |
$$  __$$ |$$ \$$$  $$ |$$  ____/ $$ /      $$ /  $$ |$$ / $$ / $$ |$$ |  $$ |$$ |
$$ |  $$ |$$ |\$  /$$ |$$ |      $$ |      $$ |  $$ |$$ | $$ | $$ |$$ |  $$ |$$ |
$$ |  $$ |$$ | \_/ $$ |$$ |      \$$$$$$$\ \$$$$$$  |$$ | $$ | $$ |$$$$$$$  |$$ |
\__|  \__|\__|     \__|\__|       \_______| \______/ \__| \__| \__|\_______/ \__|

<--AMP_database> = /work3/josne/github/bacass/assets/databases/amp_DRAMP_database is found and will be used
MMseqs2 directory already exists in /work3/josne/github/bacass/assets/databases/amp_DRAMP_database.

 ########################################################## 
Processing AMP-files from sample: S4078
found macrel file
found ampir file
found amplify file
No InterproScan files were provided. Workflow continuing ....
The fasta containing AMP sequences for S4078 was saved to S4078/ 

The mmseqs alignment for S4078 in progress ....
No AMP hits for S4078 were successfully aligned to the reference database. Consider changing the database.
The mmseqs alignment for S4078 was saved to S4078/.
Estimating functional and structural properties for S4078 ....
Parsing the corresponding gene bank file for S4078 ....
writing S4078_contig_1.gbk
writing S4078_contig_1.gbk
writing S4078_contig_1.gbk
writing S4078_contig_2.gbk
writing S4078_contig_2.gbk
writing S4078_contig_2.gbk
writing S4078_contig_2.gbk
writing S4078_contig_2.gbk
writing S4078_contig_2.gbk
writing S4078_contig_2.gbk
writing S4078_contig_3.gbk
writing S4078_contig_3.gbk
writing S4078_contig_3.gbk
writing S4078_contig_3.gbk
writing S4078_contig_3.gbk
writing S4078_contig_4.gbk
writing S4078_contig_4.gbk
writing S4078_contig_4.gbk
writing S4078_contig_4.gbk
writing S4078_contig_4.gbk
writing S4078_contig_5.gbk
writing S4078_contig_5.gbk
writing S4078_contig_9.gbk
writing S4078_contig_10.gbk
writing S4078_contig_13.gbk
writing S4078_contig_13.gbk
writing S4078_contig_14.gbk
writing S4078_contig_16.gbk
writing S4078_contig_16.gbk
writing S4078_contig_16.gbk
writing S4078_contig_17.gbk
writing S4078_contig_21.gbk
writing S4078_contig_23.gbk
writing S4078_contig_24.gbk
writing S4078_contig_25.gbk
writing S4078_contig_40.gbk
writing S4078_contig_41.gbk
writing S4078_contig_70.gbk
The summary file for S4078 was saved to S4078/S4078.tsv.
Success: 'ampcombi parse_tables' completed successfully ! Now run ampcombi complete !

=== Sample 282/301: S4202 ===

 $$$$$$\  $$\      $$\ $$$$$$$\                                    $$\       $$\|
$$  __$$\ $$$\    $$$ |$$  __$$\                                   $$ |      \__|
$ /   $$ |$$$$\  $$$$ |$$ |  $$ | $$$$$$$\  $$$$$$\  $$$$$$\$$$$\  $$$$$$$\  $$\ 
$$$$$$$$ |$$\$$\$$ $$ |$$$$$$$  |$$  _____|$$  __$$\ $$  _$$  _$$\ $$  __$$\ $$ |
$$  __$$ |$$ \$$$  $$ |$$  ____/ $$ /      $$ /  $$ |$$ / $$ / $$ |$$ |  $$ |$$ |
$$ |  $$ |$$ |\$  /$$ |$$ |      $$ |      $$ |  $$ |$$ | $$ | $$ |$$ |  $$ |$$ |
$$ |  $$ |$$ | \_/ $$ |$$ |      \$$$$$$$\ \$$$$$$  |$$ | $$ | $$ |$$$$$$$  |$$ |
\__|  \__|\__|     \__|\__|       \_______| \______/ \__| \__| \__|\_______/ \__|

<--AMP_database> = /work3/josne/github/bacass/assets/databases/amp_DRAMP_database is found and will be used
MMseqs2 directory already exists in /work3/josne/github/bacass/assets/databases/amp_DRAMP_database.

 ########################################################## 
Processing AMP-files from sample: S4202
found macrel file
found ampir file
found amplify file
No InterproScan files were provided. Workflow continuing ....
The fasta containing AMP sequences for S4202 was saved to S4202/ 

The mmseqs alignment for S4202 in progress ....
No AMP hits for S4202 were successfully aligned to the reference database. Consider changing the database.
The mmseqs alignment for S4202 was saved to S4202/.
Estimating functional and structural properties for S4202 ....
Parsing the corresponding gene bank file for S4202 ....
writing S4202_contig_1.gbk
writing S4202_contig_1.gbk
writing S4202_contig_1.gbk
writing S4202_contig_1.gbk
writing S4202_contig_1.gbk
writing S4202_contig_1.gbk
writing S4202_contig_1.gbk
writing S4202_contig_1.gbk
writing S4202_contig_1.gbk
writing S4202_contig_1.gbk
writing S4202_contig_1.gbk
writing S4202_contig_1.gbk
writing S4202_contig_1.gbk
writing S4202_contig_1.gbk
writing S4202_contig_1.gbk
writing S4202_contig_3.gbk
writing S4202_contig_3.gbk
writing S4202_contig_4.gbk
writing S4202_contig_4.gbk
writing S4202_contig_4.gbk
writing S4202_contig_5.gbk
writing S4202_contig_6.gbk
writing S4202_contig_6.gbk
writing S4202_contig_7.gbk
writing S4202_contig_8.gbk
The summary file for S4202 was saved to S4202/S4202.tsv.
Success: 'ampcombi parse_tables' completed successfully ! Now run ampcombi complete !

=== Sample 283/301: S4225 ===

 $$$$$$\  $$\      $$\ $$$$$$$\                                    $$\       $$\|
$$  __$$\ $$$\    $$$ |$$  __$$\                                   $$ |      \__|
$ /   $$ |$$$$\  $$$$ |$$ |  $$ | $$$$$$$\  $$$$$$\  $$$$$$\$$$$\  $$$$$$$\  $$\ 
$$$$$$$$ |$$\$$\$$ $$ |$$$$$$$  |$$  _____|$$  __$$\ $$  _$$  _$$\ $$  __$$\ $$ |
$$  __$$ |$$ \$$$  $$ |$$  ____/ $$ /      $$ /  $$ |$$ / $$ / $$ |$$ |  $$ |$$ |
$$ |  $$ |$$ |\$  /$$ |$$ |      $$ |      $$ |  $$ |$$ | $$ | $$ |$$ |  $$ |$$ |
$$ |  $$ |$$ | \_/ $$ |$$ |      \$$$$$$$\ \$$$$$$  |$$ | $$ | $$ |$$$$$$$  |$$ |
\__|  \__|\__|     \__|\__|       \_______| \______/ \__| \__| \__|\_______/ \__|

<--AMP_database> = /work3/josne/github/bacass/assets/databases/amp_DRAMP_database is found and will be used
MMseqs2 directory already exists in /work3/josne/github/bacass/assets/databases/amp_DRAMP_database.

 ########################################################## 
Processing AMP-files from sample: S4225
found macrel file
found ampir file
found amplify file
No InterproScan files were provided. Workflow continuing ....
The fasta containing AMP sequences for S4225 was saved to S4225/ 

The mmseqs alignment for S4225 in progress ....
No AMP hits for S4225 were successfully aligned to the reference database. Consider changing the database.
The mmseqs alignment for S4225 was saved to S4225/.
Estimating functional and structural properties for S4225 ....
Parsing the corresponding gene bank file for S4225 ....
writing S4225_contig_1.gbk
writing S4225_contig_1.gbk
writing S4225_contig_1.gbk
writing S4225_contig_1.gbk
writing S4225_contig_1.gbk
writing S4225_contig_1.gbk
writing S4225_contig_1.gbk
writing S4225_contig_2.gbk
writing S4225_contig_2.gbk
writing S4225_contig_2.gbk
writing S4225_contig_2.gbk
writing S4225_contig_2.gbk
writing S4225_contig_2.gbk
writing S4225_contig_2.gbk
writing S4225_contig_3.gbk
writing S4225_contig_3.gbk
writing S4225_contig_3.gbk
writing S4225_contig_4.gbk
writing S4225_contig_4.gbk
writing S4225_contig_4.gbk
writing S4225_contig_5.gbk
writing S4225_contig_6.gbk
writing S4225_contig_6.gbk
writing S4225_contig_6.gbk
writing S4225_contig_8.gbk
writing S4225_contig_9.gbk
writing S4225_contig_10.gbk
writing S4225_contig_20.gbk
writing S4225_contig_22.gbk
writing S4225_contig_23.gbk
writing S4225_contig_23.gbk
The summary file for S4225 was saved to S4225/S4225.tsv.
Success: 'ampcombi parse_tables' completed successfully ! Now run ampcombi complete !

=== Sample 284/301: S4228 ===

 $$$$$$\  $$\      $$\ $$$$$$$\                                    $$\       $$\|
$$  __$$\ $$$\    $$$ |$$  __$$\                                   $$ |      \__|
$ /   $$ |$$$$\  $$$$ |$$ |  $$ | $$$$$$$\  $$$$$$\  $$$$$$\$$$$\  $$$$$$$\  $$\ 
$$$$$$$$ |$$\$$\$$ $$ |$$$$$$$  |$$  _____|$$  __$$\ $$  _$$  _$$\ $$  __$$\ $$ |
$$  __$$ |$$ \$$$  $$ |$$  ____/ $$ /      $$ /  $$ |$$ / $$ / $$ |$$ |  $$ |$$ |
$$ |  $$ |$$ |\$  /$$ |$$ |      $$ |      $$ |  $$ |$$ | $$ | $$ |$$ |  $$ |$$ |
$$ |  $$ |$$ | \_/ $$ |$$ |      \$$$$$$$\ \$$$$$$  |$$ | $$ | $$ |$$$$$$$  |$$ |
\__|  \__|\__|     \__|\__|       \_______| \______/ \__| \__| \__|\_______/ \__|

<--AMP_database> = /work3/josne/github/bacass/assets/databases/amp_DRAMP_database is found and will be used
MMseqs2 directory already exists in /work3/josne/github/bacass/assets/databases/amp_DRAMP_database.

 ########################################################## 
Processing AMP-files from sample: S4228
found macrel file
found ampir file
found amplify file
No InterproScan files were provided. Workflow continuing ....
The fasta containing AMP sequences for S4228 was saved to S4228/ 

The mmseqs alignment for S4228 in progress ....
No AMP hits for S4228 were successfully aligned to the reference database. Consider changing the database.
The mmseqs alignment for S4228 was saved to S4228/.
Estimating functional and structural properties for S4228 ....
Parsing the corresponding gene bank file for S4228 ....
writing S4228_contig_1.gbk
writing S4228_contig_1.gbk
writing S4228_contig_1.gbk
writing S4228_contig_1.gbk
writing S4228_contig_1.gbk
writing S4228_contig_2.gbk
writing S4228_contig_2.gbk
writing S4228_contig_3.gbk
writing S4228_contig_5.gbk
writing S4228_contig_5.gbk
writing S4228_contig_5.gbk
writing S4228_contig_6.gbk
writing S4228_contig_6.gbk
writing S4228_contig_7.gbk
writing S4228_contig_7.gbk
writing S4228_contig_8.gbk
writing S4228_contig_8.gbk
writing S4228_contig_8.gbk
writing S4228_contig_8.gbk
writing S4228_contig_8.gbk
writing S4228_contig_9.gbk
writing S4228_contig_10.gbk
writing S4228_contig_13.gbk
writing S4228_contig_15.gbk
writing S4228_contig_17.gbk
writing S4228_contig_17.gbk
writing S4228_contig_22.gbk
writing S4228_contig_26.gbk
The summary file for S4228 was saved to S4228/S4228.tsv.
Success: 'ampcombi parse_tables' completed successfully ! Now run ampcombi complete !

=== Sample 285/301: S4235 ===

 $$$$$$\  $$\      $$\ $$$$$$$\                                    $$\       $$\|
$$  __$$\ $$$\    $$$ |$$  __$$\                                   $$ |      \__|
$ /   $$ |$$$$\  $$$$ |$$ |  $$ | $$$$$$$\  $$$$$$\  $$$$$$\$$$$\  $$$$$$$\  $$\ 
$$$$$$$$ |$$\$$\$$ $$ |$$$$$$$  |$$  _____|$$  __$$\ $$  _$$  _$$\ $$  __$$\ $$ |
$$  __$$ |$$ \$$$  $$ |$$  ____/ $$ /      $$ /  $$ |$$ / $$ / $$ |$$ |  $$ |$$ |
$$ |  $$ |$$ |\$  /$$ |$$ |      $$ |      $$ |  $$ |$$ | $$ | $$ |$$ |  $$ |$$ |
$$ |  $$ |$$ | \_/ $$ |$$ |      \$$$$$$$\ \$$$$$$  |$$ | $$ | $$ |$$$$$$$  |$$ |
\__|  \__|\__|     \__|\__|       \_______| \______/ \__| \__| \__|\_______/ \__|

<--AMP_database> = /work3/josne/github/bacass/assets/databases/amp_DRAMP_database is found and will be used
MMseqs2 directory already exists in /work3/josne/github/bacass/assets/databases/amp_DRAMP_database.

 ########################################################## 
Processing AMP-files from sample: S4235
found macrel file
found ampir file
found amplify file
No InterproScan files were provided. Workflow continuing ....
The fasta containing AMP sequences for S4235 was saved to S4235/ 

The mmseqs alignment for S4235 in progress ....
No AMP hits for S4235 were successfully aligned to the reference database. Consider changing the database.
The mmseqs alignment for S4235 was saved to S4235/.
Estimating functional and structural properties for S4235 ....
Parsing the corresponding gene bank file for S4235 ....
writing S4235_contig_1.gbk
writing S4235_contig_1.gbk
writing S4235_contig_1.gbk
writing S4235_contig_1.gbk
writing S4235_contig_3.gbk
writing S4235_contig_4.gbk
writing S4235_contig_4.gbk
writing S4235_contig_4.gbk
writing S4235_contig_4.gbk
writing S4235_contig_4.gbk
writing S4235_contig_5.gbk
writing S4235_contig_5.gbk
writing S4235_contig_7.gbk
writing S4235_contig_7.gbk
writing S4235_contig_8.gbk
writing S4235_contig_9.gbk
writing S4235_contig_10.gbk
writing S4235_contig_10.gbk
writing S4235_contig_10.gbk
writing S4235_contig_14.gbk
writing S4235_contig_14.gbk
writing S4235_contig_18.gbk
writing S4235_contig_18.gbk
writing S4235_contig_22.gbk
writing S4235_contig_25.gbk
writing S4235_contig_25.gbk
writing S4235_contig_26.gbk
The summary file for S4235 was saved to S4235/S4235.tsv.
Success: 'ampcombi parse_tables' completed successfully ! Now run ampcombi complete !

=== Sample 286/301: S4309 ===

 $$$$$$\  $$\      $$\ $$$$$$$\                                    $$\       $$\|
$$  __$$\ $$$\    $$$ |$$  __$$\                                   $$ |      \__|
$ /   $$ |$$$$\  $$$$ |$$ |  $$ | $$$$$$$\  $$$$$$\  $$$$$$\$$$$\  $$$$$$$\  $$\ 
$$$$$$$$ |$$\$$\$$ $$ |$$$$$$$  |$$  _____|$$  __$$\ $$  _$$  _$$\ $$  __$$\ $$ |
$$  __$$ |$$ \$$$  $$ |$$  ____/ $$ /      $$ /  $$ |$$ / $$ / $$ |$$ |  $$ |$$ |
$$ |  $$ |$$ |\$  /$$ |$$ |      $$ |      $$ |  $$ |$$ | $$ | $$ |$$ |  $$ |$$ |
$$ |  $$ |$$ | \_/ $$ |$$ |      \$$$$$$$\ \$$$$$$  |$$ | $$ | $$ |$$$$$$$  |$$ |
\__|  \__|\__|     \__|\__|       \_______| \______/ \__| \__| \__|\_______/ \__|

<--AMP_database> = /work3/josne/github/bacass/assets/databases/amp_DRAMP_database is found and will be used
MMseqs2 directory already exists in /work3/josne/github/bacass/assets/databases/amp_DRAMP_database.

 ########################################################## 
Processing AMP-files from sample: S4309
found macrel file
found ampir file
found amplify file
No InterproScan files were provided. Workflow continuing ....
The fasta containing AMP sequences for S4309 was saved to S4309/ 

The mmseqs alignment for S4309 in progress ....
No AMP hits for S4309 were successfully aligned to the reference database. Consider changing the database.
The mmseqs alignment for S4309 was saved to S4309/.
Estimating functional and structural properties for S4309 ....
Parsing the corresponding gene bank file for S4309 ....
writing S4309_contig_1.gbk
writing S4309_contig_1.gbk
writing S4309_contig_1.gbk
writing S4309_contig_1.gbk
writing S4309_contig_1.gbk
writing S4309_contig_2.gbk
writing S4309_contig_3.gbk
writing S4309_contig_3.gbk
writing S4309_contig_4.gbk
writing S4309_contig_5.gbk
writing S4309_contig_5.gbk
writing S4309_contig_7.gbk
writing S4309_contig_10.gbk
writing S4309_contig_13.gbk
writing S4309_contig_15.gbk
writing S4309_contig_20.gbk
writing S4309_contig_21.gbk
writing S4309_contig_29.gbk
The summary file for S4309 was saved to S4309/S4309.tsv.
Success: 'ampcombi parse_tables' completed successfully ! Now run ampcombi complete !

=== Sample 287/301: S4497 ===

 $$$$$$\  $$\      $$\ $$$$$$$\                                    $$\       $$\|
$$  __$$\ $$$\    $$$ |$$  __$$\                                   $$ |      \__|
$ /   $$ |$$$$\  $$$$ |$$ |  $$ | $$$$$$$\  $$$$$$\  $$$$$$\$$$$\  $$$$$$$\  $$\ 
$$$$$$$$ |$$\$$\$$ $$ |$$$$$$$  |$$  _____|$$  __$$\ $$  _$$  _$$\ $$  __$$\ $$ |
$$  __$$ |$$ \$$$  $$ |$$  ____/ $$ /      $$ /  $$ |$$ / $$ / $$ |$$ |  $$ |$$ |
$$ |  $$ |$$ |\$  /$$ |$$ |      $$ |      $$ |  $$ |$$ | $$ | $$ |$$ |  $$ |$$ |
$$ |  $$ |$$ | \_/ $$ |$$ |      \$$$$$$$\ \$$$$$$  |$$ | $$ | $$ |$$$$$$$  |$$ |
\__|  \__|\__|     \__|\__|       \_______| \______/ \__| \__| \__|\_______/ \__|

<--AMP_database> = /work3/josne/github/bacass/assets/databases/amp_DRAMP_database is found and will be used
MMseqs2 directory already exists in /work3/josne/github/bacass/assets/databases/amp_DRAMP_database.

 ########################################################## 
Processing AMP-files from sample: S4497
found macrel file
found ampir file
found amplify file
No InterproScan files were provided. Workflow continuing ....
The fasta containing AMP sequences for S4497 was saved to S4497/ 

The mmseqs alignment for S4497 in progress ....
No AMP hits for S4497 were successfully aligned to the reference database. Consider changing the database.
The mmseqs alignment for S4497 was saved to S4497/.
Estimating functional and structural properties for S4497 ....
Parsing the corresponding gene bank file for S4497 ....
writing S4497_contig_1.gbk
writing S4497_contig_2.gbk
writing S4497_contig_2.gbk
writing S4497_contig_2.gbk
writing S4497_contig_3.gbk
writing S4497_contig_4.gbk
writing S4497_contig_4.gbk
writing S4497_contig_4.gbk
writing S4497_contig_5.gbk
writing S4497_contig_5.gbk
writing S4497_contig_5.gbk
writing S4497_contig_5.gbk
writing S4497_contig_5.gbk
writing S4497_contig_7.gbk
writing S4497_contig_7.gbk
writing S4497_contig_9.gbk
writing S4497_contig_9.gbk
writing S4497_contig_11.gbk
writing S4497_contig_11.gbk
writing S4497_contig_13.gbk
writing S4497_contig_14.gbk
writing S4497_contig_15.gbk
writing S4497_contig_15.gbk
writing S4497_contig_17.gbk
writing S4497_contig_22.gbk
writing S4497_contig_27.gbk
writing S4497_contig_31.gbk
writing S4497_contig_35.gbk
writing S4497_contig_38.gbk
writing S4497_contig_41.gbk
writing S4497_contig_43.gbk
writing S4497_contig_49.gbk
writing S4497_contig_49.gbk
writing S4497_contig_61.gbk
writing S4497_contig_63.gbk
writing S4497_contig_74.gbk
The summary file for S4497 was saved to S4497/S4497.tsv.
Success: 'ampcombi parse_tables' completed successfully ! Now run ampcombi complete !

=== Sample 288/301: S4634 ===

 $$$$$$\  $$\      $$\ $$$$$$$\                                    $$\       $$\|
$$  __$$\ $$$\    $$$ |$$  __$$\                                   $$ |      \__|
$ /   $$ |$$$$\  $$$$ |$$ |  $$ | $$$$$$$\  $$$$$$\  $$$$$$\$$$$\  $$$$$$$\  $$\ 
$$$$$$$$ |$$\$$\$$ $$ |$$$$$$$  |$$  _____|$$  __$$\ $$  _$$  _$$\ $$  __$$\ $$ |
$$  __$$ |$$ \$$$  $$ |$$  ____/ $$ /      $$ /  $$ |$$ / $$ / $$ |$$ |  $$ |$$ |
$$ |  $$ |$$ |\$  /$$ |$$ |      $$ |      $$ |  $$ |$$ | $$ | $$ |$$ |  $$ |$$ |
$$ |  $$ |$$ | \_/ $$ |$$ |      \$$$$$$$\ \$$$$$$  |$$ | $$ | $$ |$$$$$$$  |$$ |
\__|  \__|\__|     \__|\__|       \_______| \______/ \__| \__| \__|\_______/ \__|

<--AMP_database> = /work3/josne/github/bacass/assets/databases/amp_DRAMP_database is found and will be used
MMseqs2 directory already exists in /work3/josne/github/bacass/assets/databases/amp_DRAMP_database.

 ########################################################## 
Processing AMP-files from sample: S4634
found macrel file
found ampir file
found amplify file
No InterproScan files were provided. Workflow continuing ....
The fasta containing AMP sequences for S4634 was saved to S4634/ 

The mmseqs alignment for S4634 in progress ....
No AMP hits for S4634 were successfully aligned to the reference database. Consider changing the database.
The mmseqs alignment for S4634 was saved to S4634/.
Estimating functional and structural properties for S4634 ....
Parsing the corresponding gene bank file for S4634 ....
writing S4634_contig_1.gbk
writing S4634_contig_1.gbk
writing S4634_contig_2.gbk
writing S4634_contig_2.gbk
writing S4634_contig_2.gbk
writing S4634_contig_2.gbk
writing S4634_contig_2.gbk
writing S4634_contig_2.gbk
writing S4634_contig_2.gbk
writing S4634_contig_3.gbk
writing S4634_contig_3.gbk
writing S4634_contig_3.gbk
writing S4634_contig_3.gbk
writing S4634_contig_3.gbk
writing S4634_contig_4.gbk
writing S4634_contig_4.gbk
writing S4634_contig_4.gbk
writing S4634_contig_4.gbk
writing S4634_contig_4.gbk
writing S4634_contig_4.gbk
writing S4634_contig_4.gbk
writing S4634_contig_4.gbk
writing S4634_contig_4.gbk
writing S4634_contig_5.gbk
writing S4634_contig_5.gbk
writing S4634_contig_6.gbk
writing S4634_contig_6.gbk
writing S4634_contig_6.gbk
writing S4634_contig_6.gbk
writing S4634_contig_9.gbk
writing S4634_contig_10.gbk
writing S4634_contig_11.gbk
writing S4634_contig_11.gbk
writing S4634_contig_15.gbk
writing S4634_contig_16.gbk
writing S4634_contig_18.gbk
The summary file for S4634 was saved to S4634/S4634.tsv.
Success: 'ampcombi parse_tables' completed successfully ! Now run ampcombi complete !

=== Sample 289/301: S4635 ===

 $$$$$$\  $$\      $$\ $$$$$$$\                                    $$\       $$\|
$$  __$$\ $$$\    $$$ |$$  __$$\                                   $$ |      \__|
$ /   $$ |$$$$\  $$$$ |$$ |  $$ | $$$$$$$\  $$$$$$\  $$$$$$\$$$$\  $$$$$$$\  $$\ 
$$$$$$$$ |$$\$$\$$ $$ |$$$$$$$  |$$  _____|$$  __$$\ $$  _$$  _$$\ $$  __$$\ $$ |
$$  __$$ |$$ \$$$  $$ |$$  ____/ $$ /      $$ /  $$ |$$ / $$ / $$ |$$ |  $$ |$$ |
$$ |  $$ |$$ |\$  /$$ |$$ |      $$ |      $$ |  $$ |$$ | $$ | $$ |$$ |  $$ |$$ |
$$ |  $$ |$$ | \_/ $$ |$$ |      \$$$$$$$\ \$$$$$$  |$$ | $$ | $$ |$$$$$$$  |$$ |
\__|  \__|\__|     \__|\__|       \_______| \______/ \__| \__| \__|\_______/ \__|

<--AMP_database> = /work3/josne/github/bacass/assets/databases/amp_DRAMP_database is found and will be used
MMseqs2 directory already exists in /work3/josne/github/bacass/assets/databases/amp_DRAMP_database.

 ########################################################## 
Processing AMP-files from sample: S4635
found macrel file
found ampir file
found amplify file
No InterproScan files were provided. Workflow continuing ....
The fasta containing AMP sequences for S4635 was saved to S4635/ 

The mmseqs alignment for S4635 in progress ....
No AMP hits for S4635 were successfully aligned to the reference database. Consider changing the database.
The mmseqs alignment for S4635 was saved to S4635/.
Estimating functional and structural properties for S4635 ....
Parsing the corresponding gene bank file for S4635 ....
writing S4635_contig_1.gbk
writing S4635_contig_1.gbk
writing S4635_contig_1.gbk
writing S4635_contig_1.gbk
writing S4635_contig_1.gbk
writing S4635_contig_1.gbk
writing S4635_contig_2.gbk
writing S4635_contig_2.gbk
writing S4635_contig_2.gbk
writing S4635_contig_2.gbk
writing S4635_contig_2.gbk
writing S4635_contig_2.gbk
writing S4635_contig_3.gbk
writing S4635_contig_3.gbk
writing S4635_contig_3.gbk
writing S4635_contig_4.gbk
writing S4635_contig_4.gbk
writing S4635_contig_4.gbk
writing S4635_contig_5.gbk
writing S4635_contig_5.gbk
writing S4635_contig_5.gbk
writing S4635_contig_5.gbk
writing S4635_contig_5.gbk
writing S4635_contig_7.gbk
writing S4635_contig_8.gbk
writing S4635_contig_9.gbk
writing S4635_contig_10.gbk
writing S4635_contig_12.gbk
The summary file for S4635 was saved to S4635/S4635.tsv.
Success: 'ampcombi parse_tables' completed successfully ! Now run ampcombi complete !

=== Sample 290/301: S4636 ===

 $$$$$$\  $$\      $$\ $$$$$$$\                                    $$\       $$\|
$$  __$$\ $$$\    $$$ |$$  __$$\                                   $$ |      \__|
$ /   $$ |$$$$\  $$$$ |$$ |  $$ | $$$$$$$\  $$$$$$\  $$$$$$\$$$$\  $$$$$$$\  $$\ 
$$$$$$$$ |$$\$$\$$ $$ |$$$$$$$  |$$  _____|$$  __$$\ $$  _$$  _$$\ $$  __$$\ $$ |
$$  __$$ |$$ \$$$  $$ |$$  ____/ $$ /      $$ /  $$ |$$ / $$ / $$ |$$ |  $$ |$$ |
$$ |  $$ |$$ |\$  /$$ |$$ |      $$ |      $$ |  $$ |$$ | $$ | $$ |$$ |  $$ |$$ |
$$ |  $$ |$$ | \_/ $$ |$$ |      \$$$$$$$\ \$$$$$$  |$$ | $$ | $$ |$$$$$$$  |$$ |
\__|  \__|\__|     \__|\__|       \_______| \______/ \__| \__| \__|\_______/ \__|

<--AMP_database> = /work3/josne/github/bacass/assets/databases/amp_DRAMP_database is found and will be used
MMseqs2 directory already exists in /work3/josne/github/bacass/assets/databases/amp_DRAMP_database.

 ########################################################## 
Processing AMP-files from sample: S4636
found macrel file
found ampir file
found amplify file
No InterproScan files were provided. Workflow continuing ....
The fasta containing AMP sequences for S4636 was saved to S4636/ 

The mmseqs alignment for S4636 in progress ....
No AMP hits for S4636 were successfully aligned to the reference database. Consider changing the database.
The mmseqs alignment for S4636 was saved to S4636/.
Estimating functional and structural properties for S4636 ....
Parsing the corresponding gene bank file for S4636 ....
writing S4636_contig_1.gbk
writing S4636_contig_1.gbk
writing S4636_contig_1.gbk
writing S4636_contig_1.gbk
writing S4636_contig_1.gbk
writing S4636_contig_1.gbk
writing S4636_contig_2.gbk
writing S4636_contig_2.gbk
writing S4636_contig_2.gbk
writing S4636_contig_2.gbk
writing S4636_contig_2.gbk
writing S4636_contig_2.gbk
writing S4636_contig_3.gbk
writing S4636_contig_3.gbk
writing S4636_contig_3.gbk
writing S4636_contig_4.gbk
writing S4636_contig_4.gbk
writing S4636_contig_5.gbk
writing S4636_contig_5.gbk
writing S4636_contig_5.gbk
writing S4636_contig_5.gbk
writing S4636_contig_5.gbk
writing S4636_contig_7.gbk
writing S4636_contig_8.gbk
writing S4636_contig_9.gbk
writing S4636_contig_10.gbk
writing S4636_contig_12.gbk
writing S4636_contig_13.gbk
The summary file for S4636 was saved to S4636/S4636.tsv.
Success: 'ampcombi parse_tables' completed successfully ! Now run ampcombi complete !

=== Sample 291/301: S4638 ===

 $$$$$$\  $$\      $$\ $$$$$$$\                                    $$\       $$\|
$$  __$$\ $$$\    $$$ |$$  __$$\                                   $$ |      \__|
$ /   $$ |$$$$\  $$$$ |$$ |  $$ | $$$$$$$\  $$$$$$\  $$$$$$\$$$$\  $$$$$$$\  $$\ 
$$$$$$$$ |$$\$$\$$ $$ |$$$$$$$  |$$  _____|$$  __$$\ $$  _$$  _$$\ $$  __$$\ $$ |
$$  __$$ |$$ \$$$  $$ |$$  ____/ $$ /      $$ /  $$ |$$ / $$ / $$ |$$ |  $$ |$$ |
$$ |  $$ |$$ |\$  /$$ |$$ |      $$ |      $$ |  $$ |$$ | $$ | $$ |$$ |  $$ |$$ |
$$ |  $$ |$$ | \_/ $$ |$$ |      \$$$$$$$\ \$$$$$$  |$$ | $$ | $$ |$$$$$$$  |$$ |
\__|  \__|\__|     \__|\__|       \_______| \______/ \__| \__| \__|\_______/ \__|

<--AMP_database> = /work3/josne/github/bacass/assets/databases/amp_DRAMP_database is found and will be used
MMseqs2 directory already exists in /work3/josne/github/bacass/assets/databases/amp_DRAMP_database.

 ########################################################## 
Processing AMP-files from sample: S4638
found macrel file
found ampir file
found amplify file
No InterproScan files were provided. Workflow continuing ....
The fasta containing AMP sequences for S4638 was saved to S4638/ 

The mmseqs alignment for S4638 in progress ....
No AMP hits for S4638 were successfully aligned to the reference database. Consider changing the database.
The mmseqs alignment for S4638 was saved to S4638/.
Estimating functional and structural properties for S4638 ....
Parsing the corresponding gene bank file for S4638 ....
writing S4638_contig_1.gbk
writing S4638_contig_1.gbk
writing S4638_contig_1.gbk
writing S4638_contig_1.gbk
writing S4638_contig_1.gbk
writing S4638_contig_1.gbk
writing S4638_contig_2.gbk
writing S4638_contig_2.gbk
writing S4638_contig_2.gbk
writing S4638_contig_2.gbk
writing S4638_contig_2.gbk
writing S4638_contig_2.gbk
writing S4638_contig_2.gbk
writing S4638_contig_3.gbk
writing S4638_contig_3.gbk
writing S4638_contig_3.gbk
writing S4638_contig_3.gbk
writing S4638_contig_5.gbk
writing S4638_contig_5.gbk
writing S4638_contig_8.gbk
writing S4638_contig_8.gbk
writing S4638_contig_9.gbk
writing S4638_contig_9.gbk
writing S4638_contig_9.gbk
writing S4638_contig_10.gbk
writing S4638_contig_10.gbk
writing S4638_contig_10.gbk
writing S4638_contig_11.gbk
writing S4638_contig_12.gbk
writing S4638_contig_14.gbk
writing S4638_contig_16.gbk
writing S4638_contig_18.gbk
writing S4638_contig_20.gbk
writing S4638_contig_21.gbk
The summary file for S4638 was saved to S4638/S4638.tsv.
Success: 'ampcombi parse_tables' completed successfully ! Now run ampcombi complete !

=== Sample 292/301: S4639 ===

 $$$$$$\  $$\      $$\ $$$$$$$\                                    $$\       $$\|
$$  __$$\ $$$\    $$$ |$$  __$$\                                   $$ |      \__|
$ /   $$ |$$$$\  $$$$ |$$ |  $$ | $$$$$$$\  $$$$$$\  $$$$$$\$$$$\  $$$$$$$\  $$\ 
$$$$$$$$ |$$\$$\$$ $$ |$$$$$$$  |$$  _____|$$  __$$\ $$  _$$  _$$\ $$  __$$\ $$ |
$$  __$$ |$$ \$$$  $$ |$$  ____/ $$ /      $$ /  $$ |$$ / $$ / $$ |$$ |  $$ |$$ |
$$ |  $$ |$$ |\$  /$$ |$$ |      $$ |      $$ |  $$ |$$ | $$ | $$ |$$ |  $$ |$$ |
$$ |  $$ |$$ | \_/ $$ |$$ |      \$$$$$$$\ \$$$$$$  |$$ | $$ | $$ |$$$$$$$  |$$ |
\__|  \__|\__|     \__|\__|       \_______| \______/ \__| \__| \__|\_______/ \__|

<--AMP_database> = /work3/josne/github/bacass/assets/databases/amp_DRAMP_database is found and will be used
MMseqs2 directory already exists in /work3/josne/github/bacass/assets/databases/amp_DRAMP_database.

 ########################################################## 
Processing AMP-files from sample: S4639
found macrel file
found ampir file
found amplify file
No InterproScan files were provided. Workflow continuing ....
The fasta containing AMP sequences for S4639 was saved to S4639/ 

The mmseqs alignment for S4639 in progress ....
No AMP hits for S4639 were successfully aligned to the reference database. Consider changing the database.
The mmseqs alignment for S4639 was saved to S4639/.
Estimating functional and structural properties for S4639 ....
Parsing the corresponding gene bank file for S4639 ....
writing S4639_contig_1.gbk
writing S4639_contig_2.gbk
writing S4639_contig_2.gbk
writing S4639_contig_2.gbk
writing S4639_contig_3.gbk
writing S4639_contig_3.gbk
writing S4639_contig_4.gbk
writing S4639_contig_7.gbk
writing S4639_contig_8.gbk
writing S4639_contig_10.gbk
writing S4639_contig_10.gbk
writing S4639_contig_10.gbk
writing S4639_contig_11.gbk
writing S4639_contig_12.gbk
writing S4639_contig_13.gbk
writing S4639_contig_14.gbk
writing S4639_contig_15.gbk
writing S4639_contig_18.gbk
writing S4639_contig_19.gbk
writing S4639_contig_21.gbk
writing S4639_contig_23.gbk
The summary file for S4639 was saved to S4639/S4639.tsv.
Success: 'ampcombi parse_tables' completed successfully ! Now run ampcombi complete !

=== Sample 293/301: S4640 ===

 $$$$$$\  $$\      $$\ $$$$$$$\                                    $$\       $$\|
$$  __$$\ $$$\    $$$ |$$  __$$\                                   $$ |      \__|
$ /   $$ |$$$$\  $$$$ |$$ |  $$ | $$$$$$$\  $$$$$$\  $$$$$$\$$$$\  $$$$$$$\  $$\ 
$$$$$$$$ |$$\$$\$$ $$ |$$$$$$$  |$$  _____|$$  __$$\ $$  _$$  _$$\ $$  __$$\ $$ |
$$  __$$ |$$ \$$$  $$ |$$  ____/ $$ /      $$ /  $$ |$$ / $$ / $$ |$$ |  $$ |$$ |
$$ |  $$ |$$ |\$  /$$ |$$ |      $$ |      $$ |  $$ |$$ | $$ | $$ |$$ |  $$ |$$ |
$$ |  $$ |$$ | \_/ $$ |$$ |      \$$$$$$$\ \$$$$$$  |$$ | $$ | $$ |$$$$$$$  |$$ |
\__|  \__|\__|     \__|\__|       \_______| \______/ \__| \__| \__|\_______/ \__|

<--AMP_database> = /work3/josne/github/bacass/assets/databases/amp_DRAMP_database is found and will be used
MMseqs2 directory already exists in /work3/josne/github/bacass/assets/databases/amp_DRAMP_database.

 ########################################################## 
Processing AMP-files from sample: S4640
found macrel file
found ampir file
found amplify file
No InterproScan files were provided. Workflow continuing ....
The fasta containing AMP sequences for S4640 was saved to S4640/ 

The mmseqs alignment for S4640 in progress ....
No AMP hits for S4640 were successfully aligned to the reference database. Consider changing the database.
The mmseqs alignment for S4640 was saved to S4640/.
Estimating functional and structural properties for S4640 ....
Parsing the corresponding gene bank file for S4640 ....
writing S4640_contig_1.gbk
writing S4640_contig_2.gbk
writing S4640_contig_2.gbk
writing S4640_contig_2.gbk
writing S4640_contig_3.gbk
writing S4640_contig_3.gbk
writing S4640_contig_5.gbk
writing S4640_contig_7.gbk
writing S4640_contig_8.gbk
writing S4640_contig_10.gbk
writing S4640_contig_10.gbk
writing S4640_contig_10.gbk
writing S4640_contig_11.gbk
writing S4640_contig_11.gbk
writing S4640_contig_12.gbk
writing S4640_contig_13.gbk
writing S4640_contig_14.gbk
writing S4640_contig_15.gbk
writing S4640_contig_17.gbk
writing S4640_contig_18.gbk
writing S4640_contig_20.gbk
The summary file for S4640 was saved to S4640/S4640.tsv.
Success: 'ampcombi parse_tables' completed successfully ! Now run ampcombi complete !

=== Sample 294/301: S4733 ===

 $$$$$$\  $$\      $$\ $$$$$$$\                                    $$\       $$\|
$$  __$$\ $$$\    $$$ |$$  __$$\                                   $$ |      \__|
$ /   $$ |$$$$\  $$$$ |$$ |  $$ | $$$$$$$\  $$$$$$\  $$$$$$\$$$$\  $$$$$$$\  $$\ 
$$$$$$$$ |$$\$$\$$ $$ |$$$$$$$  |$$  _____|$$  __$$\ $$  _$$  _$$\ $$  __$$\ $$ |
$$  __$$ |$$ \$$$  $$ |$$  ____/ $$ /      $$ /  $$ |$$ / $$ / $$ |$$ |  $$ |$$ |
$$ |  $$ |$$ |\$  /$$ |$$ |      $$ |      $$ |  $$ |$$ | $$ | $$ |$$ |  $$ |$$ |
$$ |  $$ |$$ | \_/ $$ |$$ |      \$$$$$$$\ \$$$$$$  |$$ | $$ | $$ |$$$$$$$  |$$ |
\__|  \__|\__|     \__|\__|       \_______| \______/ \__| \__| \__|\_______/ \__|

<--AMP_database> = /work3/josne/github/bacass/assets/databases/amp_DRAMP_database is found and will be used
MMseqs2 directory already exists in /work3/josne/github/bacass/assets/databases/amp_DRAMP_database.

 ########################################################## 
Processing AMP-files from sample: S4733
found macrel file
found ampir file
found amplify file
No InterproScan files were provided. Workflow continuing ....
The fasta containing AMP sequences for S4733 was saved to S4733/ 

The mmseqs alignment for S4733 in progress ....
No AMP hits for S4733 were successfully aligned to the reference database. Consider changing the database.
The mmseqs alignment for S4733 was saved to S4733/.
Estimating functional and structural properties for S4733 ....
Parsing the corresponding gene bank file for S4733 ....
writing S4733_contig_1.gbk
writing S4733_contig_2.gbk
writing S4733_contig_2.gbk
writing S4733_contig_4.gbk
writing S4733_contig_5.gbk
writing S4733_contig_5.gbk
writing S4733_contig_5.gbk
writing S4733_contig_5.gbk
writing S4733_contig_5.gbk
writing S4733_contig_5.gbk
writing S4733_contig_7.gbk
writing S4733_contig_7.gbk
writing S4733_contig_7.gbk
writing S4733_contig_8.gbk
writing S4733_contig_10.gbk
writing S4733_contig_10.gbk
writing S4733_contig_14.gbk
writing S4733_contig_14.gbk
writing S4733_contig_15.gbk
writing S4733_contig_16.gbk
writing S4733_contig_16.gbk
writing S4733_contig_18.gbk
writing S4733_contig_20.gbk
writing S4733_contig_20.gbk
writing S4733_contig_23.gbk
writing S4733_contig_25.gbk
writing S4733_contig_26.gbk
writing S4733_contig_28.gbk
writing S4733_contig_29.gbk
writing S4733_contig_30.gbk
writing S4733_contig_33.gbk
writing S4733_contig_39.gbk
writing S4733_contig_43.gbk
writing S4733_contig_46.gbk
writing S4733_contig_51.gbk
writing S4733_contig_61.gbk
writing S4733_contig_68.gbk
writing S4733_contig_71.gbk
writing S4733_contig_90.gbk
writing S4733_contig_91.gbk
The summary file for S4733 was saved to S4733/S4733.tsv.
Success: 'ampcombi parse_tables' completed successfully ! Now run ampcombi complete !

=== Sample 295/301: S4734 ===

 $$$$$$\  $$\      $$\ $$$$$$$\                                    $$\       $$\|
$$  __$$\ $$$\    $$$ |$$  __$$\                                   $$ |      \__|
$ /   $$ |$$$$\  $$$$ |$$ |  $$ | $$$$$$$\  $$$$$$\  $$$$$$\$$$$\  $$$$$$$\  $$\ 
$$$$$$$$ |$$\$$\$$ $$ |$$$$$$$  |$$  _____|$$  __$$\ $$  _$$  _$$\ $$  __$$\ $$ |
$$  __$$ |$$ \$$$  $$ |$$  ____/ $$ /      $$ /  $$ |$$ / $$ / $$ |$$ |  $$ |$$ |
$$ |  $$ |$$ |\$  /$$ |$$ |      $$ |      $$ |  $$ |$$ | $$ | $$ |$$ |  $$ |$$ |
$$ |  $$ |$$ | \_/ $$ |$$ |      \$$$$$$$\ \$$$$$$  |$$ | $$ | $$ |$$$$$$$  |$$ |
\__|  \__|\__|     \__|\__|       \_______| \______/ \__| \__| \__|\_______/ \__|

<--AMP_database> = /work3/josne/github/bacass/assets/databases/amp_DRAMP_database is found and will be used
MMseqs2 directory already exists in /work3/josne/github/bacass/assets/databases/amp_DRAMP_database.

 ########################################################## 
Processing AMP-files from sample: S4734
found macrel file
found ampir file
found amplify file
No InterproScan files were provided. Workflow continuing ....
The fasta containing AMP sequences for S4734 was saved to S4734/ 

The mmseqs alignment for S4734 in progress ....
No AMP hits for S4734 were successfully aligned to the reference database. Consider changing the database.
The mmseqs alignment for S4734 was saved to S4734/.
Estimating functional and structural properties for S4734 ....
Parsing the corresponding gene bank file for S4734 ....
writing S4734_contig_1.gbk
writing S4734_contig_2.gbk
writing S4734_contig_2.gbk
writing S4734_contig_3.gbk
writing S4734_contig_4.gbk
writing S4734_contig_4.gbk
writing S4734_contig_4.gbk
writing S4734_contig_4.gbk
writing S4734_contig_4.gbk
writing S4734_contig_4.gbk
writing S4734_contig_6.gbk
writing S4734_contig_6.gbk
writing S4734_contig_6.gbk
writing S4734_contig_7.gbk
writing S4734_contig_10.gbk
writing S4734_contig_10.gbk
writing S4734_contig_14.gbk
writing S4734_contig_14.gbk
writing S4734_contig_15.gbk
writing S4734_contig_16.gbk
writing S4734_contig_16.gbk
writing S4734_contig_18.gbk
writing S4734_contig_19.gbk
writing S4734_contig_19.gbk
writing S4734_contig_22.gbk
writing S4734_contig_24.gbk
writing S4734_contig_25.gbk
writing S4734_contig_26.gbk
writing S4734_contig_27.gbk
writing S4734_contig_28.gbk
writing S4734_contig_29.gbk
writing S4734_contig_42.gbk
writing S4734_contig_45.gbk
writing S4734_contig_47.gbk
writing S4734_contig_48.gbk
writing S4734_contig_52.gbk
writing S4734_contig_63.gbk
writing S4734_contig_79.gbk
writing S4734_contig_99.gbk
writing S4734_contig_100.gbk
The summary file for S4734 was saved to S4734/S4734.tsv.
Success: 'ampcombi parse_tables' completed successfully ! Now run ampcombi complete !

=== Sample 296/301: S4735 ===

 $$$$$$\  $$\      $$\ $$$$$$$\                                    $$\       $$\|
$$  __$$\ $$$\    $$$ |$$  __$$\                                   $$ |      \__|
$ /   $$ |$$$$\  $$$$ |$$ |  $$ | $$$$$$$\  $$$$$$\  $$$$$$\$$$$\  $$$$$$$\  $$\ 
$$$$$$$$ |$$\$$\$$ $$ |$$$$$$$  |$$  _____|$$  __$$\ $$  _$$  _$$\ $$  __$$\ $$ |
$$  __$$ |$$ \$$$  $$ |$$  ____/ $$ /      $$ /  $$ |$$ / $$ / $$ |$$ |  $$ |$$ |
$$ |  $$ |$$ |\$  /$$ |$$ |      $$ |      $$ |  $$ |$$ | $$ | $$ |$$ |  $$ |$$ |
$$ |  $$ |$$ | \_/ $$ |$$ |      \$$$$$$$\ \$$$$$$  |$$ | $$ | $$ |$$$$$$$  |$$ |
\__|  \__|\__|     \__|\__|       \_______| \______/ \__| \__| \__|\_______/ \__|

<--AMP_database> = /work3/josne/github/bacass/assets/databases/amp_DRAMP_database is found and will be used
MMseqs2 directory already exists in /work3/josne/github/bacass/assets/databases/amp_DRAMP_database.

 ########################################################## 
Processing AMP-files from sample: S4735
found macrel file
found ampir file
found amplify file
No InterproScan files were provided. Workflow continuing ....
The fasta containing AMP sequences for S4735 was saved to S4735/ 

The mmseqs alignment for S4735 in progress ....
No AMP hits for S4735 were successfully aligned to the reference database. Consider changing the database.
The mmseqs alignment for S4735 was saved to S4735/.
Estimating functional and structural properties for S4735 ....
Parsing the corresponding gene bank file for S4735 ....
writing S4735_contig_1.gbk
writing S4735_contig_1.gbk
writing S4735_contig_1.gbk
writing S4735_contig_1.gbk
writing S4735_contig_1.gbk
writing S4735_contig_1.gbk
writing S4735_contig_2.gbk
writing S4735_contig_2.gbk
writing S4735_contig_2.gbk
writing S4735_contig_2.gbk
writing S4735_contig_2.gbk
writing S4735_contig_2.gbk
writing S4735_contig_2.gbk
writing S4735_contig_2.gbk
writing S4735_contig_3.gbk
writing S4735_contig_3.gbk
writing S4735_contig_3.gbk
writing S4735_contig_3.gbk
writing S4735_contig_3.gbk
writing S4735_contig_3.gbk
writing S4735_contig_3.gbk
writing S4735_contig_4.gbk
writing S4735_contig_4.gbk
writing S4735_contig_4.gbk
writing S4735_contig_7.gbk
writing S4735_contig_7.gbk
writing S4735_contig_7.gbk
writing S4735_contig_7.gbk
writing S4735_contig_8.gbk
writing S4735_contig_9.gbk
writing S4735_contig_10.gbk
writing S4735_contig_11.gbk
writing S4735_contig_14.gbk
writing S4735_contig_15.gbk
writing S4735_contig_19.gbk
The summary file for S4735 was saved to S4735/S4735.tsv.
Success: 'ampcombi parse_tables' completed successfully ! Now run ampcombi complete !

=== Sample 297/301: S4736 ===

 $$$$$$\  $$\      $$\ $$$$$$$\                                    $$\       $$\|
$$  __$$\ $$$\    $$$ |$$  __$$\                                   $$ |      \__|
$ /   $$ |$$$$\  $$$$ |$$ |  $$ | $$$$$$$\  $$$$$$\  $$$$$$\$$$$\  $$$$$$$\  $$\ 
$$$$$$$$ |$$\$$\$$ $$ |$$$$$$$  |$$  _____|$$  __$$\ $$  _$$  _$$\ $$  __$$\ $$ |
$$  __$$ |$$ \$$$  $$ |$$  ____/ $$ /      $$ /  $$ |$$ / $$ / $$ |$$ |  $$ |$$ |
$$ |  $$ |$$ |\$  /$$ |$$ |      $$ |      $$ |  $$ |$$ | $$ | $$ |$$ |  $$ |$$ |
$$ |  $$ |$$ | \_/ $$ |$$ |      \$$$$$$$\ \$$$$$$  |$$ | $$ | $$ |$$$$$$$  |$$ |
\__|  \__|\__|     \__|\__|       \_______| \______/ \__| \__| \__|\_______/ \__|

<--AMP_database> = /work3/josne/github/bacass/assets/databases/amp_DRAMP_database is found and will be used
MMseqs2 directory already exists in /work3/josne/github/bacass/assets/databases/amp_DRAMP_database.

 ########################################################## 
Processing AMP-files from sample: S4736
found macrel file
found ampir file
found amplify file
No InterproScan files were provided. Workflow continuing ....
The fasta containing AMP sequences for S4736 was saved to S4736/ 

The mmseqs alignment for S4736 in progress ....
No AMP hits for S4736 were successfully aligned to the reference database. Consider changing the database.
The mmseqs alignment for S4736 was saved to S4736/.
Estimating functional and structural properties for S4736 ....
Parsing the corresponding gene bank file for S4736 ....
writing S4736_contig_1.gbk
writing S4736_contig_1.gbk
writing S4736_contig_1.gbk
writing S4736_contig_1.gbk
writing S4736_contig_1.gbk
writing S4736_contig_2.gbk
writing S4736_contig_2.gbk
writing S4736_contig_2.gbk
writing S4736_contig_3.gbk
writing S4736_contig_3.gbk
writing S4736_contig_3.gbk
writing S4736_contig_3.gbk
writing S4736_contig_3.gbk
writing S4736_contig_4.gbk
writing S4736_contig_4.gbk
writing S4736_contig_7.gbk
writing S4736_contig_7.gbk
writing S4736_contig_7.gbk
writing S4736_contig_7.gbk
writing S4736_contig_7.gbk
writing S4736_contig_8.gbk
writing S4736_contig_10.gbk
writing S4736_contig_10.gbk
writing S4736_contig_11.gbk
writing S4736_contig_12.gbk
writing S4736_contig_12.gbk
writing S4736_contig_12.gbk
writing S4736_contig_13.gbk
writing S4736_contig_14.gbk
writing S4736_contig_14.gbk
writing S4736_contig_14.gbk
writing S4736_contig_14.gbk
writing S4736_contig_18.gbk
writing S4736_contig_21.gbk
writing S4736_contig_24.gbk
writing S4736_contig_27.gbk
writing S4736_contig_30.gbk
The summary file for S4736 was saved to S4736/S4736.tsv.
Success: 'ampcombi parse_tables' completed successfully ! Now run ampcombi complete !

=== Sample 298/301: S4737 ===

 $$$$$$\  $$\      $$\ $$$$$$$\                                    $$\       $$\|
$$  __$$\ $$$\    $$$ |$$  __$$\                                   $$ |      \__|
$ /   $$ |$$$$\  $$$$ |$$ |  $$ | $$$$$$$\  $$$$$$\  $$$$$$\$$$$\  $$$$$$$\  $$\ 
$$$$$$$$ |$$\$$\$$ $$ |$$$$$$$  |$$  _____|$$  __$$\ $$  _$$  _$$\ $$  __$$\ $$ |
$$  __$$ |$$ \$$$  $$ |$$  ____/ $$ /      $$ /  $$ |$$ / $$ / $$ |$$ |  $$ |$$ |
$$ |  $$ |$$ |\$  /$$ |$$ |      $$ |      $$ |  $$ |$$ | $$ | $$ |$$ |  $$ |$$ |
$$ |  $$ |$$ | \_/ $$ |$$ |      \$$$$$$$\ \$$$$$$  |$$ | $$ | $$ |$$$$$$$  |$$ |
\__|  \__|\__|     \__|\__|       \_______| \______/ \__| \__| \__|\_______/ \__|

<--AMP_database> = /work3/josne/github/bacass/assets/databases/amp_DRAMP_database is found and will be used
MMseqs2 directory already exists in /work3/josne/github/bacass/assets/databases/amp_DRAMP_database.

 ########################################################## 
Processing AMP-files from sample: S4737
found macrel file
found ampir file
found amplify file
No InterproScan files were provided. Workflow continuing ....
The fasta containing AMP sequences for S4737 was saved to S4737/ 

The mmseqs alignment for S4737 in progress ....
No AMP hits for S4737 were successfully aligned to the reference database. Consider changing the database.
The mmseqs alignment for S4737 was saved to S4737/.
Estimating functional and structural properties for S4737 ....
Parsing the corresponding gene bank file for S4737 ....
writing S4737_contig_1.gbk
writing S4737_contig_1.gbk
writing S4737_contig_2.gbk
writing S4737_contig_2.gbk
writing S4737_contig_2.gbk
writing S4737_contig_2.gbk
writing S4737_contig_3.gbk
writing S4737_contig_3.gbk
writing S4737_contig_6.gbk
writing S4737_contig_6.gbk
writing S4737_contig_6.gbk
writing S4737_contig_6.gbk
writing S4737_contig_6.gbk
writing S4737_contig_7.gbk
writing S4737_contig_7.gbk
writing S4737_contig_8.gbk
writing S4737_contig_8.gbk
writing S4737_contig_8.gbk
writing S4737_contig_8.gbk
writing S4737_contig_8.gbk
writing S4737_contig_8.gbk
writing S4737_contig_9.gbk
writing S4737_contig_9.gbk
writing S4737_contig_15.gbk
writing S4737_contig_15.gbk
writing S4737_contig_21.gbk
writing S4737_contig_27.gbk
writing S4737_contig_31.gbk
The summary file for S4737 was saved to S4737/S4737.tsv.
Success: 'ampcombi parse_tables' completed successfully ! Now run ampcombi complete !

=== Sample 299/301: S4738 ===

 $$$$$$\  $$\      $$\ $$$$$$$\                                    $$\       $$\|
$$  __$$\ $$$\    $$$ |$$  __$$\                                   $$ |      \__|
$ /   $$ |$$$$\  $$$$ |$$ |  $$ | $$$$$$$\  $$$$$$\  $$$$$$\$$$$\  $$$$$$$\  $$\ 
$$$$$$$$ |$$\$$\$$ $$ |$$$$$$$  |$$  _____|$$  __$$\ $$  _$$  _$$\ $$  __$$\ $$ |
$$  __$$ |$$ \$$$  $$ |$$  ____/ $$ /      $$ /  $$ |$$ / $$ / $$ |$$ |  $$ |$$ |
$$ |  $$ |$$ |\$  /$$ |$$ |      $$ |      $$ |  $$ |$$ | $$ | $$ |$$ |  $$ |$$ |
$$ |  $$ |$$ | \_/ $$ |$$ |      \$$$$$$$\ \$$$$$$  |$$ | $$ | $$ |$$$$$$$  |$$ |
\__|  \__|\__|     \__|\__|       \_______| \______/ \__| \__| \__|\_______/ \__|

<--AMP_database> = /work3/josne/github/bacass/assets/databases/amp_DRAMP_database is found and will be used
MMseqs2 directory already exists in /work3/josne/github/bacass/assets/databases/amp_DRAMP_database.

 ########################################################## 
Processing AMP-files from sample: S4738
found macrel file
found ampir file
found amplify file
No InterproScan files were provided. Workflow continuing ....
The fasta containing AMP sequences for S4738 was saved to S4738/ 

The mmseqs alignment for S4738 in progress ....
No AMP hits for S4738 were successfully aligned to the reference database. Consider changing the database.
The mmseqs alignment for S4738 was saved to S4738/.
Estimating functional and structural properties for S4738 ....
Parsing the corresponding gene bank file for S4738 ....
writing S4738_contig_1.gbk
writing S4738_contig_1.gbk
writing S4738_contig_1.gbk
writing S4738_contig_1.gbk
writing S4738_contig_1.gbk
writing S4738_contig_1.gbk
writing S4738_contig_1.gbk
writing S4738_contig_1.gbk
writing S4738_contig_1.gbk
writing S4738_contig_2.gbk
writing S4738_contig_2.gbk
writing S4738_contig_2.gbk
writing S4738_contig_2.gbk
writing S4738_contig_2.gbk
writing S4738_contig_2.gbk
writing S4738_contig_2.gbk
writing S4738_contig_2.gbk
writing S4738_contig_3.gbk
writing S4738_contig_3.gbk
writing S4738_contig_3.gbk
writing S4738_contig_4.gbk
writing S4738_contig_4.gbk
writing S4738_contig_8.gbk
writing S4738_contig_8.gbk
writing S4738_contig_9.gbk
writing S4738_contig_9.gbk
writing S4738_contig_10.gbk
writing S4738_contig_10.gbk
writing S4738_contig_11.gbk
writing S4738_contig_18.gbk
writing S4738_contig_21.gbk
The summary file for S4738 was saved to S4738/S4738.tsv.
Success: 'ampcombi parse_tables' completed successfully ! Now run ampcombi complete !

=== Sample 300/301: S4739 ===

 $$$$$$\  $$\      $$\ $$$$$$$\                                    $$\       $$\|
$$  __$$\ $$$\    $$$ |$$  __$$\                                   $$ |      \__|
$ /   $$ |$$$$\  $$$$ |$$ |  $$ | $$$$$$$\  $$$$$$\  $$$$$$\$$$$\  $$$$$$$\  $$\ 
$$$$$$$$ |$$\$$\$$ $$ |$$$$$$$  |$$  _____|$$  __$$\ $$  _$$  _$$\ $$  __$$\ $$ |
$$  __$$ |$$ \$$$  $$ |$$  ____/ $$ /      $$ /  $$ |$$ / $$ / $$ |$$ |  $$ |$$ |
$$ |  $$ |$$ |\$  /$$ |$$ |      $$ |      $$ |  $$ |$$ | $$ | $$ |$$ |  $$ |$$ |
$$ |  $$ |$$ | \_/ $$ |$$ |      \$$$$$$$\ \$$$$$$  |$$ | $$ | $$ |$$$$$$$  |$$ |
\__|  \__|\__|     \__|\__|       \_______| \______/ \__| \__| \__|\_______/ \__|

<--AMP_database> = /work3/josne/github/bacass/assets/databases/amp_DRAMP_database is found and will be used
MMseqs2 directory already exists in /work3/josne/github/bacass/assets/databases/amp_DRAMP_database.

 ########################################################## 
Processing AMP-files from sample: S4739
found macrel file
found ampir file
found amplify file
No InterproScan files were provided. Workflow continuing ....
The fasta containing AMP sequences for S4739 was saved to S4739/ 

The mmseqs alignment for S4739 in progress ....
No AMP hits for S4739 were successfully aligned to the reference database. Consider changing the database.
The mmseqs alignment for S4739 was saved to S4739/.
Estimating functional and structural properties for S4739 ....
Parsing the corresponding gene bank file for S4739 ....
writing S4739_contig_1.gbk
writing S4739_contig_1.gbk
writing S4739_contig_1.gbk
writing S4739_contig_1.gbk
writing S4739_contig_1.gbk
writing S4739_contig_1.gbk
writing S4739_contig_1.gbk
writing S4739_contig_1.gbk
writing S4739_contig_1.gbk
writing S4739_contig_1.gbk
writing S4739_contig_1.gbk
writing S4739_contig_2.gbk
writing S4739_contig_2.gbk
writing S4739_contig_2.gbk
writing S4739_contig_2.gbk
writing S4739_contig_3.gbk
writing S4739_contig_3.gbk
writing S4739_contig_3.gbk
writing S4739_contig_3.gbk
writing S4739_contig_3.gbk
writing S4739_contig_3.gbk
writing S4739_contig_3.gbk
writing S4739_contig_4.gbk
writing S4739_contig_4.gbk
writing S4739_contig_7.gbk
writing S4739_contig_7.gbk
writing S4739_contig_10.gbk
writing S4739_contig_10.gbk
writing S4739_contig_11.gbk
writing S4739_contig_13.gbk
writing S4739_contig_18.gbk
writing S4739_contig_19.gbk
writing S4739_contig_27.gbk
writing S4739_contig_28.gbk
writing S4739_contig_28.gbk
writing S4739_contig_30.gbk
writing S4739_contig_30.gbk
The summary file for S4739 was saved to S4739/S4739.tsv.
Success: 'ampcombi parse_tables' completed successfully ! Now run ampcombi complete !

=== Sample 301/301: S4740 ===

 $$$$$$\  $$\      $$\ $$$$$$$\                                    $$\       $$\|
$$  __$$\ $$$\    $$$ |$$  __$$\                                   $$ |      \__|
$ /   $$ |$$$$\  $$$$ |$$ |  $$ | $$$$$$$\  $$$$$$\  $$$$$$\$$$$\  $$$$$$$\  $$\ 
$$$$$$$$ |$$\$$\$$ $$ |$$$$$$$  |$$  _____|$$  __$$\ $$  _$$  _$$\ $$  __$$\ $$ |
$$  __$$ |$$ \$$$  $$ |$$  ____/ $$ /      $$ /  $$ |$$ / $$ / $$ |$$ |  $$ |$$ |
$$ |  $$ |$$ |\$  /$$ |$$ |      $$ |      $$ |  $$ |$$ | $$ | $$ |$$ |  $$ |$$ |
$$ |  $$ |$$ | \_/ $$ |$$ |      \$$$$$$$\ \$$$$$$  |$$ | $$ | $$ |$$$$$$$  |$$ |
\__|  \__|\__|     \__|\__|       \_______| \______/ \__| \__| \__|\_______/ \__|

<--AMP_database> = /work3/josne/github/bacass/assets/databases/amp_DRAMP_database is found and will be used
MMseqs2 directory already exists in /work3/josne/github/bacass/assets/databases/amp_DRAMP_database.

 ########################################################## 
Processing AMP-files from sample: S4740
found macrel file
found ampir file
found amplify file
No InterproScan files were provided. Workflow continuing ....
The fasta containing AMP sequences for S4740 was saved to S4740/ 

The mmseqs alignment for S4740 in progress ....
No AMP hits for S4740 were successfully aligned to the reference database. Consider changing the database.
The mmseqs alignment for S4740 was saved to S4740/.
Estimating functional and structural properties for S4740 ....
Parsing the corresponding gene bank file for S4740 ....
writing S4740_contig_1.gbk
writing S4740_contig_1.gbk
writing S4740_contig_1.gbk
writing S4740_contig_1.gbk
writing S4740_contig_1.gbk
writing S4740_contig_1.gbk
writing S4740_contig_1.gbk
writing S4740_contig_2.gbk
writing S4740_contig_2.gbk
writing S4740_contig_3.gbk
writing S4740_contig_4.gbk
writing S4740_contig_4.gbk
writing S4740_contig_6.gbk
writing S4740_contig_6.gbk
writing S4740_contig_7.gbk
writing S4740_contig_7.gbk
writing S4740_contig_7.gbk
writing S4740_contig_10.gbk
writing S4740_contig_12.gbk
writing S4740_contig_13.gbk
writing S4740_contig_13.gbk
writing S4740_contig_14.gbk
writing S4740_contig_15.gbk
writing S4740_contig_18.gbk
writing S4740_contig_19.gbk
writing S4740_contig_19.gbk
writing S4740_contig_19.gbk
writing S4740_contig_21.gbk
writing S4740_contig_22.gbk
writing S4740_contig_24.gbk
writing S4740_contig_25.gbk
writing S4740_contig_35.gbk
writing S4740_contig_35.gbk
writing S4740_contig_36.gbk
The summary file for S4740 was saved to S4740/S4740.tsv.
Success: 'ampcombi parse_tables' completed successfully ! Now run ampcombi complete !

=== Building corrected Ampcombi_summary.tsv ===

 $$$$$$\  $$\      $$\ $$$$$$$\                                    $$\       $$\|
$$  __$$\ $$$\    $$$ |$$  __$$\                                   $$ |      \__|
$ /   $$ |$$$$\  $$$$ |$$ |  $$ | $$$$$$$\  $$$$$$\  $$$$$$\$$$$\  $$$$$$$\  $$\ 
$$$$$$$$ |$$\$$\$$ $$ |$$$$$$$  |$$  _____|$$  __$$\ $$  _$$  _$$\ $$  __$$\ $$ |
$$  __$$ |$$ \$$$  $$ |$$  ____/ $$ /      $$ /  $$ |$$ / $$ / $$ |$$ |  $$ |$$ |
$$ |  $$ |$$ |\$  /$$ |$$ |      $$ |      $$ |  $$ |$$ | $$ | $$ |$$ |  $$ |$$ |
$$ |  $$ |$$ | \_/ $$ |$$ |      \$$$$$$$\ \$$$$$$  |$$ | $$ | $$ |$$$$$$$  |$$ |
\__|  \__|\__|     \__|\__|       \_______| \______/ \__| \__| \__|\_______/ \__|


 ########################################################## 
AMPcombi will now concatenate all files into Ampcombi_summary.tsv

 DONE: Ampcombi_summary.tsv was saved to your current working directory.
Success: 'ampcombi complete' completed successfully ! Now run ampcombi cluster !

==========================================
Done on Thu Sep  3 03:34:58 CEST 2026
Samples backfilled: 301 / 301 (0 skipped, missing input files)
Corrected per-sample tables: /work3/josne/Projects/Vibrio_Galathea3/vibrio_seq/funcscan_results_merged/reports/ampcombi2_corrected/<sample>/<sample>_ampcombi.tsv
Corrected summary: /work3/josne/Projects/Vibrio_Galathea3/vibrio_seq/funcscan_results_merged/reports/ampcombi2_corrected/Ampcombi_summary.tsv
Original (unpatched) summary left untouched at: /work3/josne/Projects/Vibrio_Galathea3/vibrio_seq/funcscan_results_merged/reports/ampcombi2/Ampcombi_summary.tsv
==========================================

------------------------------------------------------------
Sender: LSF System <lsfadmin@hpc.dtu.dk>
Subject: Job 29300511: <NONAME> in cluster <dcc> Done

Job <NONAME> was submitted from host <n-62-30-8> by user <josne> in cluster <dcc> at Thu Sep  3 02:48:30 2026
Job was executed on host(s) <4*n-62-28-30>, in queue <hpc>, as user <josne> in cluster <dcc> at Thu Sep  3 02:48:32 2026
</zhome/5f/4/228904> was used as the home directory.
</work3/josne/github/bacass> was used as the working directory.
Started at Thu Sep  3 02:48:32 2026
Terminated at Thu Sep  3 03:34:58 2026
Results reported at Thu Sep  3 03:34:58 2026

Your job looked like:

------------------------------------------------------------
# LSBATCH: User input
/work3/josne/github/bacass/run_ampcombi_macrel_backfill.sh /work3/josne/Projects/Vibrio_Galathea3/vibrio_seq/Bacass_results_merged /work3/josne/Projects/Vibrio_Galathea3/vibrio_seq/funcscan_results_merged 4
------------------------------------------------------------

Successfully completed.

Resource usage summary:

    CPU time :                                   3081.07 sec.
    Max Memory :                                 82 MB
    Average Memory :                             63.43 MB
    Total Requested Memory :                     16384.00 MB
    Delta Memory :                               16302.00 MB
    Max Swap :                                   -
    Max Processes :                              6
    Max Threads :                                9
    Run time :                                   2786 sec.
    Turnaround time :                            2788 sec.

The output (if any) is above this job summary.



PS:

Read file </work3/josne/github/bacass/ampcombi_macrel_backfill_29300511.err> for stderr output of this job.

